ISO2,ISO3,COUNTRY,REGION,LDC,LLDC,SIDS,YEAR,POP,POP_RANK,POP_PERCENTILE,PIP,PIP_RANK,PIP_PERCENTILE,IP,IP_1,IP_2,IP_3,IP_4,IP_5,IP_6,PEP,PEP_RANK,PEP_PERCENTILE,EP,EP_1,EP_2,EP_3,EP_4,POP_R,POP_R_RANK,POP_R_PERCENTILE,PARTY_CODE,PARTY_NAME
AR,ARG,Argentina,South America,0,0,0,2000,8.55318594642997,12.0,0.45,9.406475,12.0,0.4761904761904761,30.441666666666663,29.4,45.45,27.3,20.9,29.6,30.0,7.699896892859939,14.0,0.35,24.918760171067763,35.107507880455465,19.77423964769544,13.466666666666669,31.32662648945349,0.309,12.0,0.5,UCR,Radical Civic Union
BB,BRB,Barbados,Caribbean,0,0,1,2000,7.8642884672993,15.0,0.3,5.850908333333333,17.0,0.238095238095238,19.058333333333334,13.799999999999995,21.35,23.700000000000003,12.7,12.8,30.0,9.877668601265269,9.0,0.6,32.174816290766344,27.31191099198118,15.5625,47.333333333333336,38.49152083775087,0.307,13.0,0.4545454545454545,BLP,Barbados Labour Party
BO,BOL,Bolivia,South America,0,1,0,2000,1.8891401649962591,20.0,0.05,2.4053555555555555,19.0,0.1428571428571428,51.17777777777778,43.866666666666674,67.6,31.10000000000001,63.2,51.3,50.0,1.3729247744369626,20.0,0.05,29.211165413552397,56.28388915871045,20.389128171174207,15.733333333333334,24.438310990991585,0.047,22.0,0.0454545454545454,ADN,Nationalist Democratic Action
BR,BRA,Brazil,South America,0,0,0,2000,8.527777751564626,13.0,0.4,7.558125000000001,15.0,0.3333333333333333,34.75000000000001,18.100000000000005,53.0,16.60000000000001,46.0,24.8,50.0,9.497430503129252,10.0,0.55,43.66634714082414,43.9027866278827,33.25452733830481,56.5,41.00807459710907,0.2175,17.0,0.2727272727272727,PSDB,Brazilian Social Democracy Party
CL,CHL,Chile,South America,0,0,0,2000,5.12785325102266,17.0,0.2,2.3705111111111115,20.0,0.0952380952380952,7.622222222222224,4.933333333333337,17.5,5.700000000000003,3.0,4.6,10.0,7.885195390934208,11.0,0.5,25.35432601586562,26.81457313049546,26.53246450331298,23.3,24.770266429654043,0.311,11.0,0.5454545454545454,PPD,Party for Democracy
CO,COL,Colombia,South America,0,0,0,2000,11.16942645813088,8.0,0.65,11.064236111111112,11.0,0.5238095238095238,35.40555555555556,21.33333333333333,58.3,16.400000000000006,38.6,27.800000000000004,50.0,11.274616805150648,8.0,0.65,36.07877377648207,41.72931915390646,14.303954520139072,54.13333333333333,34.148488098549386,0.3125,10.0,0.5909090909090909,PCC,Colombian Conservative Party
CR,CRI,Costa Rica,Central America,0,0,0,2000,10.654345706151757,10.0,0.55,8.917472222222225,13.0,0.4285714285714285,17.763888888888893,4.533333333333341,28.05,5.1000000000000085,12.1,6.800000000000001,50.0,12.391219190081284,6.0,0.75,24.68370356589897,32.14996191806791,20.829972752043595,25.83333333333333,19.921546260151047,0.502,7.0,0.7272727272727273,PUSC,Social Christian Unity Party
NA,CUB,Cuba,Caribbean,0,0,1,2000,,,,,,,,89.23333333333335,,92.1,60.5,84.89999999999999,,,,,,,,,,0.7988000000000001,3.0,0.9090909090909092,PCC,Communist Party of Cuba
DO,DOM,Dominican Republic,Caribbean,0,0,1,2000,10.410578497559268,11.0,0.5,13.902077777777778,9.0,0.6190476190476191,73.94722222222222,67.93333333333334,73.35,82.0,76.7,73.7,70.0,6.919079217340755,16.0,0.25,36.80361285819551,41.35402201533248,10.268645618612751,56.7,38.89178379883681,0.188,19.0,0.1818181818181818,PLD,Dominican Liberation Party
EC,ECU,Ecuador,South America,0,0,0,2000,,,,,,,52.46111111111111,52.56666666666666,66.0,31.5,55.00000000000001,59.7,50.0,,,,33.76772569249664,54.41832791162749,18.033446866485026,30.566666666666663,32.05246132520738,,,,,
SV,SLV,El Salvador,Central America,0,0,0,2000,3.0432700705096325,19.0,0.1,4.6182583333333325,18.0,0.1904761904761904,55.64166666666666,54.1,66.65,55.4,69.3,58.4,30.0,1.4682818076859323,19.0,0.1,17.690142261276293,31.91224319807799,4.825000000000003,15.699999999999998,18.323325847027192,0.083,21.0,0.0909090909090909,ARENA,Nationalist Republican Alliance
GT,GTM,Guatemala,Central America,0,0,0,2000,24.914304532208813,3.0,0.9,32.346516666666666,4.0,0.8571428571428571,53.93333333333334,44.900000000000006,72.2,25.90000000000001,75.4,55.2,50.0,17.48209239775096,3.0,0.9,29.14896606544553,49.6488751676421,6.10779972752043,35.93333333333333,24.905856033286284,0.59975,4.0,0.8636363636363636,FRG,Guatemalan Republican Front
GY,GUY,Guyana,South America,0,0,1,2000,,,,14.421226388888885,7.0,0.7142857142857143,60.213888888888896,48.333333333333336,70.35,67.9,70.7,54.0,50.0,,,,,38.85287433940687,,39.53333333333333,39.11858435091473,0.2394999999999999,16.0,0.3181818181818182,PPP,People's Progressive Party
HT,HTI,Haiti,Haiti,1,0,1,2000,46.50012506203424,2.0,0.95,64.11514999999999,2.0,0.9523809523809524,67.77499999999999,56.79999999999999,80.65,36.0,71.3,71.89999999999999,90.0,28.885100124068504,2.0,0.95,30.533932477873684,40.037470078958776,11.328031335149872,36.2,34.570228497386104,0.946,2.0,0.9545454545454546,FL,Lavalas Family
HN,HND,Honduras,Central America,0,0,0,2000,12.664788052638803,7.0,0.7,17.500981944444444,6.0,0.7619047619047619,69.10555555555555,59.73333333333333,81.4,77.0,79.80000000000001,66.7,50.0,7.828594160833164,12.0,0.45,30.91251396182889,46.011019855654695,17.2308923705722,28.5,31.908143621088637,0.25325,15.0,0.3636363636363636,PLH,Liberal Party of Honduras
JM,JAM,Jamaica,Caribbean,0,0,1,2000,6.487877395575238,16.0,0.25,6.373988888888889,16.0,0.2857142857142857,25.094444444444445,16.866666666666664,40.1,26.5,18.2,18.9,30.0,6.601765902261585,17.0,0.2,25.991204339612537,33.671569200236995,18.2625,25.166666666666668,26.86408149154648,0.254,14.0,0.4090909090909091,PNP,People's National Party
MX,MEX,Mexico,Central America,0,0,0,2000,7.870284075536835,14.0,0.35,7.913244444444444,14.0,0.3809523809523809,38.04444444444445,30.666666666666668,51.3,27.3,35.6,33.4,50.0,7.827323706629228,13.0,0.4,37.63136397417898,46.49585638150084,23.839812380019,50.8,29.389787135196087,0.208,18.0,0.2272727272727272,PRI,Institutional Revolutionary Party
NI,NIC,Nicaragua,Central America,0,0,0,2000,,,,,,,64.74166666666666,57.4,78.15,25.099999999999994,86.3,71.5,70.0,,,,29.1263379767456,41.19722300337639,15.696784235128083,27.3,32.311344668477915,,,,PLC,Constitutionalist Liberal Party
PA,PAN,Panama,Central America,0,0,0,2000,10.841730892616958,9.0,0.6,14.36011388888889,8.0,0.6666666666666666,42.76388888888889,35.333333333333336,49.15,29.200000000000003,48.3,44.6,50.0,7.323347896345026,15.0,0.3,21.80865960793635,39.34652502078847,17.32519314419205,6.933333333333333,23.629586933431547,0.3358,9.0,0.6363636363636364,PPA,Panamenista Party / Authentic Panameñista Party
PY,PRY,Paraguay,South America,0,1,0,2000,20.884013146142514,5.0,0.8,29.09331388888889,5.0,0.8095238095238095,64.68055555555556,45.333333333333336,88.25,30.40000000000001,91.5,62.6,70.0,12.674712403396136,5.0,0.8,28.17855136370862,53.75354475505239,11.211267631186892,20.1,27.6493930685952,0.4498,8.0,0.6818181818181818,ANR-PC,National Republican Association - Colorado Party
PE,PER,Peru,South America,0,0,0,2000,22.852466506699106,4.0,0.85,34.206515277777775,3.0,0.9047619047619048,63.99722222222223,73.33333333333333,62.85,48.6,70.7,78.5,50.0,11.498417735620436,7.0,0.7,21.512474715847404,35.739071559778644,10.430520521961562,17.599999999999998,22.280306781649408,0.5345,6.0,0.7727272727272727,NM,Change 90
SR,SUR,Suriname,South America,0,0,1,2000,,,,,,,29.191666666666663,15.9,55.25,13.299999999999995,20.5,20.200000000000003,50.0,,,,,38.15814490850635,,,,,,,,
TT,TTO,Trinidad y Tobago,Caribbean,0,0,1,2000,13.3756512377581,6.0,0.75,11.740625,10.0,0.5714285714285714,20.069444444444446,16.36666666666667,35.55,19.5,21.1,17.9,10.0,15.0106774755162,4.0,0.85,25.65927773592513,29.304396458271885,28.440667574931883,16.333333333333332,28.55871357716341,0.585,5.0,0.8181818181818182,UNC,United National Congress
UY,URY,Uruguay,South America,0,0,0,2000,3.066086667083632,18.0,0.15,2.055227777777777,21.0,0.0476190476190476,14.37222222222222,7.433333333333333,30.9,7.599999999999994,4.8,5.5,30.0,4.076945556389488,18.0,0.15,28.510108785940474,28.65148946732155,42.2031365010361,19.73333333333333,23.45247584207091,0.143,20.0,0.1363636363636363,PC,Colorado Party
VE,VEN,Venezuela,South America,0,0,0,2000,54.26191491737757,1.0,1.0,72.31073888888889,1.0,1.0,72.74722222222222,72.53333333333335,81.15,70.7,85.3,76.8,50.0,36.21309094586624,1.0,1.0,36.43168103205859,48.5498569829464,33.59734318874486,34.166666666666664,29.41285728987647,0.994,1.0,1.0,MVR,Fifth Republic Movement
AR,ARG,Argentina,South America,0,0,0,2001,8.579928855011145,13.0,0.4,9.3992,11.0,0.5238095238095238,32.63611111111111,27.766666666666666,45.45,22.599999999999994,20.9,29.1,50.0,7.76065771002229,14.0,0.35,26.94672815979962,41.75531544306554,21.080490868389333,11.533333333333331,33.41777299441028,0.288,14.0,0.4090909090909091,UCR,Radical Civic Union
BB,BRB,Barbados,Caribbean,0,0,1,2001,7.460071800632634,14.0,0.35,4.827575,16.0,0.2857142857142857,15.725,13.799999999999995,21.35,23.700000000000003,12.7,12.8,10.0,10.092568601265269,9.0,0.6,32.87481629076635,22.31191099198118,15.5625,47.53333333333333,46.09152083775087,0.307,12.0,0.5,BLP,Barbados Labour Party
BO,BOL,Bolivia,South America,0,1,0,2001,1.9246771770662847,20.0,0.05,2.417105555555556,19.0,0.1428571428571428,51.42777777777778,43.866666666666674,69.1,31.10000000000001,63.2,51.3,50.0,1.4322487985770145,20.0,0.05,30.47337869312797,59.52313934850376,21.379783726203065,14.1,26.89059169780505,0.047,22.0,0.0454545454545454,ADN,Nationalist Democratic Action
BR,BRA,Brazil,South America,0,0,0,2001,8.662650356636584,12.0,0.45,7.652666666666668,13.0,0.4285714285714285,34.66666666666667,18.100000000000005,52.5,16.60000000000001,46.0,24.8,50.0,9.672634046606502,11.0,0.5,43.81714177398189,49.01667637220535,33.25452733830481,56.23333333333333,36.764030052084095,0.22075,17.0,0.2727272727272727,PSDB,Brazilian Social Democracy Party
CL,CHL,Chile,South America,0,0,0,2001,5.059140680471562,17.0,0.2,2.344594444444445,20.0,0.0952380952380952,7.53888888888889,4.933333333333337,17.0,5.700000000000003,3.0,4.6,10.0,7.773686916498678,13.0,0.4,24.99577786655524,32.10525683276753,26.36475962476689,22.53333333333333,18.979761675353192,0.311,11.0,0.5454545454545454,PPD,Party for Democracy
CO,COL,Colombia,South America,0,0,0,2001,10.12159493110694,11.0,0.5,10.55983888888889,10.0,0.5714285714285714,34.82222222222222,21.33333333333333,54.8,16.400000000000006,38.6,27.800000000000004,50.0,9.683350973324988,10.0,0.55,31.931907578977697,45.77679649824279,14.303954520139072,36.1,31.54687929752892,0.30325,13.0,0.4545454545454545,PCC,Colombian Conservative Party
CR,CRI,Costa Rica,Central America,0,0,0,2001,10.86248856075892,10.0,0.55,8.835750000000003,12.0,0.4761904761904761,18.18055555555556,4.533333333333341,30.55,5.1000000000000085,12.1,6.800000000000001,50.0,12.889227121517836,6.0,0.75,26.521043459913244,36.91570141360265,21.85177111716621,25.23333333333333,22.083367975550797,0.486,6.0,0.7727272727272727,PUSC,Social Christian Unity Party
NA,CUB,Cuba,Caribbean,0,0,1,2001,,,,,,,,89.23333333333335,,92.1,60.5,84.89999999999999,,,,,,,,,,0.7962,3.0,0.9090909090909092,PCC,Communist Party of Cuba
DO,DOM,Dominican Republic,Caribbean,0,0,1,2001,18.61529718973759,5.0,0.8,25.89023333333333,5.0,0.8095238095238095,74.39722222222223,68.93333333333334,73.35,85.0,76.7,72.39999999999999,70.0,11.340361046141844,7.0,0.7,32.58724438546507,43.44532504181338,10.268645618612751,40.266666666666666,36.36834021476746,0.348,10.0,0.5909090909090909,PRD,Dominican Revolutionary Party
EC,ECU,Ecuador,South America,0,0,0,2001,,,,,,,55.71111111111111,52.56666666666666,65.5,31.5,55.00000000000001,59.7,70.0,,,,37.59151549196618,57.08782422848429,18.033446866485026,39.36666666666667,35.878124206228726,,,,,
SV,SLV,El Salvador,Central America,0,0,0,2001,3.13092637485259,18.0,0.15,4.814691666666667,18.0,0.1904761904761904,58.00833333333333,53.0,65.15,52.1,69.3,58.5,50.0,1.447161083038513,19.0,0.1,17.435675699259196,33.222844542643735,4.825000000000003,14.133333333333336,17.561524921059714,0.083,20.0,0.1363636363636363,ARENA,Nationalist Republican Alliance
GT,GTM,Guatemala,Central America,0,0,0,2001,23.546610306525498,3.0,0.9,32.013825000000004,3.0,0.9047619047619048,53.85,44.900000000000006,71.7,25.90000000000001,75.4,55.2,50.0,15.079395613050991,3.0,0.9,25.364837027840185,52.85680531816763,6.1028350652086445,18.4,24.099707727984462,0.5945,4.0,0.8636363636363636,FRG,Guatemalan Republican Front
GY,GUY,Guyana,South America,0,0,1,2001,,,,4.826025,17.0,0.238095238095238,59.58055555555555,49.23333333333333,70.35,64.5,70.7,52.7,50.0,,,,,38.85287433940687,,40.333333333333336,38.99358435091473,0.081,21.0,0.0909090909090909,PPP,People's Progressive Party
HT,HTI,Haiti,Haiti,1,0,1,2001,47.70542066047026,2.0,0.95,66.45761,2.0,0.9523809523809524,70.59444444444445,57.26666666666667,85.1,36.0,80.2,75.0,90.0,28.953231320940517,2.0,0.95,30.75550384633579,42.79042221947386,11.328031335149872,35.1,33.80356183071944,0.9414,2.0,0.9545454545454546,FL,Lavalas Family
HN,HND,Honduras,Central America,0,0,0,2001,13.363591593917535,7.0,0.7,19.029511111111116,7.0,0.7142857142857143,72.35555555555555,59.73333333333333,80.9,77.0,79.80000000000001,66.7,70.0,7.697672076723959,15.0,0.3,29.268715120623416,49.56493151510583,13.4808923705722,27.6,26.429036596815635,0.263,15.0,0.3636363636363636,PLH,Liberal Party of Honduras
JM,JAM,Jamaica,Caribbean,0,0,1,2001,7.105422085918953,15.0,0.3,7.220655555555555,14.0,0.3809523809523809,28.427777777777777,16.866666666666664,40.1,26.5,18.2,18.9,50.0,6.99018861628235,16.0,0.25,27.52042762315886,38.687625045700464,18.2625,30.566666666666663,22.564918780268307,0.254,16.0,0.3181818181818182,PNP,People's National Party
MX,MEX,Mexico,Central America,0,0,0,2001,6.130096117000461,16.0,0.25,6.5221888888888895,15.0,0.3333333333333333,39.769444444444446,32.666666666666664,51.55,33.2,37.1,34.1,50.0,5.738003345112031,17.0,0.2,34.98782527507336,51.84621839929283,24.364812380019,43.63333333333333,20.106936987648268,0.164,18.0,0.2272727272727272,PAN,National Action Party
NI,NIC,Nicaragua,Central America,0,0,0,2001,16.51701519526626,6.0,0.75,22.381036111111108,6.0,0.7619047619047619,60.00277777777777,57.36666666666667,68.94999999999999,25.099999999999994,68.89999999999999,69.69999999999999,70.0,10.65299427942141,8.0,0.65,28.56030637914587,43.036994131031776,15.696784235128083,27.133333333333336,28.374113817090283,0.373,8.0,0.6818181818181818,PLC,Constitutionalist Liberal Party
PA,PAN,Panama,Central America,0,0,0,2001,11.59193749537327,9.0,0.6,15.078547222222223,8.0,0.6666666666666666,42.76388888888889,35.333333333333336,49.15,29.200000000000003,48.3,44.6,50.0,8.105327768524313,12.0,0.45,22.98731641668835,41.23748741865752,16.97070844686648,7.233333333333334,26.507736467896063,0.3526,9.0,0.6363636363636364,PPA,Panamenista Party / Authentic Panameñista Party
PY,PRY,Paraguay,South America,0,1,0,2001,22.696657298626413,4.0,0.85,31.116575000000008,4.0,0.8571428571428571,64.2638888888889,45.333333333333336,85.75,30.40000000000001,91.5,62.6,70.0,14.276739597252815,4.0,0.85,29.485211890237125,53.27345915104775,11.443025075313956,25.96666666666667,27.257696667920136,0.4842,7.0,0.7272727272727273,ANR-PC,National Republican Association - Colorado Party
PE,PER,Peru,South America,0,0,0,2001,,,,,,,29.83888888888889,26.433333333333337,34.5,26.3,15.0,26.8,50.0,,,,22.097186143835163,38.796533627861066,9.877356888854171,16.333333333333332,23.38152072529208,,,,AP,Popular Action
SR,SUR,Suriname,South America,0,0,1,2001,,,,,,,29.15833333333333,15.9,55.25,13.299999999999995,20.5,20.0,50.0,,,,,38.15814490850635,,,,,,,,
TT,TTO,Trinidad y Tobago,Caribbean,0,0,1,2001,13.06849903303419,8.0,0.65,12.210213888888893,9.0,0.6190476190476191,23.436111111111117,16.36666666666667,35.55,19.5,21.1,18.1,30.0,13.926784177179488,5.0,0.8,26.730871741227425,35.941160371867305,29.43525488754985,15.866666666666664,25.680405038825874,0.521,5.0,0.8181818181818182,UNC,United National Congress
UY,URY,Uruguay,South America,0,0,0,2001,3.0071453018811285,19.0,0.1,2.0131222222222216,21.0,0.0476190476190476,14.077777777777776,6.566666666666663,30.4,7.599999999999994,4.8,5.1,30.0,4.001168381540036,18.0,0.15,27.980198472307944,33.389616467243194,39.41028610354224,17.7,21.420891318446337,0.143,19.0,0.1818181818181818,PC,Colorado Party
VE,VEN,Venezuela,South America,0,0,0,2001,56.84690094387292,1.0,1.0,74.9006611111111,1.0,1.0,75.35277777777777,71.86666666666666,79.65,68.1,85.3,77.2,70.0,38.79314077663473,1.0,1.0,39.02730460426029,58.99182091660349,33.59734318874486,31.366666666666664,32.153387645026186,0.994,1.0,1.0,MVR,Fifth Republic Movement
AR,ARG,Argentina,South America,0,0,0,2002,18.65651595676351,6.0,0.7619047619047619,20.14335,8.0,0.6818181818181818,34.7,29.1,46.9,23.0,28.8,30.4,50.0,17.169681913527022,3.0,0.9047619047619048,29.577402090485823,43.8628289122015,22.599893641805863,11.9,39.946885807935935,0.5805,5.0,0.8260869565217391,PJ,Justicialist [Peronist] Party
BB,BRB,Barbados,Caribbean,0,0,1,2002,7.080798883965967,14.0,0.3809523809523809,4.827575,18.0,0.2272727272727272,15.725,13.799999999999995,21.35,23.700000000000003,12.7,12.8,10.0,9.334022767931934,10.0,0.5714285714285714,30.40398295743301,22.31191099198118,15.5625,47.9,35.84152083775088,0.307,14.0,0.4347826086956521,BLP,Barbados Labour Party
BO,BOL,Bolivia,South America,0,1,0,2002,1.9890794825979925,21.0,0.0476190476190476,2.5599333333333334,20.0,0.1363636363636363,54.46666666666667,43.6,68.1,31.10000000000001,63.2,50.8,70.0,1.4182256318626514,21.0,0.0476190476190476,30.1750134438862,58.4354648760003,21.379783726203065,16.03333333333333,24.8514718400081,0.047,23.0,0.0434782608695652,ADN,Nationalist Democratic Action
BR,BRA,Brazil,South America,0,0,0,2002,8.188560847011757,12.0,0.4761904761904761,8.215200000000001,12.0,0.5,36.675,18.600000000000005,56.95,16.60000000000001,52.900000000000006,25.0,50.0,8.161921694023512,14.0,0.3809523809523809,36.43715041974782,50.22499218343825,21.36335149863761,40.23333333333333,33.926924663582106,0.224,17.0,0.3043478260869565,PSDB,Brazilian Social Democracy Party
CL,CHL,Chile,South America,0,0,0,2002,4.654021131289817,18.0,0.1904761904761904,2.2150111111111115,21.0,0.0909090909090909,7.122222222222224,4.933333333333337,14.5,5.700000000000003,3.0,4.6,10.0,7.093031151468524,15.0,0.3333333333333333,22.80717412047757,30.326094955892277,26.36475962476689,15.766666666666666,18.77117523458445,0.311,13.0,0.4782608695652174,PPD,Party for Democracy
CO,COL,Colombia,South America,0,0,0,2002,10.216555865964082,11.0,0.5238095238095238,11.268366666666669,10.0,0.5909090909090909,38.32777777777778,21.36666666666667,53.3,18.30000000000001,38.6,28.4,70.0,9.1647450652615,11.0,0.5238095238095238,31.17260226279421,42.419106190943495,14.303954520139072,35.166666666666664,32.80068167342761,0.294,15.0,0.391304347826087,PCC,Colombian Conservative Party
CR,CRI,Costa Rica,Central America,0,0,0,2002,10.341220915939903,10.0,0.5714285714285714,8.427361111111113,11.0,0.5454545454545454,17.93055555555556,4.533333333333341,29.05,5.1000000000000085,12.1,6.800000000000001,50.0,12.255080720768692,7.0,0.7142857142857143,26.07463983142275,34.8522119180679,21.85177111716621,25.266666666666666,22.32790962379022,0.47,8.0,0.6956521739130435,PUSC,Social Christian Unity Party
NA,CUB,Cuba,Caribbean,0,0,1,2002,,,,,,,,89.23333333333335,,92.1,60.5,84.89999999999999,,,,,,,,,,0.7936000000000001,3.0,0.9130434782608696,PCC,Communist Party of Cuba
DO,DOM,Dominican Republic,Caribbean,0,0,1,2002,18.81378462385576,5.0,0.8095238095238095,26.08763888888889,5.0,0.8181818181818182,74.53611111111111,69.26666666666667,73.35,85.0,76.7,72.89999999999999,70.0,11.539930358822629,8.0,0.6666666666666666,32.971229596636086,44.26173392009438,10.176192098092647,42.3,35.14699236835731,0.35,11.0,0.5652173913043478,PRD,Dominican Revolutionary Party
EC,ECU,Ecuador,South America,0,0,0,2002,,,,,,,55.56111111111111,52.56666666666666,64.5,31.5,55.00000000000001,59.8,70.0,,,,37.98085954235187,54.71081203861163,18.033446866485026,45.53333333333333,33.64584593097752,,,,,
SV,SLV,El Salvador,Central America,0,0,0,2002,3.128752936598563,20.0,0.0952380952380952,4.801780555555556,19.0,0.1818181818181818,57.85277777777778,53.06666666666666,64.15,52.1,69.3,58.5,50.0,1.45572531764157,20.0,0.0952380952380952,17.538859248693612,33.35990510283991,4.825000000000003,14.566666666666668,17.40386522526787,0.083,22.0,0.0869565217391304,ARENA,Nationalist Republican Alliance
GT,GTM,Guatemala,Central America,0,0,0,2002,24.29271640685801,4.0,0.8571428571428571,33.68873194444444,3.0,0.9090909090909092,57.172222222222224,44.83333333333334,71.7,25.90000000000001,75.4,55.2,70.0,14.896700869271577,5.0,0.8095238095238095,25.280782128589863,51.161595008911945,8.792495067452421,18.433333333333334,22.735705104661758,0.5892499999999999,4.0,0.8695652173913043,FRG,Guatemalan Republican Front
GY,GUY,Guyana,South America,0,0,1,2002,,,,6.317851666666667,17.0,0.2727272727272727,59.94166666666667,50.0,70.35,64.5,70.7,54.1,50.0,,,,,40.19556858158989,,40.3,29.84358435091473,0.1054,20.0,0.1739130434782608,PPP,People's Progressive Party
HT,HTI,Haiti,Haiti,1,0,1,2002,47.11033403996687,2.0,0.9523809523809524,66.09124,2.0,0.9545454545454546,70.55,57.2,85.1,36.0,80.2,74.8,90.0,28.129428079933756,2.0,0.9523809523809524,30.0271435524485,43.35604224005768,11.328031335149872,34.03333333333333,31.391167301253127,0.9368,2.0,0.9565217391304348,FL,Lavalas Family
HN,HND,Honduras,Central America,0,0,0,2002,5.158873376286705,17.0,0.238095238095238,7.2610416666666655,13.0,0.4545454545454545,69.15277777777777,59.66666666666666,81.45,77.0,80.9,65.9,50.0,3.056705085906744,19.0,0.1428571428571428,29.111477008635656,48.23593890327376,13.243392370572202,27.133333333333336,27.83324342736333,0.105,21.0,0.1304347826086956,PNH,National Party of Honduras
JM,JAM,Jamaica,Caribbean,0,0,1,2002,7.06125962312853,15.0,0.3333333333333333,7.203722222222223,14.0,0.4090909090909091,28.361111111111114,16.866666666666664,40.1,26.5,18.2,18.5,50.0,6.918797024034838,16.0,0.2857142857142857,27.23935836234188,38.02973031134811,12.199999999999996,30.866666666666664,27.861036471352755,0.254,16.0,0.3478260869565217,PNP,People's National Party
MX,MEX,Mexico,Central America,0,0,0,2002,5.797347543090926,16.0,0.2857142857142857,6.357791666666667,16.0,0.3181818181818182,39.98611111111112,32.666666666666664,52.05,33.2,37.1,34.9,50.0,5.236903419515185,17.0,0.238095238095238,32.936499493806195,50.24229844499289,24.364812380019,35.6,21.5388871502129,0.159,18.0,0.2608695652173913,PAN,National Action Party
NI,NIC,Nicaragua,Central America,0,0,0,2002,15.408425134192264,8.0,0.6666666666666666,21.472725,6.0,0.7727272727272727,58.19166666666666,58.2,64.55,28.40000000000001,60.1,67.9,70.0,9.34412526838453,9.0,0.6190476190476191,25.32283270564913,43.66552855893193,8.362499999999997,20.5,28.763302263664592,0.369,10.0,0.6086956521739131,PLC,Constitutionalist Liberal Party
PA,PAN,Panama,Central America,0,0,0,2002,12.735084466423402,9.0,0.6190476190476191,17.028313888888892,9.0,0.6363636363636364,46.09722222222223,35.333333333333336,49.15,29.200000000000003,48.3,44.6,70.0,8.441855043957913,13.0,0.4285714285714285,22.85288317259857,40.39784089380435,16.97070844686648,7.400000000000001,26.642983349723465,0.3694,9.0,0.6521739130434783,PPA,Panamenista Party / Authentic Panameñista Party
PY,PRY,Paraguay,South America,0,1,0,2002,24.535787996702613,3.0,0.9047619047619048,33.32725277777779,4.0,0.8636363636363636,64.2638888888889,45.333333333333336,85.75,30.40000000000001,91.5,62.6,70.0,15.744323215627436,4.0,0.8571428571428571,30.35928117166879,52.6456050725127,11.443025075313956,26.23333333333333,31.115161205515182,0.5186000000000001,7.0,0.7391304347826086,ANR-PC,National Republican Association - Colorado Party
PE,PER,Peru,South America,0,0,0,2002,17.195772595932546,7.0,0.7142857142857143,20.49652222222222,7.0,0.7272727272727273,35.46111111111112,21.066666666666663,45.6,13.700000000000005,35.2,27.200000000000003,70.0,13.895022969642874,6.0,0.7619047619047619,24.039832127409817,42.53150767088976,11.495810626702998,15.9,26.2320102120465,0.578,6.0,0.782608695652174,PP,Peru Posible
SR,SUR,Suriname,South America,0,0,1,2002,,,,,,,29.15833333333333,15.9,55.25,13.299999999999995,20.5,20.0,50.0,,,,,38.15814490850635,,,,,,,,
TT,TTO,Trinidad y Tobago,Caribbean,0,0,1,2002,7.732451096207537,13.0,0.4285714285714285,6.9542,15.0,0.3636363636363636,21.8,16.100000000000005,31.5,19.5,16.0,17.7,30.0,8.510702192415074,12.0,0.4761904761904761,26.67931721760211,35.04830312493856,30.00182202858591,15.733333333333334,25.933810383550643,0.319,12.0,0.5217391304347826,PNM,People-s National Movement
UY,URY,Uruguay,South America,0,0,0,2002,3.146485065011825,19.0,0.1428571428571428,2.0131222222222216,22.0,0.0454545454545454,14.077777777777776,6.566666666666663,30.4,7.599999999999994,4.8,5.1,30.0,4.27984790780143,18.0,0.1904761904761904,29.92900634826175,32.70604938795646,39.41028610354224,16.633333333333336,30.96635656821497,0.143,19.0,0.217391304347826,PC,Colorado Party
VE,VEN,Venezuela,South America,0,0,0,2002,62.51641656605472,1.0,1.0,78.30787222222223,1.0,1.0,78.78055555555557,75.43333333333334,80.55,78.0,88.1,80.60000000000001,70.0,46.72496090988721,1.0,1.0,47.00700292745192,56.234539762405895,33.59734318874486,47.7,50.49612875865692,0.994,1.0,1.0,MVR,Fifth Republic Movement
AR,ARG,Argentina,South America,0,0,0,2003,31.728830142225306,4.0,0.8571428571428571,34.30742777777778,4.0,0.8636363636363636,43.37222222222223,29.03333333333333,56.7,23.0,48.4,33.1,70.0,29.150232506672825,2.0,0.9523809523809524,36.852379907298136,44.10568605505864,20.376016000927592,43.833333333333336,39.09448423987296,0.791,3.5,0.8913043478260869,FPV-PJ,Front for Victory
BB,BRB,Barbados,Caribbean,0,0,1,2003,7.40309961549406,14.0,0.3809523809523809,4.832691666666666,19.0,0.1818181818181818,15.741666666666667,13.799999999999995,21.35,23.700000000000003,12.7,12.9,10.0,9.973507564321451,11.0,0.5238095238095238,32.48699532352265,22.31191099198118,24.61954946435856,48.3,34.71652083775088,0.307,16.0,0.3478260869565217,BLP,Barbados Labour Party
BO,BOL,Bolivia,South America,0,1,0,2003,5.116969532215959,17.0,0.238095238095238,6.48158888888889,17.0,0.2727272727272727,53.12777777777779,40.36666666666667,71.6,24.3,63.2,49.3,70.0,3.752350175543026,19.0,0.1428571428571428,30.756968651992025,57.88982995536538,21.74768392370572,14.933333333333332,28.457027395563657,0.122,21.0,0.1304347826086956,MNR,Revolutionary Nationalist Movement
BR,BRA,Brazil,South America,0,0,0,2003,24.87431151660645,6.0,0.7619047619047619,24.41803125,8.0,0.6818181818181818,35.975,17.8,56.45,14.200000000000005,52.900000000000006,24.5,50.0,25.33059178321291,5.0,0.8095238095238095,37.319472240461,51.97102392947,22.460081743869218,40.46666666666667,34.38011662183813,0.6787500000000001,6.0,0.782608695652174,PT,Workers' Party
CL,CHL,Chile,South America,0,0,0,2003,4.654523658705046,19.0,0.1428571428571428,2.189094444444445,21.0,0.0909090909090909,7.0388888888888905,4.933333333333337,14.0,5.700000000000003,3.0,4.6,10.0,7.119952872965648,15.0,0.3333333333333333,22.89373914136864,34.12569813049546,22.45361035422343,15.666666666666666,19.328981414089007,0.311,15.0,0.391304347826087,PPD,Party for Democracy
CO,COL,Colombia,South America,0,0,0,2003,,,,,,,37.86111111111112,21.36666666666667,50.3,18.30000000000001,38.6,28.6,70.0,,,,31.421117362135448,41.90984693168424,14.303954520139072,34.5,34.970667996718475,,,,,
CR,CRI,Costa Rica,Central America,0,0,0,2003,11.242482091965464,12.0,0.4761904761904761,9.677908333333336,12.0,0.5,18.647222222222226,4.533333333333341,33.55,5.1000000000000085,12.1,6.6000000000000005,50.0,12.807055850597594,9.0,0.6190476190476191,24.676408189976097,35.2490373148933,19.76730245231608,25.33333333333333,18.355959659361677,0.519,10.0,0.6086956521739131,PUSC,Social Christian Unity Party
NA,CUB,Cuba,Caribbean,0,0,1,2003,,,,,,,,89.40000000000002,,92.1,60.5,85.0,,,,,,,,,,0.791,3.5,0.8913043478260869,PCC,Communist Party of Cuba
DO,DOM,Dominican Republic,Caribbean,0,0,1,2003,18.80090109851021,8.0,0.6666666666666666,25.833135416666668,7.0,0.7272727272727273,74.60833333333333,69.89999999999999,72.85,85.0,76.7,73.2,70.0,11.768666780353753,10.0,0.5714285714285714,33.98892932954152,45.77671407882454,9.876464577656677,42.76666666666667,37.53587199501818,0.34625,13.0,0.4782608695652174,PRD,Dominican Revolutionary Party
EC,ECU,Ecuador,South America,0,0,0,2003,34.00372646177684,3.0,0.9047619047619048,42.13597777777778,3.0,0.9090909090909092,57.28888888888889,52.63333333333333,68.6,31.5,60.2,60.8,70.0,25.87147514577589,3.0,0.9047619047619048,35.17535709826769,54.27430410210368,18.033446866485026,35.4,32.99367742448206,0.7355,5.0,0.8260869565217391,PSP,Patriotic Society Party
SV,SLV,El Salvador,Central America,0,0,0,2003,3.170498421266487,21.0,0.0476190476190476,4.795786111111112,20.0,0.1363636363636363,57.78055555555556,52.03333333333333,66.65,52.1,69.3,56.6,50.0,1.5452107314218613,21.0,0.0476190476190476,18.61699676411881,34.242841610776416,4.825000000000003,15.4,20.000145445698813,0.083,23.0,0.0434782608695652,ARENA,Nationalist Republican Alliance
GT,GTM,Guatemala,Central America,0,0,0,2003,24.15798402387116,7.0,0.7142857142857143,33.53457777777778,6.0,0.7727272727272727,57.422222222222224,44.83333333333334,73.2,25.90000000000001,75.4,55.2,70.0,14.781390269964543,7.0,0.7142857142857143,25.310599777336552,51.81635691367385,9.52471534333354,17.233333333333334,22.66799351900549,0.584,7.0,0.7391304347826086,FRG,Guatemalan Republican Front
GY,GUY,Guyana,South America,0,0,1,2003,,,,7.780428333333334,13.0,0.4545454545454545,59.94166666666667,50.0,70.35,64.5,70.7,54.1,50.0,,,,,40.19556858158989,,39.2,29.818584350914733,0.1298,20.0,0.1739130434782608,PPP,People's Progressive Party
HT,HTI,Haiti,Haiti,1,0,1,2003,45.6129681084241,2.0,0.9523809523809524,65.88582444444445,2.0,0.9545454545454546,70.67777777777778,57.96666666666666,85.1,36.0,80.2,74.8,90.0,25.340111772403745,4.0,0.8571428571428571,27.18312783995253,44.138052904856494,11.328031335149872,27.766666666666666,25.49976045313707,0.9322,2.0,0.9565217391304348,FL,Lavalas Family
HN,HND,Honduras,Central America,0,0,0,2003,5.055705955354818,18.0,0.1904761904761904,7.182291666666666,14.0,0.4090909090909091,68.40277777777777,59.66666666666666,76.95,77.0,80.9,65.9,50.0,2.92912024404297,20.0,0.0952380952380952,27.896383276599718,49.04943096676581,10.150749318801084,25.066666666666663,27.31868615416529,0.105,22.0,0.0869565217391304,PNH,National Party of Honduras
JM,JAM,Jamaica,Caribbean,0,0,1,2003,6.525619215880149,15.0,0.3333333333333333,6.932788888888888,15.0,0.3636363636363636,27.29444444444444,15.166666666666664,40.1,21.39999999999999,18.2,18.9,50.0,6.11844954287141,16.0,0.2857142857142857,24.0883840270528,37.41465094626874,12.390735694822888,17.333333333333332,29.21481613378623,0.254,17.0,0.3043478260869565,PNP,People's National Party
MX,MEX,Mexico,Central America,0,0,0,2003,5.452597945895326,16.0,0.2857142857142857,6.04835,18.0,0.2272727272727272,39.275,33.0,50.05,30.90000000000001,37.1,34.599999999999994,50.0,4.856845891790653,17.0,0.238095238095238,31.53796033630294,45.59944130213575,24.364812380019,34.333333333333336,21.854254329723677,0.154,18.0,0.2608695652173913,PAN,National Action Party
NI,NIC,Nicaragua,Central America,0,0,0,2003,15.004867825768404,10.0,0.5714285714285714,21.452875,9.0,0.6363636363636364,58.775,58.2,68.05,28.40000000000001,60.1,67.9,70.0,8.556860651536809,13.0,0.4285714285714285,23.44345383982688,43.576242844646224,10.65132833787466,19.566666666666663,19.979577510119952,0.365,12.0,0.5217391304347826,PLC,Constitutionalist Liberal Party
PA,PAN,Panama,Central America,0,0,0,2003,13.297576522237648,11.0,0.5238095238095238,18.22113055555556,11.0,0.5454545454545454,47.18055555555557,35.333333333333336,55.65,29.200000000000003,48.3,44.6,70.0,8.374022488919737,14.0,0.3809523809523809,21.68312400031004,40.82442819539165,16.97070844686648,6.699999999999998,22.237359358982022,0.3862,11.0,0.5652173913043478,PPA,Panamenista Party / Authentic Panameñista Party
PY,PRY,Paraguay,South America,0,1,0,2003,25.26807838788925,5.0,0.8095238095238095,34.05404722222222,5.0,0.8181818181818182,61.58055555555556,43.73333333333334,82.44999999999999,30.40000000000001,84.89999999999999,57.99999999999999,70.0,16.48210955355628,6.0,0.7619047619047619,29.80489973518315,53.6376685645762,12.320640326975456,25.83333333333333,27.42795671584761,0.553,9.0,0.6521739130434783,ANR-PC,National Republican Association - Colorado Party
PE,PER,Peru,South America,0,0,0,2003,17.068315249984817,9.0,0.6190476190476191,20.29743333333333,10.0,0.5909090909090909,35.11666666666667,20.3,47.1,11.400000000000006,35.2,26.700000000000003,70.0,13.839197166636303,8.0,0.6666666666666666,23.9432476931424,43.03746005184214,11.087091280653944,15.066666666666668,26.581772773406847,0.578,8.0,0.6956521739130435,PP,Peru Posible
SR,SUR,Suriname,South America,0,0,1,2003,,,,,,,29.15833333333333,15.9,55.25,13.299999999999995,20.5,20.0,50.0,,,,,38.15814490850635,,,,,,,,
TT,TTO,Trinidad y Tobago,Caribbean,0,0,1,2003,7.914453460698677,13.0,0.4285714285714285,6.732672222222223,16.0,0.3181818181818182,21.10555555555556,15.13333333333334,31.5,16.60000000000001,16.0,17.4,30.0,9.096234699175133,12.0,0.4761904761904761,28.514842317163417,34.992747569383,28.91258798328712,16.3,33.85403371598355,0.319,14.0,0.4347826086956521,PNM,People-s National Movement
UY,URY,Uruguay,South America,0,0,0,2003,3.2123626923593256,20.0,0.0952380952380952,2.017094444444444,22.0,0.0454545454545454,14.105555555555554,8.933333333333332,26.9,7.599999999999994,4.8,6.4,30.0,4.407630940274207,18.0,0.1904761904761904,30.82259398793152,32.45803351494059,43.83807901907357,16.2,30.794263417711925,0.143,19.0,0.217391304347826,PC,Colorado Party
VE,VEN,Venezuela,South America,0,0,0,2003,63.62370506799169,1.0,1.0,79.05889444444445,1.0,1.0,79.53611111111111,76.56666666666666,80.05,79.5,88.1,83.0,70.0,48.18851569153894,1.0,1.0,48.47939204380175,57.851900873517,39.73869209809264,46.333333333333336,49.993641870264014,0.994,1.0,1.0,MVR,Fifth Republic Movement
AR,ARG,Argentina,South America,0,0,0,2004,32.4770589922705,4.0,0.85,34.71611111111112,4.0,0.8571428571428571,43.88888888888889,28.83333333333333,60.2,23.0,48.4,32.9,70.0,30.23800687342989,3.0,0.9,38.22756874011364,43.04379050874697,21.85752950722729,52.0,36.00895494448028,0.791,4.0,0.8636363636363636,FPV-PJ,Front for Victory
BB,BRB,Barbados,Caribbean,0,0,1,2004,7.638826490632839,13.0,0.4,4.832691666666666,19.0,0.1428571428571428,15.741666666666667,13.799999999999995,21.35,23.700000000000003,12.7,12.9,10.0,10.444961314599013,10.0,0.55,34.02267529185346,22.31191099198118,24.563957440575685,47.03333333333333,42.18149940152365,0.307,15.0,0.3636363636363636,BLP,Barbados Labour Party
BO,BOL,Bolivia,South America,0,1,0,2004,,,,,,,52.97777777777778,41.96666666666667,69.0,29.5,60.0,47.4,70.0,,,,29.955378007700094,57.62221255167202,18.600446987075884,14.166666666666666,29.43218582538581,,,,,
BR,BRA,Brazil,South America,0,0,0,2004,24.77860352279556,5.0,0.8,24.33708750000001,7.0,0.7142857142857143,35.975,17.8,56.45,14.200000000000005,52.900000000000006,24.5,50.0,25.220119545591107,5.0,0.8,37.280294967614346,51.62672247438656,24.45147891868321,40.93333333333333,32.10964514405428,0.6765000000000001,6.0,0.7727272727272727,PT,Workers' Party
CL,CHL,Chile,South America,0,0,0,2004,4.47827578325412,18.0,0.15,2.189094444444445,20.0,0.0952380952380952,7.0388888888888905,4.933333333333337,14.0,5.700000000000003,3.0,4.6,10.0,6.767457122063795,14.0,0.35,21.7603122895942,33.23582137379315,20.056176096820664,15.266666666666666,18.4825850210963,0.311,14.0,0.4090909090909091,PPD,Party for Democracy
CO,COL,Colombia,South America,0,0,0,2004,,,,,,,38.02777777777778,21.36666666666667,51.3,18.30000000000001,38.6,28.6,70.0,,,,31.96806053303756,41.96464320110314,15.534304340710158,33.9,36.47329459033694,,,,,
CR,CRI,Costa Rica,Central America,0,0,0,2004,12.830853177916731,11.0,0.5,10.591622222222226,11.0,0.5238095238095238,18.647222222222226,4.533333333333341,33.55,5.1000000000000085,12.1,6.6000000000000005,50.0,15.07008413361124,7.0,0.7,26.53183826340007,36.72263316348915,21.33821865306089,24.96666666666667,23.09983457038356,0.5680000000000001,8.0,0.6818181818181818,PUSC,Social Christian Unity Party
NA,CUB,Cuba,Caribbean,0,0,1,2004,,,,,,,,89.40000000000002,,92.1,60.5,85.0,,,,,,,,,,0.7912,3.0,0.9090909090909092,PCC,Communist Party of Cuba
DO,DOM,Dominican Republic,Caribbean,0,0,1,2004,19.146136328519244,7.0,0.7,25.49627083333333,6.0,0.7619047619047619,74.44166666666666,70.10000000000001,70.85,85.0,76.7,74.0,70.0,12.796001823705152,9.0,0.6,37.360589266292415,42.834122132076594,13.83355784565228,50.3,42.47467708744078,0.3425,12.0,0.5,PRD,Dominican Revolutionary Party
EC,ECU,Ecuador,South America,0,0,0,2004,36.69185876217104,3.0,0.9,42.0595,3.0,0.9047619047619048,57.458333333333336,52.9,68.95,31.5,59.9,61.5,70.0,31.32421752434209,2.0,0.95,42.79264689117772,56.01074854971759,18.544622432841223,64.13333333333334,32.48188324881872,0.732,5.0,0.8181818181818182,PSP,Patriotic Society Party
SV,SLV,El Salvador,Central America,0,0,0,2004,3.1838564638449407,20.0,0.05,4.874537037037035,18.0,0.1904761904761904,58.49444444444444,52.96666666666667,68.3,52.1,70.6,56.99999999999999,50.0,1.4931758906528467,20.0,0.05,17.91811068783417,33.8450800069792,1.4435088773636409,14.933333333333332,21.4505205336605,0.0833333333333333,22.0,0.0454545454545454,ARENA,Nationalist Republican Alliance
GT,GTM,Guatemala,Central America,0,0,0,2004,6.935104818288479,14.0,0.35,9.610666666666669,12.0,0.4761904761904761,56.53333333333333,42.6,74.6,23.599999999999994,74.2,54.2,70.0,4.2595429699102905,18.0,0.15,25.056135117119357,51.28192899435728,8.297072332976434,17.53333333333333,23.11220580781036,0.17,17.0,0.2727272727272727,GANA,Grand National Alliance
GY,GUY,Guyana,South America,0,0,1,2004,,,,9.243005,13.0,0.4285714285714285,59.94166666666667,50.0,70.35,64.5,70.7,54.1,50.0,,,,,42.38269481832266,,32.96666666666667,30.445475774719867,0.1542,18.0,0.2272727272727272,PPP,People's Progressive Party
HT,HTI,Haiti,Haiti,1,0,1,2004,46.88104524039684,2.0,0.95,67.18400666666668,2.0,0.9523809523809524,72.42777777777779,67.56666666666668,79.1,37.4,80.2,80.30000000000001,90.0,26.578083814127,4.0,0.85,28.652526750891543,46.296676999305,11.327000045418451,27.1,29.88642995884274,0.9276,2.0,0.9545454545454546,FL,Lavalas Family
HN,HND,Honduras,Central America,0,0,0,2004,5.188292381881839,16.0,0.25,7.532291666666665,14.0,0.3809523809523809,71.7361111111111,59.66666666666666,76.95,77.0,80.9,65.9,70.0,2.844293097097013,19.0,0.1,27.088505686638225,49.80830900084453,4.451675480248717,26.166666666666668,27.927371598792988,0.105,21.0,0.0909090909090909,PNH,National Party of Honduras
JM,JAM,Jamaica,Caribbean,0,0,1,2004,6.670513124227102,15.0,0.3,6.890455555555556,15.0,0.3333333333333333,27.127777777777776,15.166666666666664,39.1,21.39999999999999,18.2,18.9,50.0,6.450570692898649,15.0,0.3,25.3959476098372,36.29261880007693,18.419876142870685,17.333333333333332,29.53796216306785,0.254,16.0,0.3181818181818182,PNP,People's National Party
MX,MEX,Mexico,Central America,0,0,0,2004,4.95706737556516,17.0,0.2,5.4731250000000005,17.0,0.238095238095238,39.375,33.0,50.55,30.90000000000001,37.1,34.7,50.0,4.441009751130318,17.0,0.2,31.94971043978646,46.57371797028128,26.85564482280791,33.4,20.969478966056656,0.139,20.0,0.1363636363636363,PAN,National Action Party
NI,NIC,Nicaragua,Central America,0,0,0,2004,14.469292656922596,9.0,0.6,21.237830555555558,8.0,0.6666666666666666,58.83055555555556,58.23333333333334,67.55,28.40000000000001,60.1,68.7,70.0,7.700754758289636,13.0,0.4,21.331730632381262,44.63545851323689,0.0699448896758383,18.3,22.321519126612337,0.361,11.0,0.5454545454545454,PLC,Constitutionalist Liberal Party
PA,PAN,Panama,Central America,0,0,0,2004,14.350696066219651,10.0,0.55,19.22198055555556,10.0,0.5714285714285714,47.69722222222222,34.93333333333334,59.15,29.200000000000003,48.3,44.6,70.0,9.479411576883749,11.0,0.5,23.52211309400433,41.83505287537116,17.85405678703615,13.633333333333336,20.76600938027669,0.403,10.0,0.5909090909090909,PPA,Panamenista Party / Authentic Panameñista Party
PY,PRY,Paraguay,South America,0,1,0,2004,23.42882807802208,6.0,0.75,31.464375000000004,5.0,0.8095238095238095,60.06944444444445,42.96666666666667,81.05000000000001,30.40000000000001,79.10000000000001,56.89999999999999,70.0,15.39328115604416,6.0,0.75,29.38770743803772,52.8610904914865,7.512330295784764,26.53333333333333,30.64407563154628,0.5238,9.0,0.6363636363636364,ANR-PC,National Republican Association - Colorado Party
PE,PER,Peru,South America,0,0,0,2004,17.063666522290788,8.0,0.65,20.3456,9.0,0.6190476190476191,35.2,20.3,47.6,11.400000000000006,35.2,26.700000000000003,70.0,13.781733044581571,8.0,0.65,23.84382879685393,43.1605679804596,9.714160788343897,13.733333333333334,28.76725308527892,0.578,7.0,0.7272727272727273,PP,Peru Posible
SR,SUR,Suriname,South America,0,0,1,2004,,,,,,,29.15833333333333,15.9,55.25,13.299999999999995,20.5,20.0,50.0,,,,,38.15814490850635,,,,,,,,
TT,TTO,Trinidad y Tobago,Caribbean,0,0,1,2004,7.79729900299661,12.0,0.45,6.839005555555557,16.0,0.2857142857142857,21.438888888888894,15.13333333333334,33.5,16.60000000000001,16.0,17.4,30.0,8.755592450437662,12.0,0.45,27.44699827723405,35.18506463117087,36.35690188451565,16.099999999999998,22.146026593249708,0.319,13.0,0.4545454545454545,PNM,People-s National Movement
UY,URY,Uruguay,South America,0,0,0,2004,3.2532758793716536,19.0,0.1,1.90905,21.0,0.0476190476190476,13.35,6.5,26.9,6.799999999999997,4.8,5.1,30.0,4.597501758743308,16.0,0.25,32.1503619492539,31.696871726993084,46.85950791691583,25.266666666666666,24.778401486440025,0.143,19.0,0.1818181818181818,PC,Colorado Party
VE,VEN,Venezuela,South America,0,0,0,2004,66.03937401345488,1.0,1.0,81.55493888888888,1.0,1.0,82.04722222222222,83.33333333333333,81.55,81.1,88.1,88.2,70.0,50.52380913802088,1.0,1.0,50.82878182899485,59.50067149287586,45.84779945421197,54.3,43.666656368891545,0.994,1.0,1.0,MVR,Fifth Republic Movement
AR,ARG,Argentina,South America,0,0,0,2005,32.83378428388105,2.0,0.9444444444444444,35.41043333333334,2.0,0.9473684210526316,44.76666666666667,29.90000000000001,61.7,23.700000000000003,48.4,34.9,70.0,30.25713523442877,2.0,0.9473684210526316,38.251751244537,41.894750832795545,19.43066317018705,51.53333333333333,40.14825764183207,0.791,4.0,0.8571428571428571,FPV-PJ,Front for Victory
BB,BRB,Barbados,Caribbean,0,0,1,2005,7.836935057411386,11.0,0.4444444444444444,4.832691666666666,18.0,0.1052631578947368,15.741666666666667,13.799999999999995,21.35,23.700000000000003,12.7,12.9,10.0,10.841178448156109,10.0,0.5263157894736842,35.31328484741403,28.410194111737155,23.43715940054496,47.43333333333334,41.97245254404068,0.307,14.0,0.3809523809523809,BLP,Barbados Labour Party
BO,BOL,Bolivia,South America,0,1,0,2005,,,,,,,52.875,41.9,68.85,28.10000000000001,60.7,47.7,70.0,,,,30.767346385720167,56.36560805671181,21.50245231607629,15.033333333333331,30.16799183675922,,,,,
BR,BRA,Brazil,South America,0,0,0,2005,23.33340975052069,3.0,0.8888888888888888,22.971322916666665,4.0,0.8421052631578947,34.06944444444444,12.26666666666666,58.35,9.700000000000005,55.7,18.4,50.0,23.69549658437472,4.0,0.8421052631578947,35.14348770392988,49.71380231536048,18.14536784741145,42.43333333333333,30.28144731961423,0.67425,5.0,0.8095238095238095,PT,Workers' Party
CL,CHL,Chile,South America,0,0,0,2005,6.68904676741925,14.0,0.2777777777777778,3.0549555555555554,19.0,0.0526315789473684,6.377777777777777,3.966666666666669,14.5,2.799999999999997,3.0,4.0,10.0,10.323137979282944,11.0,0.4736842105263157,21.55143628242786,33.15947130157858,20.94134877384196,15.199999999999998,16.904925054290914,0.479,10.0,0.5714285714285714,PS,Socialist Party of Chile
CO,COL,Colombia,South America,0,0,0,2005,,,,,,,37.73333333333334,20.90000000000001,50.8,18.30000000000001,38.6,27.800000000000004,70.0,,,,32.74856396697072,42.19250908271612,19.866348773841963,33.9,35.035398011324794,,,,,
CR,CRI,Costa Rica,Central America,0,0,0,2005,14.088858389387426,8.0,0.6111111111111112,11.625308333333336,9.0,0.5789473684210527,18.84166666666667,4.700000000000007,34.55,5.1000000000000085,12.1,6.6000000000000005,50.0,16.552408445441515,5.0,0.7894736842105263,26.82724221303325,37.48577810357199,20.611989100817432,24.83333333333333,24.377868314410257,0.617,6.0,0.7619047619047619,PUSC,Social Christian Unity Party
NA,CUB,Cuba,Caribbean,0,0,1,2005,,,,,,,,89.40000000000002,,92.1,60.5,85.0,,,,,,,,,,0.7914,3.0,0.9047619047619048,PCC,Communist Party of Cuba
DO,DOM,Dominican Republic,Caribbean,0,0,1,2005,10.405947893780516,10.0,0.5,14.07932361111111,8.0,0.631578947368421,74.29722222222222,69.53333333333335,71.85,83.3,76.7,74.4,70.0,6.732572176449921,14.0,0.3157894736842105,35.52808536385182,44.9762732198088,11.880551771117162,54.5,30.75551646448133,0.1895,16.0,0.2857142857142857,PLD,Dominican Liberation Party
EC,ECU,Ecuador,South America,0,0,0,2005,,,,,,,58.875,52.79999999999999,71.75,31.5,65.5,61.7,70.0,,,,41.47327721315976,55.210796680225705,19.36859673024524,60.56666666666666,30.747048775501447,,,,,
SV,SLV,El Salvador,Central America,0,0,0,2005,3.3165075819548715,18.0,0.0555555555555555,4.927269444444439,16.0,0.2105263157894736,58.89166666666666,53.29999999999999,68.05,52.0,73.1,56.89999999999999,50.0,1.705745719465304,19.0,0.0526315789473684,20.38739903743393,35.35042866893238,8.230148548786381,14.800000000000002,23.16901893201696,0.0836666666666666,21.0,0.0476190476190476,ARENA,Nationalist Republican Alliance
GT,GTM,Guatemala,Central America,0,0,0,2005,6.889162459943921,13.0,0.3333333333333333,9.617277777777778,11.0,0.4736842105263157,56.572222222222216,42.73333333333333,75.1,24.0,74.2,53.400000000000006,70.0,4.161047142110064,16.0,0.2105263157894736,24.47674789476508,49.98641909292875,7.080104142875086,16.96666666666667,23.87380167658982,0.17,18.0,0.1904761904761904,GANA,Grand National Alliance
GY,GUY,Guyana,South America,0,0,1,2005,,,,10.712527222222224,10.0,0.5263157894736842,59.980555555555554,50.23333333333333,70.35,64.5,70.7,54.1,50.0,,,,,42.01500929115237,,33.300000000000004,32.58187745302808,0.1786,17.0,0.238095238095238,PPP,People's Progressive Party
HT,HTI,Haiti,Haiti,1,0,1,2005,,,,,,,,,84.44999999999999,,83.89999999999999,84.0,90.0,29.358392251085235,3.0,0.8947368421052632,31.807575569973167,47.98123306956497,11.328031335149872,38.2,29.721037875177835,0.923,2.0,0.9523809523809524,FL,Lavalas Family
HN,HND,Honduras,Central America,0,0,0,2005,5.1406932745502,16.0,0.1666666666666666,7.569041666666666,12.0,0.4210526315789473,72.08611111111111,59.66666666666666,78.95,77.0,80.9,66.0,70.0,2.712344882433734,18.0,0.1052631578947368,25.831856023178418,48.49546386086769,8.475000000000001,19.266666666666666,27.09029356517931,0.105,20.0,0.0952380952380952,PNH,National Party of Honduras
JM,JAM,Jamaica,Caribbean,0,0,1,2005,6.34217248796305,15.0,0.2222222222222222,6.722533333333334,15.0,0.2631578947368421,26.46666666666667,14.399999999999997,40.1,19.099999999999994,18.2,17.0,50.0,5.961811642592767,15.0,0.2631578947368421,23.47169938028648,36.7268147359836,12.581471389645776,18.066666666666663,26.511844728849887,0.254,15.0,0.3333333333333333,PNP,People's National Party
MX,MEX,Mexico,Central America,0,0,0,2005,4.396091497225286,17.0,0.1111111111111111,4.8825,17.0,0.1578947368421052,39.375,33.0,50.55,30.90000000000001,37.1,34.7,50.0,3.909682994450572,17.0,0.1578947368421052,31.529701568149772,43.87531072590023,24.364812380019,32.96666666666667,24.9120165000132,0.124,19.0,0.1428571428571428,PAN,National Action Party
NI,NIC,Nicaragua,Central America,0,0,0,2005,14.529382655488218,7.0,0.6666666666666666,20.97275833333333,6.0,0.7368421052631579,58.74722222222223,58.23333333333334,67.05,28.40000000000001,60.1,68.7,70.0,8.086006977643102,13.0,0.3684210526315789,22.64987948919637,42.65956815064181,8.362499999999997,18.066666666666663,21.51078313947699,0.357,12.0,0.4761904761904761,PLC,Constitutionalist Liberal Party
PA,PAN,Panama,Central America,0,0,0,2005,16.99017156294084,6.0,0.7222222222222222,22.90925,5.0,0.7894736842105263,47.84722222222222,36.23333333333333,57.15,29.200000000000003,48.3,46.2,70.0,11.071093125881683,9.0,0.5789473684210527,23.122583805099588,39.643487501151554,16.97070844686648,13.4,22.47613927238032,0.4788,11.0,0.5238095238095238,PRD,Democratic Revolutionary Party
PY,PRY,Paraguay,South America,0,1,0,2005,22.61072863198519,4.0,0.8333333333333334,29.839492777777775,3.0,0.8947368421052632,60.33055555555556,43.23333333333333,81.55000000000001,31.200000000000003,79.10000000000001,56.89999999999999,70.0,15.3819644861926,7.0,0.6842105263157895,31.09980688676223,53.00121846724398,11.453066110387198,27.5,32.44494296941775,0.4946,9.0,0.6190476190476191,ANR-PC,National Republican Association - Colorado Party
PE,PER,Peru,South America,0,0,0,2005,17.212641583329333,5.0,0.7777777777777778,20.3167,7.0,0.6842105263157895,35.15,19.300000000000008,49.1,11.400000000000006,35.2,25.9,70.0,14.108583166658669,8.0,0.631578947368421,24.409313437125725,43.62236778518737,10.678371934604904,14.466666666666669,28.86984736204396,0.578,7.0,0.7142857142857143,PP,Peru Posible
SR,SUR,Suriname,South America,0,0,1,2005,,,,,,,29.15833333333333,15.9,55.25,13.299999999999995,20.5,20.0,50.0,,,,,38.15814490850635,,,,,,,,
TT,TTO,Trinidad y Tobago,Caribbean,0,0,1,2005,7.635875362793337,12.0,0.3888888888888889,6.913438888888891,14.0,0.3157894736842105,21.672222222222228,15.03333333333334,35.0,16.60000000000001,16.0,17.4,30.0,8.358311836697784,12.0,0.4210526315789473,26.201604503754808,34.49275306033721,31.40778334402427,17.566666666666666,21.339214943991088,0.319,13.0,0.4285714285714285,PNM,People-s National Movement
UY,URY,Uruguay,South America,0,0,0,2005,11.51351469005302,9.0,0.5555555555555556,7.184789999999999,13.0,0.3684210526315789,13.716666666666663,7.099999999999994,24.9,11.099999999999994,4.8,4.4,30.0,15.84223938010604,6.0,0.7368421052631579,30.244825086113096,33.60722913612903,35.25497275204359,26.96666666666667,25.15043178961309,0.5238,8.0,0.6666666666666666,FA/EP,Broad Front / Progressive Encounter
VE,VEN,Venezuela,South America,0,0,0,2005,68.69957444442399,1.0,1.0,86.42553888888888,1.0,1.0,86.94722222222221,93.83333333333331,82.05,93.2,88.1,94.5,70.0,50.97360999995909,1.0,1.0,51.28129778667916,58.04997695866955,49.193290190735695,56.03333333333333,41.84859066397806,0.994,1.0,1.0,MVR,Fifth Republic Movement
AR,ARG,Argentina,South America,0,0,0,2006,33.10544291756671,4.0,0.85,35.69231666666667,4.0,0.8571428571428571,44.78333333333334,29.90000000000001,61.7,23.700000000000003,48.4,35.0,70.0,30.51856916846676,2.0,0.95,38.29180573207874,49.65260352084572,20.555457403194765,49.5,33.45916200427446,0.797,4.0,0.8636363636363636,FPV-PJ,Front for Victory
BB,BRB,Barbados,Caribbean,0,0,1,2006,8.145309648409928,13.0,0.4,4.755941666666667,19.0,0.1428571428571428,15.491666666666667,13.799999999999995,19.85,23.700000000000003,12.7,12.9,10.0,11.534677630153189,10.0,0.55,37.57223983763254,27.67218554824908,34.028479078959464,47.43333333333334,41.15496138998827,0.307,15.0,0.3636363636363636,BLP,Barbados Labour Party
BO,BOL,Bolivia,South America,0,1,0,2006,43.94609064777917,3.0,0.9,58.802266666666654,3.0,0.9047619047619048,62.62222222222221,53.63333333333333,73.6,53.5,69.19999999999999,55.8,70.0,29.089914628891695,3.0,0.9,30.97967479115197,54.252281655563365,27.565224795640333,15.800000000000002,26.30119271340419,0.939,2.0,0.9545454545454546,MAS,Movement for Socialism
BR,BRA,Brazil,South America,0,0,0,2006,23.85768220805865,5.0,0.8,22.9152,7.0,0.7142857142857143,34.1,12.399999999999997,58.2,10.200000000000005,55.400000000000006,18.4,50.0,24.800164416117305,5.0,0.8,36.90500657160313,56.10147848646712,23.867438692098094,41.23333333333333,26.417775774513963,0.672,6.0,0.7727272727272727,PT,Workers' Party
CL,CHL,Chile,South America,0,0,0,2006,6.6112932537665285,17.0,0.2,2.996411111111112,21.0,0.0476190476190476,6.255555555555557,3.833333333333338,14.5,2.4000000000000057,3.0,3.8,10.0,10.226175396421946,11.0,0.5,21.349009178333915,34.610249577782604,19.93317438692097,14.366666666666664,16.485946081965416,0.479,10.0,0.5909090909090909,PS,Socialist Party of Chile
CO,COL,Colombia,South America,0,0,0,2006,,,,,,,37.47777777777778,20.566666666666677,50.3,18.30000000000001,38.6,27.1,70.0,,,,32.32155416856341,42.34530882166502,20.554724002926413,33.6,32.786183849662194,,,,,
CR,CRI,Costa Rica,Central America,0,0,0,2006,7.298929344356935,15.0,0.3,6.461100000000001,17.0,0.238095238095238,19.94166666666667,5.1000000000000085,34.45,5.1000000000000085,17.9,7.1,50.0,8.136758688713869,13.0,0.4,25.11345274294404,38.226829321444974,17.069754768392364,25.433333333333334,19.723893548605474,0.324,13.0,0.4545454545454545,PLN,National Liberation Party
NA,CUB,Cuba,Caribbean,0,0,1,2006,,,,,,,,89.40000000000002,,92.1,60.5,85.0,,,,,,,,,,0.7916000000000001,5.0,0.8181818181818182,PCC,Communist Party of Cuba
DO,DOM,Dominican Republic,Caribbean,0,0,1,2006,10.028932687483968,12.0,0.45,13.868883333333333,11.0,0.5238095238095238,74.56388888888888,69.53333333333335,73.85,83.3,76.7,74.0,70.0,6.188982041634604,16.0,0.25,33.2740969980355,44.29044609437387,11.828780653950956,50.23333333333333,26.74382791048385,0.186,19.0,0.1818181818181818,PLD,Dominican Liberation Party
EC,ECU,Ecuador,South America,0,0,0,2006,,,,,,,59.06944444444444,53.46666666666666,70.05,35.599999999999994,64.1,61.2,70.0,,,,40.38649360229972,55.30888155160965,19.36859673024524,57.96666666666667,28.901829460677327,,,,,
SV,SLV,El Salvador,Central America,0,0,0,2006,3.3507292512963023,20.0,0.05,4.8951,18.0,0.1904761904761904,58.275,52.900000000000006,65.55,52.0,73.1,56.10000000000001,50.0,1.806358502592604,20.0,0.05,21.50426788800719,41.80171236012583,8.36723433242507,15.699999999999998,20.14812485947786,0.084,22.0,0.0454545454545454,ARENA,Nationalist Republican Alliance
GT,GTM,Guatemala,Central America,0,0,0,2006,7.056548745627913,16.0,0.25,9.64561111111111,13.0,0.4285714285714285,56.73888888888888,42.73333333333333,76.1,24.0,74.2,53.400000000000006,70.0,4.467486380144715,18.0,0.15,26.279331647910084,52.07501146226006,9.417823055800447,23.96666666666667,19.657825406913155,0.17,20.0,0.1363636363636363,GANA,Grand National Alliance
GY,GUY,Guyana,South America,0,0,1,2006,,,,12.182819444444444,12.0,0.4761904761904761,60.013888888888886,50.23333333333333,70.35,64.5,70.7,54.3,50.0,,,,,42.99166159623035,,33.1,31.908925417254277,0.203,18.0,0.2272727272727272,PPP,People's Progressive Party
HT,HTI,Haiti,Haiti,1,0,1,2006,45.09928698657422,2.0,0.95,62.59406222222222,2.0,0.9523809523809524,68.15555555555555,60.833333333333336,80.7,28.60000000000001,76.4,72.39999999999999,90.0,27.60451175092622,4.0,0.85,30.057177429144406,48.35440193604325,11.328031335149872,37.13333333333333,23.412943112051167,0.9184,3.0,0.9090909090909092,FL,Lavalas Family
HN,HND,Honduras,Central America,0,0,0,2006,14.211745539918097,10.0,0.55,20.977766666666668,10.0,0.5714285714285714,71.84166666666667,58.7,78.95,77.0,80.9,65.5,70.0,7.445724413169521,15.0,0.3,25.499056209484664,47.50647346273024,8.910967302452313,19.3,26.278784072756103,0.292,16.0,0.3181818181818182,PLH,Liberal Party of Honduras
JM,JAM,Jamaica,Caribbean,0,0,1,2006,6.384191151401085,18.0,0.15,6.824133333333332,16.0,0.2857142857142857,26.866666666666664,14.399999999999997,42.6,19.099999999999994,18.2,16.900000000000002,50.0,5.944248969468838,17.0,0.2,23.40255499790881,33.925868627240554,13.062625273023365,19.03333333333333,27.588392758037976,0.254,17.0,0.2727272727272727,PNP,People's National Party
MX,MEX,Mexico,Central America,0,0,0,2006,3.9465683558154976,19.0,0.1,4.314886111111112,20.0,0.0952380952380952,39.58611111111112,32.76666666666667,50.85,30.90000000000001,37.7,35.3,50.0,3.5782506005198838,19.0,0.1,32.827987160732874,40.350863293715285,24.364812380019,32.9,33.69627296919721,0.109,21.0,0.0909090909090909,PAN,National Action Party
NI,NIC,Nicaragua,Central America,0,0,0,2006,15.114699421241903,9.0,0.6,22.15761388888889,8.0,0.6666666666666666,62.769444444444446,66.66666666666667,67.45,34.8,61.9,75.8,70.0,8.071784953594918,14.0,0.35,22.86624632746436,41.48292343963703,8.893596730245221,19.23333333333333,21.85513180664185,0.353,12.0,0.5,PLC,Constitutionalist Liberal Party
PA,PAN,Panama,Central America,0,0,0,2006,17.572782142094876,7.0,0.7,23.54158611111111,6.0,0.7619047619047619,47.59722222222222,36.23333333333333,55.65,29.200000000000003,48.3,46.2,70.0,11.603978173078644,9.0,0.6,23.461338805254037,40.85963260976589,16.97070844686648,13.266666666666666,22.74834749771709,0.4946,9.0,0.6363636363636364,PRD,Democratic Revolutionary Party
PY,PRY,Paraguay,South America,0,1,0,2006,20.796786878324426,6.0,0.75,27.796015,5.0,0.8095238095238095,59.725,42.00000000000001,80.05000000000001,31.200000000000003,79.10000000000001,56.00000000000001,70.0,13.797558756648844,7.0,0.7,29.646666860010413,56.73788750058615,11.244346049046309,25.7,24.904433890409194,0.4654,11.0,0.5454545454545454,ANR-PC,National Republican Association - Colorado Party
PE,PER,Peru,South America,0,0,0,2006,17.2838249750299,8.0,0.65,21.491966666666663,9.0,0.6190476190476191,37.18333333333334,20.8,52.1,13.299999999999995,39.2,27.700000000000003,70.0,13.075683283393134,8.0,0.65,22.622289417635184,41.08754446860612,10.133412806539503,15.333333333333334,23.934867062061784,0.578,7.0,0.7272727272727273,PP,Peru Posible
SR,SUR,Suriname,South America,0,0,1,2006,,,,,,,26.40833333333333,15.9,38.75,13.299999999999995,20.5,20.0,50.0,,,,,44.62726811334384,,,,,,,,
TT,TTO,Trinidad y Tobago,Caribbean,0,0,1,2006,7.970330726438524,14.0,0.35,7.019772222222223,14.0,0.3809523809523809,22.00555555555556,15.03333333333334,37.0,16.60000000000001,16.0,17.4,30.0,8.920889230654826,12.0,0.45,27.965170002052744,37.69984170034999,34.53058583106268,17.433333333333334,22.19691914346499,0.319,14.0,0.4090909090909091,PNM,People-s National Movement
UY,URY,Uruguay,South America,0,0,0,2006,11.768376531459486,11.0,0.5,6.850346666666666,15.0,0.3333333333333333,13.133333333333333,7.099999999999994,21.4,11.099999999999994,4.8,4.4,30.0,16.686406396252305,6.0,0.75,31.99080980876592,38.39780679532998,34.846253405994545,32.333333333333336,22.385845700405824,0.5216000000000001,8.0,0.6818181818181818,FA/EP,Broad Front / Progressive Encounter
VE,VEN,Venezuela,South America,0,0,0,2006,69.57539707895316,1.0,1.0,87.22626111111111,1.0,1.0,87.75277777777778,94.86666666666667,82.55,96.1,88.1,94.9,70.0,51.92453304679521,1.0,1.0,52.2379608116652,64.73942753100863,47.168290190735696,55.36666666666667,41.67745885824984,0.994,1.0,1.0,MVR,Fifth Republic Movement
AR,ARG,Argentina,South America,0,0,0,2007,33.52243814776703,6.0,0.7619047619047619,36.224222222222224,6.0,0.7727272727272727,45.11111111111111,31.066666666666663,60.2,25.599999999999994,48.4,35.4,70.0,30.820654073311847,3.0,0.9047619047619048,38.38188552093629,47.79432237467108,23.382736132197834,46.2,36.15048357687628,0.803,5.0,0.8260869565217391,FPV-PJ,Front for Victory
BB,BRB,Barbados,Caribbean,0,0,1,2007,8.430439025855812,14.0,0.3809523809523809,4.858275,20.0,0.1363636363636363,15.825,13.799999999999995,21.85,23.700000000000003,12.7,12.9,10.0,12.002603051711622,11.0,0.5238095238095238,39.09642687853949,27.652590585235505,36.04481806354846,54.46666666666667,38.22163219870731,0.307,16.0,0.3478260869565217,BLP,Barbados Labour Party
BO,BOL,Bolivia,South America,0,1,0,2007,44.51521508042605,3.0,0.9047619047619048,58.567516666666656,4.0,0.8636363636363636,62.37222222222221,53.63333333333333,72.1,53.5,69.19999999999999,55.8,70.0,30.462913494185447,4.0,0.8571428571428571,32.441867405948294,55.63260992703507,26.379938692098094,23.03333333333333,24.7215876713267,0.939,3.0,0.9130434782608696,MAS,Movement for Socialism
BR,BRA,Brazil,South America,0,0,0,2007,24.038755995934245,7.0,0.7142857142857143,22.74805,9.0,0.6363636363636364,34.23333333333333,12.399999999999997,59.2,10.200000000000005,55.400000000000006,18.2,50.0,25.32946199186849,6.0,0.7619047619047619,38.11807673719863,55.74544990152639,23.98945845608106,45.8,26.93739859118704,0.6645000000000001,8.0,0.6956521739130435,PT,Workers' Party
CL,CHL,Chile,South America,0,0,0,2007,6.600645626593895,18.0,0.1904761904761904,2.9458500000000005,22.0,0.0454545454545454,6.150000000000001,3.600000000000004,15.0,1.7000000000000028,3.0,3.6,10.0,10.25544125318779,12.0,0.4761904761904761,21.41010700039205,35.06006126776925,20.164782016348767,16.733333333333334,13.682251384116816,0.479,11.0,0.5652173913043478,PS,Socialist Party of Chile
CO,COL,Colombia,South America,0,0,0,2007,,,,,,,37.74722222222223,20.53333333333333,50.55,17.5,41.1,26.8,70.0,,,,33.232706507773315,42.08586004510574,22.370125016568608,39.9,28.57484096941893,,,,,
CR,CRI,Costa Rica,Central America,0,0,0,2007,8.118804322724637,15.0,0.3333333333333333,6.644700000000001,17.0,0.2727272727272727,20.508333333333336,5.1000000000000085,37.95,5.1000000000000085,17.9,7.000000000000001,50.0,9.592908645449272,13.0,0.4285714285714285,29.607742732868125,37.05332177547994,17.083378746594,47.63333333333333,16.660937076065224,0.324,14.0,0.4347826086956521,PLN,National Liberation Party
NA,CUB,Cuba,Caribbean,0,0,1,2007,,,,,,,,89.40000000000002,,92.1,60.5,84.8,,,,,,,,,,0.7918000000000001,6.0,0.782608695652174,PCC,Communist Party of Cuba
DO,DOM,Dominican Republic,Caribbean,0,0,1,2007,9.119388489735964,13.0,0.4285714285714285,12.721427083333335,12.0,0.5,74.06944444444446,69.06666666666668,73.35,80.9,76.7,74.4,70.0,5.517349896138588,18.0,0.1904761904761904,32.12430798333966,45.61885390489278,11.371014986376023,48.93333333333334,22.574029708756512,0.17175,20.0,0.1739130434782608,PLD,Dominican Liberation Party
EC,ECU,Ecuador,South America,0,0,0,2007,50.21228474552639,2.0,0.9523809523809524,61.993363888888894,2.0,0.9545454545454546,63.45277777777778,59.366666666666674,68.65,55.7,62.3,64.7,70.0,38.431205602163885,2.0,0.9523809523809524,39.33593203906232,54.67644308702791,19.36859673024524,55.16666666666666,28.132021672309463,0.977,2.0,0.9565217391304348,PAIS,PAIS Alliance
SV,SLV,El Salvador,Central America,0,0,0,2007,3.3549043470284445,21.0,0.0476190476190476,4.8937,19.0,0.1818181818181818,58.25833333333333,52.900000000000006,65.55,52.0,73.1,56.00000000000001,50.0,1.8161086940568891,21.0,0.0476190476190476,21.62034159591535,41.77567772148462,7.707518035055955,17.433333333333334,19.564837293787484,0.084,23.0,0.0434782608695652,ARENA,Nationalist Republican Alliance
GT,GTM,Guatemala,Central America,0,0,0,2007,6.856739640162397,17.0,0.238095238095238,9.502055555555556,14.0,0.4090909090909091,55.89444444444444,41.766666666666666,74.6,21.099999999999994,74.2,53.7,70.0,4.211423724769238,19.0,0.1428571428571428,24.77308073393669,50.434051464414246,9.418426430517712,22.8,16.439845040814816,0.17,21.0,0.1304347826086956,GANA,Grand National Alliance
GY,GUY,Guyana,South America,0,0,1,2007,,,,11.261076666666666,13.0,0.4545454545454545,62.14722222222222,50.23333333333333,72.85,64.5,70.7,54.6,60.0,,,,,41.95454725242568,,38.63333333333333,29.931544544840115,0.1812,19.0,0.217391304347826,PPP,People's Progressive Party
HT,HTI,Haiti,Haiti,1,0,1,2007,42.811678013557646,4.0,0.8571428571428571,59.65590999999999,3.0,0.9090909090909092,65.28333333333333,54.6,79.2,20.099999999999994,76.4,71.39999999999999,90.0,25.967446027115304,5.0,0.8095238095238095,28.4169906184234,46.95440193604325,11.328031335149872,32.6,22.78552920250048,0.9138,4.0,0.8695652173913043,FL,Lavalas Family
HN,HND,Honduras,Central America,0,0,0,2007,13.500131209919363,10.0,0.5714285714285714,20.265616666666663,10.0,0.5909090909090909,71.8638888888889,58.833333333333336,77.85,77.0,81.69999999999999,65.8,70.0,6.734645753172065,16.0,0.2857142857142857,23.881722528978955,45.28987980018511,9.86464577656676,19.5,20.872364539163947,0.282,17.0,0.3043478260869565,PLH,Liberal Party of Honduras
JM,JAM,Jamaica,Caribbean,0,0,1,2007,6.390442603384695,19.0,0.1428571428571428,6.642100000000001,18.0,0.2272727272727272,26.15,13.699999999999998,41.1,17.0,18.2,16.900000000000002,50.0,6.138785206769389,17.0,0.238095238095238,24.168445695942477,35.08859408615792,13.356135830696276,23.0,25.229052866915715,0.254,18.0,0.2608695652173913,PNP,People's National Party
MX,MEX,Mexico,Central America,0,0,0,2007,3.9014595822122784,20.0,0.0952380952380952,4.373019444444445,21.0,0.0909090909090909,40.11944444444445,33.56666666666667,51.35,30.90000000000001,37.7,37.2,50.0,3.429899719980112,20.0,0.0952380952380952,31.466969908074425,39.67301521666023,24.364812380019,37.66666666666666,24.163385368951825,0.109,22.0,0.0869565217391304,PAN,National Action Party
NI,NIC,Nicaragua,Central America,0,0,0,2007,35.779212223968926,5.0,0.8095238095238095,54.96166,5.0,0.8181818181818182,77.14999999999999,81.5,77.69999999999999,66.19999999999999,81.39999999999999,86.1,70.0,16.59676444793785,7.0,0.7142857142857143,23.296974239104223,41.78494625767706,9.922251567786796,23.03333333333333,18.44736579761971,0.7124,7.0,0.7391304347826086,FSLN,Sandinista National Liberation Front
PA,PAN,Panama,Central America,0,0,0,2007,18.280269958672783,9.0,0.6190476190476191,24.37868888888889,8.0,0.6818181818181818,47.763888888888886,36.23333333333333,56.65,29.200000000000003,48.3,46.2,70.0,12.181851028456672,9.0,0.6190476190476191,23.86726298678815,40.564449387511225,16.97070844686648,18.066666666666663,19.867227446108217,0.5104000000000001,10.0,0.6086956521739131,PRD,Democratic Revolutionary Party
PY,PRY,Paraguay,South America,0,1,0,2007,18.63938744295356,8.0,0.6666666666666666,25.104521666666667,7.0,0.7272727272727273,57.55277777777778,38.16666666666667,79.05000000000001,27.200000000000003,79.10000000000001,51.8,70.0,12.174253219240452,10.0,0.5714285714285714,27.90979646776812,56.0701007153147,11.366961852861031,20.53333333333333,23.66878996956341,0.4362,12.0,0.5217391304347826,ANR-PC,National Republican Association - Colorado Party
PE,PER,Peru,South America,0,0,0,2007,10.181234232302373,12.0,0.4761904761904761,12.7642,11.0,0.5454545454545454,37.32222222222222,23.73333333333333,52.1,19.3,39.2,29.6,60.0,7.598268464604743,15.0,0.3333333333333333,22.217159253230243,41.03518916565873,9.588453678474105,18.1,20.144994168788145,0.342,13.0,0.4782608695652174,APRA/PAP,American Popular Revolutionary Alliance / Peruvian Aprista Party
SR,SUR,Suriname,South America,0,0,1,2007,,,,,,,27.274999999999995,15.9,44.25,13.299999999999995,20.5,19.7,50.0,,,,,45.50150189851223,,,,,,,,
TT,TTO,Trinidad y Tobago,Caribbean,0,0,1,2007,7.932789810205153,16.0,0.2857142857142857,7.120788888888889,15.0,0.3636363636363636,22.322222222222223,15.03333333333334,39.0,16.60000000000001,16.0,17.299999999999997,30.0,8.744790731521418,14.0,0.3809523809523809,27.41313708940883,37.36276511323404,33.42704359673024,18.433333333333334,20.429406314337697,0.319,15.0,0.391304347826087,PNM,People-s National Movement
UY,URY,Uruguay,South America,0,0,0,2007,11.60603269287515,11.0,0.5238095238095238,6.951303333333332,16.0,0.3181818181818182,13.383333333333333,7.099999999999994,22.9,11.099999999999994,4.8,4.4,30.0,16.26076205241697,8.0,0.6666666666666666,31.306819507926395,39.46138264834075,34.30129427792916,32.300000000000004,19.164601105435665,0.5194,9.0,0.6521739130434783,FA/EP,Broad Front / Progressive Encounter
VE,VEN,Venezuela,South America,0,0,0,2007,71.15426605474434,1.0,1.0,88.72278333333333,1.0,1.0,89.25833333333333,95.2,85.25,96.1,93.5,95.5,70.0,53.58574877615536,1.0,1.0,53.9092040001563,65.02129706474875,47.9932901907357,50.8,51.82222874514073,0.994,1.0,1.0,MVR,Fifth Republic Movement
AR,ARG,Argentina,South America,0,0,0,2008,35.42664577111712,6.0,0.7619047619047619,37.9626,7.0,0.7272727272727273,45.355555555555554,32.43333333333333,59.7,24.3,48.4,37.3,70.0,32.89069154223426,3.0,0.9047619047619048,39.29592776849972,49.68230518738514,27.168546386660445,48.33795623,31.994903269953284,0.837,5.0,0.8260869565217391,FPV-PJ,Front for Victory
BB,BRB,Barbados,Caribbean,0,0,1,2008,20.70348985687477,9.0,0.6190476190476191,12.1527,13.0,0.4545454545454545,16.075,13.799999999999995,22.85,23.700000000000003,12.7,13.4,10.0,29.254279713749558,5.0,0.8095238095238095,38.69613718749941,27.937589900693222,34.009366485013615,55.33131011999999,37.50628224429081,0.756,7.0,0.7391304347826086,DLP,Democratic Labour Party
BO,BOL,Bolivia,South America,0,1,0,2008,44.92500155192419,3.0,0.9047619047619048,59.574333333333335,3.0,0.9090909090909092,63.44444444444445,53.866666666666674,71.1,55.2,69.19999999999999,56.3,75.0,30.27566977051504,4.0,0.8571428571428571,32.24245981950484,56.35380337580157,26.379938692098094,21.18137858333333,25.054718626786357,0.939,3.0,0.9130434782608696,MAS,Movement for Socialism
BR,BRA,Brazil,South America,0,0,0,2008,23.770674117378768,8.0,0.6666666666666666,22.7103,9.0,0.6363636363636364,34.56666666666666,12.399999999999997,61.2,10.200000000000005,55.400000000000006,18.2,50.0,24.83104823475753,7.0,0.7142857142857143,37.79459396462334,56.4610024634685,23.312167894252944,44.75421922666667,26.65098627410523,0.657,10.0,0.6086956521739131,PT,Workers' Party
CL,CHL,Chile,South America,0,0,0,2008,6.776451276596108,18.0,0.1904761904761904,2.9458500000000005,22.0,0.0454545454545454,6.150000000000001,3.600000000000004,15.0,1.7000000000000028,3.0,3.6,10.0,10.607052553192217,13.0,0.4285714285714285,22.14415981877289,35.837447586131226,22.208378746594,17.060044423333334,13.470768519032994,0.479,13.0,0.4782608695652174,PS,Socialist Party of Chile
CO,COL,Colombia,South America,0,0,0,2008,,,,,,,36.14722222222223,20.433333333333334,51.05,17.5,41.1,26.8,60.0,,,,32.886569909464896,42.96426780014648,20.200656182717765,39.53299449666667,28.848361158328665,,,,,
CR,CRI,Costa Rica,Central America,0,0,0,2008,8.144822916542303,17.0,0.238095238095238,6.6717,18.0,0.2272727272727272,20.59166666666667,5.1000000000000085,38.45,5.1000000000000085,17.9,7.000000000000001,50.0,9.617945833084606,14.0,0.3809523809523809,29.685018003347547,38.36881256401652,16.332254768392367,47.35022367333334,16.68878100764796,0.324,16.0,0.3478260869565217,PLN,National Liberation Party
NA,CUB,Cuba,Caribbean,0,0,1,2008,,,,,,,,89.33333333333333,,92.1,60.5,85.3,,,,,,,,,,0.792,6.0,0.782608695652174,PCC,Communist Party of Cuba
DO,DOM,Dominican Republic,Caribbean,0,0,1,2008,8.327505458490348,15.0,0.3333333333333333,11.6869375,14.0,0.4090909090909091,74.20277777777778,69.06666666666668,74.35,80.9,76.7,74.2,70.0,4.968073416980697,19.0,0.1428571428571428,31.54332328241712,42.659282547102926,13.183270730478135,46.90852324333334,23.42221660875407,0.1575,21.0,0.1304347826086956,PLD,Dominican Liberation Party
EC,ECU,Ecuador,South America,0,0,0,2008,53.33817444544613,2.0,0.9523809523809524,66.61084722222222,2.0,0.9545454545454546,68.49444444444444,68.76666666666667,69.5,69.8,62.0,70.89999999999999,70.0,40.06550166867004,2.0,0.9523809523809524,41.19845929940364,55.72467466367616,21.11859673024523,58.6254611,29.32510470369317,0.9725,2.0,0.9565217391304348,PAIS,PAIS Alliance
SV,SLV,El Salvador,Central America,0,0,0,2008,3.296968354118073,21.0,0.0476190476190476,4.744600000000001,20.0,0.1363636363636363,56.48333333333334,50.20000000000001,64.69999999999999,52.0,69.39999999999999,52.6,50.0,1.8493367082361452,21.0,0.0476190476190476,22.01591319328744,41.796216964536775,9.315030640736424,17.744566430000003,19.20783873787657,0.084,23.0,0.0434782608695652,ARENA,Nationalist Republican Alliance
GT,GTM,Guatemala,Central America,0,0,0,2008,30.14452940753378,7.0,0.7142857142857143,41.28579999999999,6.0,0.7727272727272727,55.49166666666665,41.1,73.44999999999999,21.099999999999994,72.89999999999999,54.400000000000006,70.0,19.00325881506757,8.0,0.6666666666666666,25.542014536381146,50.22145392343722,9.023331062670296,25.70162908,17.221644079417068,0.744,8.0,0.6956521739130435,UNE,National Unity of Hope
GY,GUY,Guyana,South America,0,0,1,2008,,,,9.90626722222222,15.0,0.3636363636363636,62.14722222222222,50.23333333333333,72.85,64.5,70.7,54.6,60.0,,,,,42.2331640440079,,45.38044226666667,30.369238695077883,0.1594,20.0,0.1739130434782608,PPP,People's Progressive Party
HT,HTI,Haiti,Haiti,1,0,1,2008,43.57806243789021,4.0,0.8571428571428571,59.33035111111111,4.0,0.8636363636363636,65.25555555555556,54.53333333333333,79.2,20.099999999999994,76.4,71.3,90.0,27.8257737646693,6.0,0.7619047619047619,30.604678579706665,47.88162626270992,11.328031335149872,34.898852573333336,28.31020414763352,0.9092,4.0,0.8695652173913043,FL,Lavalas Family
HN,HND,Honduras,Central America,0,0,0,2008,12.94093927852406,12.0,0.4761904761904761,19.20546666666667,11.0,0.5454545454545454,70.60833333333333,56.9,78.35,71.2,81.69999999999999,65.5,70.0,6.676411890381447,17.0,0.238095238095238,24.54563194993179,47.41217103146377,8.475000000000001,22.09072426,20.204632508263387,0.272,18.0,0.2608695652173913,PLH,Liberal Party of Honduras
JM,JAM,Jamaica,Caribbean,0,0,1,2008,5.679867472070452,19.0,0.1428571428571428,5.922975000000001,19.0,0.1818181818181818,26.15,13.699999999999998,40.6,17.0,18.2,17.4,50.0,5.436759944140903,18.0,0.1904761904761904,24.00335516176999,35.355543724331355,13.299156031691131,21.89580494,25.462915951057468,0.2265,19.0,0.217391304347826,JLP,Jamaica Labour Party
MX,MEX,Mexico,Central America,0,0,0,2008,3.8257090164071017,20.0,0.0952380952380952,4.368175,21.0,0.0909090909090909,40.075,33.400000000000006,52.35,30.90000000000001,37.7,36.1,50.0,3.2832430328142035,20.0,0.0952380952380952,30.121495713891772,40.49964067465195,19.17935967302453,37.44481602,23.36216648789062,0.109,22.0,0.0869565217391304,PAN,National Action Party
NI,NIC,Nicaragua,Central America,0,0,0,2008,36.94136819335877,5.0,0.8095238095238095,55.74961,5.0,0.8181818181818182,79.325,83.99999999999999,77.94999999999999,69.6,81.89999999999999,87.5,75.0,18.13312638671753,9.0,0.6190476190476191,25.80126122185193,42.73010432180498,13.488497409301694,26.482867313333333,20.503575842967717,0.7028,9.0,0.6521739130434783,FSLN,Sandinista National Liberation Front
PA,PAN,Panama,Central America,0,0,0,2008,18.841387343711038,10.0,0.5714285714285714,25.308758333333333,8.0,0.6818181818181818,48.09722222222222,36.23333333333333,58.65,29.200000000000003,48.3,46.2,70.0,12.374016354088734,11.0,0.5238095238095238,23.515804549769545,40.51145396847737,16.97070844686648,16.614251196666668,19.966804587067656,0.5262,11.0,0.5652173913043478,PRD,Democratic Revolutionary Party
PY,PRY,Paraguay,South America,0,1,0,2008,15.689749836597583,11.0,0.5238095238095238,20.429138888888883,10.0,0.5909090909090909,50.19444444444444,29.96666666666667,72.19999999999999,19.5,70.39999999999999,44.1,65.0,10.950360784306284,12.0,0.4761904761904761,26.90506335210389,52.55646485124498,10.65465102548374,21.129031826666665,23.280105705020183,0.407,14.0,0.4347826086956521,ANR-PC,National Republican Association - Colorado Party
PE,PER,Peru,South America,0,0,0,2008,9.989690337961283,14.0,0.3809523809523809,12.8212,12.0,0.5,37.48888888888889,23.73333333333333,53.1,19.3,39.2,29.6,60.0,7.158180675922571,16.0,0.2857142857142857,20.930352853574767,37.59556913088023,9.097990463215254,18.0248604,19.002991420203585,0.342,15.0,0.391304347826087,APRA/PAP,American Popular Revolutionary Alliance / Peruvian Aprista Party
SR,SUR,Suriname,South America,0,0,1,2008,,,,,,,27.441666666666663,15.9,45.25,13.299999999999995,20.5,19.7,50.0,,,,,46.44054088788906,,,,,,,,
TT,TTO,Trinidad y Tobago,Caribbean,0,0,1,2008,8.154734286190605,16.0,0.2857142857142857,7.5697777777777775,16.0,0.3181818181818182,23.655555555555555,15.03333333333334,42.0,16.60000000000001,16.0,17.299999999999997,35.0,8.739690794603433,15.0,0.3333333333333333,27.31153373313573,36.36161031491935,33.50878746594006,19.128439596666663,20.247297555016843,0.32,17.0,0.3043478260869565,PNM,People-s National Movement
UY,URY,Uruguay,South America,0,0,0,2008,11.44428165007502,13.0,0.4285714285714285,6.709233333333332,17.0,0.2727272727272727,12.97222222222222,7.13333333333333,20.4,11.099999999999994,4.8,4.4,30.0,16.17932996681671,10.0,0.5714285714285714,31.282540539088764,40.32411986155119,34.57377384196185,31.935775296666662,18.29649315617536,0.5172,12.0,0.5217391304347826,FA/EP,Broad Front / Progressive Encounter
VE,VEN,Venezuela,South America,0,0,0,2008,73.13531372286948,1.0,1.0,91.9974611111111,1.0,1.0,92.55277777777776,95.16666666666669,85.15,96.1,93.3,95.6,90.0,54.27316633462787,1.0,1.0,54.60077096039021,64.89149903876375,47.9932901907357,49.80922286,55.70907175206138,0.994,1.0,1.0,MVR,Fifth Republic Movement
AR,ARG,Argentina,South America,0,0,0,2009,38.0348823774152,5.0,0.8,40.99990555555555,8.0,0.6666666666666666,47.072222222222216,32.43333333333333,59.7,24.3,48.4,37.6,80.0,35.06985919927484,3.0,0.9,40.263902639810375,48.32186027406478,29.61870145661972,49.80655207666666,33.308496751890345,0.871,6.0,0.7727272727272727,FPV-PJ,Front for Victory
BB,BRB,Barbados,Caribbean,0,0,1,2009,20.241339852790546,10.0,0.55,12.0267,13.0,0.4285714285714285,15.908333333333331,13.799999999999995,21.85,23.700000000000003,12.7,13.4,10.0,28.455979705581093,5.0,0.8,37.64018479574219,26.651237567715757,34.08021117166212,55.16476556333333,34.66452488025753,0.756,8.0,0.6818181818181818,DLP,Democratic Labour Party
BO,BOL,Bolivia,South America,0,1,0,2009,45.78558283278035,3.0,0.9,61.35321666666666,3.0,0.9047619047619048,65.33888888888889,57.43333333333334,70.1,56.7,69.19999999999999,58.6,80.0,30.217948998894045,4.0,0.85,32.18098934919494,54.07076940493976,26.379938692098094,24.04056728,24.23268201974189,0.939,3.0,0.9090909090909092,MAS,Movement for Socialism
BR,BRA,Brazil,South America,0,0,0,2009,23.101174385889536,9.0,0.6,22.3428,10.0,0.5714285714285714,34.4,12.399999999999997,60.2,10.200000000000005,55.400000000000006,18.2,50.0,23.85954877177908,7.0,0.7,36.73525599965986,55.11406311602877,24.30539500785057,40.92175658,26.599809294760128,0.6495,11.0,0.5454545454545454,PT,Workers' Party
CL,CHL,Chile,South America,0,0,0,2009,6.828509667591234,18.0,0.15,3.0656000000000003,21.0,0.0476190476190476,6.400000000000001,3.600000000000004,16.5,1.7000000000000028,3.0,3.6,10.0,10.591419335182469,13.0,0.4,22.11152262042269,36.35280190867159,21.36369209809264,17.568104423333335,13.161492051593196,0.479,14.0,0.4090909090909091,PS,Socialist Party of Chile
CO,COL,Colombia,South America,0,0,0,2009,,,,,,,36.16944444444445,20.26666666666667,51.55,17.5,41.1,26.6,60.0,,,,31.372753734467533,40.66863784304872,16.570708446866483,39.80872828666667,28.44294036128825,,,,,
CR,CRI,Costa Rica,Central America,0,0,0,2009,7.7724132738198,16.0,0.25,6.423300000000001,18.0,0.1904761904761904,19.825000000000003,5.00000000000001,33.95,5.1000000000000085,17.9,7.000000000000001,50.0,9.1215265476396,15.0,0.3,28.15285971493703,36.24503138840589,15.841835347098808,43.429926576666674,17.094645547576754,0.324,16.0,0.3181818181818182,PLN,National Liberation Party
NA,CUB,Cuba,Caribbean,0,0,1,2009,,,,,,,,89.39999999999999,,92.2,60.5,84.89999999999999,,,,,,,,,,0.7918000000000001,7.0,0.7272727272727273,PCC,Communist Party of Cuba
DO,DOM,Dominican Republic,Caribbean,0,0,1,2009,7.531008066559632,17.0,0.2,10.603285416666663,14.0,0.3809523809523809,74.01944444444445,69.06666666666668,73.35,80.9,76.7,74.1,70.0,4.4587307164526,19.0,0.1,31.125519835620253,44.17716380933275,11.127145776566763,45.291233266666666,23.906536489914828,0.14325,20.0,0.1363636363636363,PLD,Dominican Liberation Party
EC,ECU,Ecuador,South America,0,0,0,2009,54.38124091635286,2.0,0.95,68.20097777777778,2.0,0.9523809523809524,70.45555555555556,70.03333333333335,70.5,73.8,62.0,71.39999999999999,75.0,40.56150405492794,2.0,0.95,41.902380222033,56.12088282334528,21.11859673024523,61.66233840666666,28.707702927874813,0.968,2.0,0.9545454545454546,PAIS,PAIS Alliance
SV,SLV,El Salvador,Central America,0,0,0,2009,33.42982119495546,7.0,0.7,47.552083333333336,6.0,0.7619047619047619,52.083333333333336,46.19999999999999,61.0,43.3,62.0,50.0,50.0,19.307559056577585,8.0,0.65,21.14738122297654,40.374499867667794,8.832662951024503,17.54037459,17.84198748321387,0.913,4.0,0.8636363636363636,FMLN,Farabundo Martí National Liberation Front
GT,GTM,Guatemala,Central America,0,0,0,2009,30.093480311786124,8.0,0.65,41.09153333333333,7.0,0.7142857142857143,55.230555555555554,41.43333333333333,72.44999999999999,21.099999999999994,72.89999999999999,53.5,70.0,19.09542729023892,9.0,0.6,25.665896895482412,50.92510455830921,8.72360354223433,25.568099996666664,17.446779484719457,0.744,9.0,0.6363636363636364,UNE,National Unity of Hope
GY,GUY,Guyana,South America,0,0,1,2009,,,,8.539991111111112,15.0,0.3333333333333333,62.06388888888889,50.23333333333333,72.35,64.5,70.7,54.6,60.0,,,,,39.86006496742343,,46.78894214,27.323434172877853,0.1376,21.0,0.0909090909090909,PPP,People's Progressive Party
HT,HTI,Haiti,Haiti,1,0,1,2009,42.379523429912005,4.0,0.85,59.29653,4.0,0.8571428571428571,65.55,54.9,80.2,20.099999999999994,76.4,71.7,90.0,25.46251685982401,6.0,0.75,28.147818770532844,45.280366021003,11.328031335149872,33.66899525666667,22.313882469311835,0.9046,5.0,0.8181818181818182,FL,Lavalas Family
HN,HND,Honduras,Central America,0,0,0,2009,11.980101744501388,12.0,0.45,17.639149999999997,11.0,0.5238095238095238,67.32499999999999,54.1,78.35,54.4,81.69999999999999,65.4,70.0,6.32105348900278,17.0,0.2,24.12615835497244,44.68674800402926,8.475000000000001,22.15786867,21.18501674586049,0.262,18.0,0.2272727272727272,PLH,Liberal Party of Honduras
JM,JAM,Jamaica,Caribbean,0,0,1,2009,5.8380179082091725,19.0,0.1,6.064683333333334,19.0,0.1428571428571428,26.48333333333333,13.699999999999998,42.6,17.0,18.2,17.4,50.0,5.611352483085011,18.0,0.15,24.503722633559,32.920687755925066,13.245387850495916,24.88157449333333,26.967240434481678,0.229,19.0,0.1818181818181818,JLP,Jamaica Labour Party
MX,MEX,Mexico,Central America,0,0,0,2009,3.840749502451661,20.0,0.05,4.351825000000001,20.0,0.0952380952380952,39.925,33.400000000000006,51.35,30.90000000000001,37.7,36.2,50.0,3.3296740049033207,20.0,0.05,30.54746793489285,41.385353918510695,20.705245231607627,37.49285593,22.60641665945308,0.109,22.0,0.0454545454545454,PAN,National Action Party
NI,NIC,Nicaragua,Central America,0,0,0,2009,36.90321720188512,6.0,0.75,55.71209888888889,5.0,0.8095238095238095,80.36944444444444,85.36666666666667,77.94999999999999,73.7,81.89999999999999,88.3,75.0,18.094335514881347,10.0,0.55,26.10261903473939,43.31259618273882,13.9100584662863,26.828053083333334,20.359768406599105,0.6932,10.0,0.5909090909090909,FSLN,Sandinista National Liberation Front
PA,PAN,Panama,Central America,0,0,0,2009,19.404570220011664,11.0,0.5,26.01449444444445,9.0,0.6190476190476191,47.99722222222223,36.23333333333333,58.15,29.200000000000003,48.3,46.1,70.0,12.794645995578882,12.0,0.45,23.60635792542229,40.75060869227637,16.97070844686648,17.353075503333333,19.35103905921298,0.542,12.0,0.5,PRD,Democratic Revolutionary Party
PY,PRY,Paraguay,South America,0,1,0,2009,,,,,,,51.11111111111111,29.96666666666667,73.19999999999999,19.5,70.39999999999999,43.6,70.0,,,,25.968275116881944,50.1346003403232,11.264362108805727,21.096673043333336,21.377464975065507,,,,,
PE,PER,Peru,South America,0,0,0,2009,9.883362743594889,14.0,0.35,12.7642,12.0,0.4761904761904761,37.32222222222222,23.73333333333333,52.1,19.3,39.2,29.6,60.0,7.002525487189774,16.0,0.25,20.47522072277712,39.72758591132226,9.179734332425063,17.84760085666667,15.14596179069448,0.342,15.0,0.3636363636363636,APRA/PAP,American Popular Revolutionary Alliance / Peruvian Aprista Party
SR,SUR,Suriname,South America,0,0,1,2009,,,,,,,28.686111111111117,15.866666666666664,42.75,13.299999999999995,20.5,19.7,60.0,,,,,46.563995954555736,,,,,,,,
TT,TTO,Trinidad y Tobago,Caribbean,0,0,1,2009,8.625469821407126,15.0,0.3,7.802083333333335,16.0,0.2857142857142857,24.30555555555556,15.03333333333334,41.0,16.60000000000001,16.0,17.2,40.0,9.448856309480918,14.0,0.35,29.435689437635254,38.23159833559743,40.22540871934605,19.266666666666666,20.01908402893088,0.321,17.0,0.2727272727272727,PNM,People-s National Movement
UY,URY,Uruguay,South America,0,0,0,2009,11.315278042966812,13.0,0.4,6.551944444444444,17.0,0.238095238095238,12.72222222222222,7.13333333333333,18.9,11.099999999999994,4.8,4.4,30.0,16.078611641489182,11.0,0.5,31.22060512910521,38.304209164462215,36.34489100817439,32.4,17.833320343784237,0.515,13.0,0.4545454545454545,FA/EP,Broad Front / Progressive Encounter
VE,VEN,Venezuela,South America,0,0,0,2009,76.08000520581066,1.0,1.0,93.57957777777776,1.0,1.0,94.14444444444445,95.46666666666664,87.4,96.1,94.8,96.1,95.0,58.58043263384357,1.0,1.0,58.93403685497341,61.681615406732895,47.9932901907357,72.10000000000001,53.96124182242502,0.994,1.0,1.0,MVR,Fifth Republic Movement
AR,ARG,Argentina,South America,0,0,0,2010,38.19857381328545,5.0,0.8,40.66118333333333,7.0,0.7142857142857143,46.68333333333334,32.0,59.7,23.0,48.4,37.0,80.0,35.73596429323757,3.0,0.9,41.02866164550812,44.9918066052173,31.242285333579503,52.93333333333334,34.94722130990235,0.871,5.0,0.8181818181818182,FPV-PJ,Front for Victory
BB,BRB,Barbados,Caribbean,0,0,1,2010,21.36889392808969,11.0,0.5,13.767599999999998,11.0,0.5238095238095238,18.21111111111111,13.966666666666663,22.5,23.700000000000003,15.0,14.099999999999998,20.0,28.97018785617939,5.0,0.8,38.32035430711559,26.607277909255245,34.42762261580381,55.63333333333333,36.613183370069976,0.756,9.0,0.6363636363636364,DLP,Democratic Labour Party
BO,BOL,Bolivia,South America,0,1,0,2010,48.16116843227446,3.0,0.9,63.990048888888886,3.0,0.9047619047619048,68.83611111111111,61.06666666666666,70.15,58.1,70.3,63.4,90.0,32.33228797566003,4.0,0.85,34.78086055901466,56.80493021841511,26.379938692098094,28.933333333333334,27.005239992212104,0.9296,3.0,0.9090909090909092,MAS,Movement for Socialism
BR,BRA,Brazil,South America,0,0,0,2010,22.907404290058885,10.0,0.55,21.981366666666663,10.0,0.5714285714285714,34.23888888888889,12.133333333333326,60.2,9.399999999999991,55.400000000000006,18.3,50.0,23.833441913451107,7.0,0.7,37.12374129821045,52.989075173495394,26.746291165877963,41.4,27.359598853468427,0.642,12.0,0.5,PT,Workers' Party
CL,CHL,Chile,South America,0,0,0,2010,1.453996669642081,20.0,0.05,0.7783166666666668,21.0,0.0476190476190476,7.630555555555557,3.233333333333339,17.75,1.7000000000000028,4.5,3.6,15.0,2.129676672617495,20.0,0.05,20.8791830648774,32.70741428929208,19.41137602179836,19.0,12.397941948419174,0.102,22.0,0.0454545454545454,RN,National Renewal
CO,COL,Colombia,South America,0,0,0,2010,,,,,,,32.81944444444445,19.566666666666677,48.85,16.900000000000006,35.7,25.9,50.0,,,,29.867554686661958,35.047111415276426,17.341825613079017,38.66666666666666,28.41461505162571,,,,,
CR,CRI,Costa Rica,Central America,0,0,0,2010,7.704233691149351,15.0,0.3,6.083100000000001,18.0,0.1904761904761904,18.775,4.900000000000006,31.65,5.1000000000000085,14.3,6.7,50.0,9.3253673822987,14.0,0.35,28.781998093514503,37.84093326853339,16.02690735694823,44.06666666666666,17.193485081909742,0.324,16.0,0.3181818181818182,PLN,National Liberation Party
NA,CUB,Cuba,Caribbean,0,0,1,2010,,,,,,,,89.39999999999999,,92.2,60.5,85.0,,,,,,,,,,0.7916000000000001,8.0,0.6818181818181818,PCC,Communist Party of Cuba
DO,DOM,Dominican Republic,Caribbean,0,0,1,2010,6.407572068795686,16.0,0.25,9.428108333333332,14.0,0.3809523809523809,73.08611111111111,68.06666666666666,73.35,76.7,76.7,73.7,70.0,3.387035804258038,18.0,0.15,26.256091505876263,44.88515602366911,10.819243869209814,29.73333333333333,19.5866327972928,0.129,18.0,0.2272727272727272,PLD,Dominican Liberation Party
EC,ECU,Ecuador,South America,0,0,0,2010,55.49919348730692,2.0,0.95,69.69614930555556,2.0,0.9523809523809524,72.13055555555556,71.13333333333334,71.65,74.0,63.3,72.7,80.0,41.30223766905827,2.0,0.95,42.7448772771625,54.87307216289268,22.268596730245235,65.36666666666666,28.47117354884547,0.96625,2.0,0.9545454545454546,PAIS,PAIS Alliance
SV,SLV,El Salvador,Central America,0,0,0,2010,31.044882430245984,7.0,0.7,43.36575,6.0,0.7619047619047619,50.25,42.50000000000001,61.5,39.2,62.0,46.3,50.0,18.72401486049197,9.0,0.6,21.696425099063696,41.259884803094685,9.026634877384204,18.633333333333336,17.865847382442553,0.863,6.0,0.7727272727272727,FMLN,Farabundo Martí National Liberation Front
GT,GTM,Guatemala,Central America,0,0,0,2010,29.542831003117925,8.0,0.65,40.3806,8.0,0.6666666666666666,54.275,41.6,70.94999999999999,21.700000000000003,72.89999999999999,53.5,65.0,18.705062006235845,10.0,0.55,25.14121237397291,50.50619129831379,8.36938010899182,26.6,15.089278088586028,0.744,10.0,0.5909090909090909,UNE,National Unity of Hope
GY,GUY,Guyana,South America,0,0,1,2010,,,,7.319203333333333,16.0,0.2857142857142857,63.20555555555556,51.13333333333333,72.6,64.5,71.2,54.8,65.0,,,,,39.75653118769082,,46.333333333333336,28.21972958243273,0.1158,21.0,0.0909090909090909,PPP,People's Progressive Party
HT,HTI,Haiti,Haiti,1,0,1,2010,44.10944827647331,4.0,0.85,61.055,4.0,0.8571428571428571,67.83888888888889,61.23333333333334,81.2,20.099999999999994,76.4,78.10000000000001,90.0,27.163896552946618,6.0,0.75,30.182107281051795,49.504295127526746,12.628031335149863,34.300000000000004,24.29610266153057,0.9,4.0,0.8636363636363636,FL,Lavalas Family
HN,HND,Honduras,Central America,0,0,0,2010,6.195249584790288,17.0,0.2,9.256177777777776,15.0,0.3333333333333333,72.31388888888888,61.833333333333336,77.45,74.1,80.9,69.6,70.0,3.1343213918027977,19.0,0.1,24.48688587345936,45.70544695062316,8.475000000000001,23.266666666666666,20.500429876547592,0.128,19.0,0.1818181818181818,PNH,National Party of Honduras
JM,JAM,Jamaica,Caribbean,0,0,1,2010,5.905371619016417,18.0,0.15,6.363677777777778,17.0,0.238095238095238,27.48888888888889,13.533333333333331,43.6,16.5,18.2,18.1,55.0,5.447065460255056,16.0,0.25,23.529440433067197,32.40352352127213,11.29322207084468,23.866666666666664,26.5543494734853,0.2315,17.0,0.2727272727272727,JLP,Jamaica Labour Party
MX,MEX,Mexico,Central America,0,0,0,2010,4.171950862262793,19.0,0.1,4.833666666666667,20.0,0.0952380952380952,40.28055555555556,33.733333333333334,50.85,33.7,37.7,35.7,50.0,3.510235057858919,17.0,0.2,29.251958815490998,37.6462839106267,19.38753405994551,37.9,22.074017291391776,0.12,20.0,0.1363636363636363,PAN,National Action Party
NI,NIC,Nicaragua,Central America,0,0,0,2010,36.79917786643831,6.0,0.75,55.3716,5.0,0.8095238095238095,81.0,85.5,79.4,73.7,83.8,88.6,75.0,18.22675573287662,11.0,0.5,26.662896039901437,45.172520988163626,14.499965940054503,28.633333333333336,18.345763898054276,0.6836,11.0,0.5454545454545454,FSLN,Sandinista National Liberation Front
PA,PAN,Panama,Central America,0,0,0,2010,27.98766558774552,9.0,0.6,37.18490388888889,9.0,0.6190476190476191,46.33055555555556,36.23333333333333,57.15,29.200000000000003,48.3,47.1,60.0,18.790427286602156,8.0,0.65,23.411945286072957,38.24494422629927,16.97070844686648,18.933333333333334,19.49879513779273,0.8026,7.0,0.7272727272727273,CD,Democratic Change
PY,PRY,Paraguay,South America,0,1,0,2010,,,,,,,51.11111111111111,29.96666666666667,73.19999999999999,19.5,70.39999999999999,43.6,70.0,,,,25.439596646235792,47.38422561505959,11.202111716621246,21.53333333333333,21.638715919929,,,,,
PE,PER,Peru,South America,0,0,0,2010,9.527451187299633,14.0,0.35,12.62075,13.0,0.4285714285714285,36.90277777777778,22.86666666666667,52.15,16.900000000000006,40.3,29.2,60.0,6.434152374599266,15.0,0.3,18.81331103683996,33.869083842389394,9.809400544959123,19.46666666666667,12.10809309334465,0.342,15.0,0.3636363636363636,APRA/PAP,American Popular Revolutionary Alliance / Peruvian Aprista Party
SR,SUR,Suriname,South America,0,0,1,2010,,,,,,,29.46388888888889,17.53333333333333,42.25,15.5,20.5,21.0,60.0,,,,35.607836543992185,46.51670134263879,26.205858310626702,34.06666666666667,35.642119856036565,,,,,
TT,TTO,Trinidad y Tobago,Caribbean,0,0,1,2010,13.54521870583968,12.0,0.45,13.172945138888892,12.0,0.4761904761904761,27.202777777777783,15.566666666666672,42.35,16.60000000000001,20.7,18.0,50.0,13.91749227279047,13.0,0.4,28.740304125535303,37.7114270258327,37.50061307901908,20.23333333333333,19.51584306395609,0.48425,14.0,0.4090909090909091,UNC,United National Congress
UY,URY,Uruguay,South America,0,0,0,2010,11.05797558711814,13.0,0.4,6.007088888888888,19.0,0.1428571428571428,11.755555555555556,7.433333333333337,17.9,10.700000000000005,4.8,4.7,25.0,16.108862285347392,12.0,0.45,31.52419233923169,39.04624956991197,36.75361035422344,32.56666666666667,17.730242766124682,0.511,13.0,0.4545454545454545,FA/EP,Broad Front / Progressive Encounter
VE,VEN,Venezuela,South America,0,0,0,2010,77.20749779640775,1.0,1.0,94.00414444444444,1.0,1.0,95.33888888888887,95.53333333333336,88.4,96.2,95.8,96.1,100.0,60.41085114837104,1.0,1.0,61.26861171234386,64.24339311275291,47.9932901907357,77.43333333333334,55.40443021255352,0.986,1.0,1.0,PSUV,United Socialist Party of Venezuela
AR,ARG,Argentina,South America,0,0,0,2011,38.97617455716715,5.0,0.8095238095238095,41.59025,7.0,0.7272727272727273,47.75,33.4,59.7,27.700000000000003,48.4,37.3,80.0,36.3620991143343,3.0,0.9047619047619048,41.74753055606693,44.8612834799419,33.0490737078381,52.26666666666667,36.81309836982106,0.871,5.0,0.8260869565217391,FPV-PJ,Front for Victory
BB,BRB,Barbados,Caribbean,0,0,1,2011,20.448768978575828,11.0,0.5238095238095238,13.5156,11.0,0.5454545454545454,17.877777777777776,13.966666666666663,20.5,23.700000000000003,15.0,14.099999999999998,20.0,27.38193795715166,5.0,0.8095238095238095,36.21949465231701,26.0535811070383,31.66514209537348,54.56666666666666,32.5925887401896,0.756,9.0,0.6521739130434783,DLP,Democratic Labour Party
BO,BOL,Bolivia,South America,0,1,0,2011,47.56034850901978,3.0,0.9047619047619048,63.57303944444444,3.0,0.9090909090909092,69.08611111111111,61.06666666666666,71.65,58.1,70.3,63.4,90.0,31.547657573595128,4.0,0.8571428571428571,34.283479214947974,56.8130294148119,26.379938692098094,27.066666666666663,26.87428208621523,0.9202,3.0,0.9130434782608696,MAS,Movement for Socialism
BR,BRA,Brazil,South America,0,0,0,2011,23.17135704195055,10.0,0.5714285714285714,22.137312499999997,10.0,0.5909090909090909,33.87499999999999,11.999999999999991,59.05,8.899999999999991,55.1,18.2,50.0,24.205401583901104,7.0,0.7142857142857143,37.03963517046841,52.54854599159063,27.00293294628748,41.36666666666667,27.24039507732885,0.6535,12.0,0.5217391304347826,PT,Workers' Party
CL,CHL,Chile,South America,0,0,0,2011,1.646661248752218,21.0,0.0476190476190476,0.9044777777777772,22.0,0.0454545454545454,7.797222222222224,3.233333333333339,18.75,1.7000000000000028,4.5,3.6,15.0,2.388844719726659,21.0,0.0476190476190476,20.593488963160876,33.34442381098045,18.707016348773838,17.366666666666664,12.955849026222538,0.1159999999999999,21.0,0.1304347826086956,RN,National Renewal
CO,COL,Colombia,South America,0,0,0,2011,11.674884319225576,13.0,0.4285714285714285,12.166,13.0,0.4545454545454545,30.8,18.000000000000004,46.7,16.60000000000001,30.4,23.1,50.0,11.183768638451154,14.0,0.3809523809523809,28.313338325192795,33.732593354789046,14.87316076294278,38.06666666666667,26.58093251637268,0.395,15.0,0.391304347826087,Partido-U,Social Party of National Unity
CR,CRI,Costa Rica,Central America,0,0,0,2011,6.7449267879995,16.0,0.2857142857142857,5.746500000000001,20.0,0.1363636363636363,17.736111111111114,4.866666666666674,30.65,5.1000000000000085,14.3,6.5,45.0,7.743353575998998,15.0,0.3333333333333333,23.899239432095676,38.23484278534578,15.979223433242502,26.433333333333334,14.949558176461068,0.324,17.0,0.3043478260869565,PLN,National Liberation Party
NA,CUB,Cuba,Caribbean,0,0,1,2011,,,,,,,,89.39999999999999,,92.2,60.5,85.0,,,,,,,,,,0.7914,7.0,0.7391304347826086,PCC,Communist Party of Cuba
DO,DOM,Dominican Republic,Caribbean,0,0,1,2011,6.511280902607874,17.0,0.238095238095238,9.651162037037032,15.0,0.3636363636363636,74.43055555555556,69.53333333333335,73.35,82.7,76.7,74.3,70.0,3.3713997681787147,19.0,0.1428571428571428,26.000512350992672,46.02231820212395,10.580871629210243,27.633333333333336,19.76552623930316,0.1296666666666666,20.0,0.1739130434782608,PLD,Dominican Liberation Party
EC,ECU,Ecuador,South America,0,0,0,2011,55.048808644361095,2.0,0.9523809523809524,69.44132083333334,2.0,0.9545454545454546,71.99722222222222,71.33333333333333,70.65,74.0,63.3,72.7,80.0,40.656296455388855,2.0,0.9523809523809524,42.152717942342,54.49192326405986,22.268596730245235,65.03333333333333,26.817018441729545,0.9645,2.0,0.9565217391304348,PAIS,PAIS Alliance
SV,SLV,El Salvador,Central America,0,0,0,2011,30.06011642753947,7.0,0.7142857142857143,42.547,6.0,0.7727272727272727,52.333333333333336,42.50000000000001,64.0,39.2,62.0,46.3,60.0,17.57323285507894,11.0,0.5238095238095238,21.61529256467274,41.688038011011415,9.893119891008176,16.7,18.18001235667137,0.8130000000000001,6.0,0.782608695652174,FMLN,Farabundo Martí National Liberation Front
GT,GTM,Guatemala,Central America,0,0,0,2011,29.307133462581437,8.0,0.6666666666666666,40.5294,8.0,0.6818181818181818,54.475,42.0,69.44999999999999,23.90000000000001,72.89999999999999,53.6,65.0,18.084866925162867,8.0,0.6666666666666666,24.30761683489633,49.43008033675945,8.301260217983653,24.53333333333333,14.965793451508894,0.744,10.0,0.6086956521739131,UNE,National Unity of Hope
GY,GUY,Guyana,South America,0,0,1,2011,,,,6.019655555555556,19.0,0.1818181818181818,64.03888888888889,51.13333333333333,72.6,64.5,71.2,54.8,70.0,,,,,36.73357590013587,,44.73333333333333,28.21704445218669,0.094,23.0,0.0434782608695652,PPP,People's Progressive Party
HT,HTI,Haiti,Haiti,1,0,1,2011,44.05417395259969,4.0,0.8571428571428571,61.34484888888888,4.0,0.8636363636363636,68.5111111111111,60.866666666666674,80.6,21.200000000000003,79.2,79.2,90.0,26.7634990163105,6.0,0.7619047619047619,29.889992200480798,48.43979851808057,12.628031335149863,32.1,26.39213894869273,0.8954,4.0,0.8695652173913043,FL,Lavalas Family
HN,HND,Honduras,Central America,0,0,0,2011,5.055694980637615,19.0,0.1428571428571428,7.507066666666665,16.0,0.3181818181818182,72.18333333333332,60.7,78.19999999999999,74.1,81.39999999999999,68.7,70.0,2.6043232946085637,20.0,0.0952380952380952,25.04157014046696,45.90712587883287,8.475000000000001,22.266666666666666,23.51748801636829,0.104,22.0,0.0869565217391304,PNH,National Party of Honduras
JM,JAM,Jamaica,Caribbean,0,0,1,2011,6.026248129319041,18.0,0.1904761904761904,6.670300000000001,17.0,0.2727272727272727,28.50555555555556,13.533333333333331,44.1,16.5,18.2,18.7,60.0,5.38219625863808,17.0,0.238095238095238,23.000838712128548,31.31359659729918,11.77278610354224,22.5,26.41697214767276,0.234,18.0,0.2608695652173913,JLP,Jamaica Labour Party
MX,MEX,Mexico,Central America,0,0,0,2011,4.536667409772104,20.0,0.0952380952380952,5.309502777777778,21.0,0.0909090909090909,40.53055555555556,33.733333333333334,52.35,33.7,37.7,35.7,50.0,3.763832041766429,18.0,0.1904761904761904,28.73154230356052,34.99526962227251,19.59189373297004,38.1,22.239005858999533,0.131,19.0,0.217391304347826,PAN,National Action Party
NI,NIC,Nicaragua,Central America,0,0,0,2011,36.40578632659925,6.0,0.7619047619047619,55.20060000000001,5.0,0.8181818181818182,81.9,85.5,79.4,73.7,83.8,89.0,80.0,17.610972653198488,10.0,0.5714285714285714,26.12903954480488,46.84115658209648,13.896423705722066,26.1,17.678577891400963,0.674,11.0,0.5652173913043478,FSLN,Sandinista National Liberation Front
PA,PAN,Panama,Central America,0,0,0,2011,26.45813121707857,9.0,0.6190476190476191,35.220488333333336,9.0,0.6363636363636364,46.33055555555556,36.23333333333333,57.15,29.200000000000003,48.3,47.1,60.0,17.695774100823805,9.0,0.6190476190476191,23.27778755699001,38.584771703960136,16.97070844686648,17.633333333333336,19.922336743800088,0.7602,8.0,0.6956521739130435,CD,Democratic Change
PY,PRY,Paraguay,South America,0,1,0,2011,,,,,,,51.394444444444446,29.96666666666667,74.69999999999999,19.5,70.39999999999999,43.8,70.0,,,,24.597689132555704,45.20738646106288,11.421457765667569,19.7,22.061912303492377,,,,,
PE,PER,Peru,South America,0,0,0,2011,8.615308550796012,15.0,0.3333333333333333,10.99435,14.0,0.4090909090909091,32.14722222222222,20.63333333333334,44.55,14.900000000000006,26.1,26.700000000000003,60.0,6.236267101592025,16.0,0.2857142857142857,18.23469912746206,33.070371290198835,8.854359673024526,18.96666666666667,12.047398879958216,0.342,16.0,0.3478260869565217,APRA/PAP,American Popular Revolutionary Alliance / Peruvian Aprista Party
SR,SUR,Suriname,South America,0,0,1,2011,,,,,,,29.41388888888889,17.53333333333333,41.75,15.5,20.5,21.2,60.0,,,,34.994835363095675,46.59998950177231,27.37207084468665,31.2,34.80728110592375,,,,,
TT,TTO,Trinidad y Tobago,Caribbean,0,0,1,2011,13.149665638639906,12.0,0.4761904761904761,12.812508333333335,12.0,0.5,27.202777777777783,15.566666666666672,42.35,16.60000000000001,20.7,18.0,50.0,13.486822943946478,13.0,0.4285714285714285,28.634443617720763,38.177964596637175,37.50061307901908,19.4,19.45919679522681,0.471,14.0,0.4347826086956521,UNC,United National Congress
UY,URY,Uruguay,South America,0,0,0,2011,11.29329463020322,14.0,0.3809523809523809,6.467066666666666,18.0,0.2272727272727272,12.755555555555556,7.433333333333337,18.9,10.700000000000005,4.8,4.7,30.0,16.119522593739774,12.0,0.4761904761904761,31.793930165167204,40.30172428118862,36.63099455040872,32.4,17.843001829071483,0.507,13.0,0.4782608695652174,FA/EP,Broad Front / Progressive Encounter
VE,VEN,Venezuela,South America,0,0,0,2011,76.77000362578744,1.0,1.0,93.36324444444443,1.0,1.0,94.68888888888888,95.73333333333332,88.4,96.7,95.8,96.5,95.0,60.17676280713046,1.0,1.0,61.03119960155219,64.89981464232721,47.9932901907357,77.66666666666667,53.565026906479154,0.986,1.0,1.0,PSUV,United Socialist Party of Venezuela
AR,ARG,Argentina,South America,0,0,0,2012,41.13316509358707,5.0,0.8095238095238095,41.66254166666667,6.0,0.7727272727272727,47.80555555555557,33.333333333333336,59.7,27.5,48.4,37.9,80.0,40.60378852050746,3.0,0.9047619047619048,46.59069250775383,47.16246207518145,37.707910554154246,53.1,48.39239740167963,0.8714999999999999,5.0,0.8260869565217391,FPV-PJ,Front for Victory
BB,BRB,Barbados,Caribbean,0,0,1,2012,20.78771551753264,10.0,0.5714285714285714,13.263599999999997,11.0,0.5454545454545454,17.54444444444444,13.966666666666663,18.5,23.700000000000003,15.0,14.099999999999998,20.0,28.31183103506529,6.0,0.7619047619047619,37.44951195114456,26.40530244580786,35.056236492385416,54.73333333333333,33.60317553305163,0.756,9.0,0.6521739130434783,DLP,Democratic Labour Party
BO,BOL,Bolivia,South America,0,1,0,2012,47.42879193626443,3.0,0.9047619047619048,63.01471000000001,3.0,0.9090909090909092,69.18611111111112,61.46666666666667,71.15,58.1,70.3,64.1,90.0,31.84287387252885,4.0,0.8571428571428571,34.96143376430484,58.37846553054575,27.317438692098097,25.73333333333333,28.416497501242176,0.9108,3.0,0.9130434782608696,MAS,Movement for Socialism
BR,BRA,Brazil,South America,0,0,0,2012,23.77491770906753,9.0,0.6190476190476191,22.51209722222222,10.0,0.5909090909090909,33.852777777777774,12.166666666666664,59.05,8.899999999999991,55.1,17.9,50.0,25.03773819591284,7.0,0.7142857142857143,37.65073412919224,53.68550748921151,31.430760348052942,38.06666666666667,27.42000201283781,0.665,12.0,0.5217391304347826,PT,Workers' Party
CL,CHL,Chile,South America,0,0,0,2012,1.8247676127818735,21.0,0.0476190476190476,0.8489722222222224,22.0,0.0454545454545454,6.530555555555556,3.233333333333339,16.25,1.7000000000000028,4.5,3.5000000000000004,10.0,2.800563003341525,20.0,0.0952380952380952,21.542792333396346,35.469095575819786,18.86622708745105,14.800000000000002,17.03584667031454,0.13,22.0,0.0869565217391304,RN,National Renewal
CO,COL,Colombia,South America,0,0,0,2012,11.911545558159542,13.0,0.4285714285714285,12.324444444444444,13.0,0.4545454545454545,30.811111111111117,17.566666666666666,47.7,16.60000000000001,30.4,22.6,50.0,11.49864667187464,14.0,0.3809523809523809,28.7466166796866,31.97759022658831,19.36731905989246,37.1,26.541557432265638,0.4,15.0,0.391304347826087,Partido-U,Social Party of National Unity
CR,CRI,Costa Rica,Central America,0,0,0,2012,6.923793923512147,16.0,0.2857142857142857,5.748300000000001,21.0,0.0909090909090909,17.74166666666667,4.800000000000007,30.65,5.1000000000000085,14.3,6.6000000000000005,45.0,8.099287847024291,15.0,0.3333333333333333,24.99780199698855,38.78209550918149,20.372097789337204,25.53333333333333,15.303681356102167,0.324,16.0,0.3478260869565217,PLN,National Liberation Party
NA,CUB,Cuba,Caribbean,0,0,1,2012,,,,,,,,89.39999999999999,,92.2,60.5,85.0,,,,,,,,,,0.7912,7.0,0.7391304347826086,PCC,Communist Party of Cuba
DO,DOM,Dominican Republic,Caribbean,0,0,1,2012,6.596198926129851,18.0,0.1904761904761904,9.729745370370368,15.0,0.3636363636363636,74.65277777777779,69.26666666666667,73.35,84.8,76.7,73.8,70.0,3.462652481889335,19.0,0.1428571428571428,26.567666101452705,46.646237204041086,11.267155072426696,28.3,20.057272129343037,0.1303333333333333,21.0,0.1304347826086956,PLD,Dominican Liberation Party
EC,ECU,Ecuador,South America,0,0,0,2012,55.60697123866412,2.0,0.9523809523809524,69.97855347222223,2.0,0.9545454545454546,72.68611111111112,72.46666666666667,69.15,77.6,63.3,73.6,80.0,41.235389005106015,2.0,0.9523809523809524,42.83083770979592,54.54620562824882,22.268596730245235,64.39999999999999,30.108548480689585,0.96275,2.0,0.9565217391304348,PAIS,PAIS Alliance
SV,SLV,El Salvador,Central America,0,0,0,2012,28.76280762126152,7.0,0.7142857142857143,39.45981666666667,7.0,0.7272727272727273,51.71666666666667,41.6,63.0,39.2,62.0,44.5,60.0,18.06579857585636,8.0,0.6666666666666666,23.67732447687596,47.39286170466914,9.298949476668518,15.966666666666669,22.050820059499507,0.763,8.0,0.6956521739130435,FMLN,Farabundo Martí National Liberation Front
GT,GTM,Guatemala,Central America,0,0,0,2012,8.356745921736536,15.0,0.3333333333333333,11.591955555555554,14.0,0.4090909090909091,55.730555555555554,42.23333333333333,70.25,25.200000000000003,72.5,54.2,70.0,5.121536287917517,17.0,0.238095238095238,24.622770614988063,51.21992473212714,8.287636239782017,24.23333333333333,14.750188154709754,0.208,18.0,0.2608695652173913,PP,Patriotic Party
GY,GUY,Guyana,South America,0,0,1,2012,,,,8.708333333333334,16.0,0.3181818181818182,63.333333333333336,50.1,72.1,62.0,71.2,54.6,70.0,,,,,38.20406492237685,,47.53333333333333,28.06315710323328,0.1375,20.0,0.1739130434782608,PPP,People's Progressive Party
HT,HTI,Haiti,Haiti,1,0,1,2012,46.107638378476246,4.0,0.8571428571428571,61.65573222222223,4.0,0.8636363636363636,69.21388888888889,61.133333333333326,80.85,21.200000000000003,83.7,78.4,90.0,30.559544534730268,5.0,0.8095238095238095,34.3057302814664,51.063583665190265,12.628031335149863,48.0,25.53130612552544,0.8908,4.0,0.8695652173913043,FL,Lavalas Family
HN,HND,Honduras,Central America,0,0,0,2012,3.952614747432689,20.0,0.0952380952380952,5.868888888888881,20.0,0.1363636363636363,73.3611111111111,64.06666666666666,78.69999999999999,74.1,81.39999999999999,71.89999999999999,70.0,2.036340605976497,21.0,0.0476190476190476,25.454257574706247,47.6504182417494,8.475000000000001,21.96666666666667,23.724945390408912,0.0799999999999999,23.0,0.0434782608695652,PNH,National Party of Honduras
JM,JAM,Jamaica,Caribbean,0,0,1,2012,6.778901683840276,17.0,0.238095238095238,7.362030000000002,17.0,0.2727272727272727,27.950000000000003,13.300000000000002,42.6,15.900000000000006,18.2,17.7,60.0,6.195773367680551,16.0,0.2857142857142857,23.522298282765945,32.06305258493057,13.191189097698883,22.53333333333333,26.301618115101,0.2634,17.0,0.3043478260869565,PNP,People's National Party
MX,MEX,Mexico,Central America,0,0,0,2012,5.229002904245309,19.0,0.1428571428571428,6.191988888888888,19.0,0.1818181818181818,43.605555555555554,35.233333333333334,57.4,34.2,45.8,39.0,50.0,4.2660169196017295,18.0,0.1904761904761904,30.04237267325162,36.81814809728879,19.268426430517717,37.833333333333336,26.249582831866626,0.142,19.0,0.217391304347826,PAN,National Action Party
NI,NIC,Nicaragua,Central America,0,0,0,2012,37.577649209144106,6.0,0.7619047619047619,57.435927777777785,5.0,0.8181818181818182,84.83888888888889,88.63333333333333,79.4,82.2,83.8,90.0,85.0,17.719370640510427,9.0,0.6190476190476191,26.17336874521481,48.08230984558888,13.712992910541312,25.33333333333333,17.564838891395723,0.677,11.0,0.5652173913043478,FSLN,Sandinista National Liberation Front
PA,PAN,Panama,Central America,0,0,0,2012,24.944404217329243,8.0,0.6666666666666666,33.13643944444445,8.0,0.6818181818181818,46.16388888888889,36.23333333333333,56.15,29.200000000000003,48.3,47.1,60.0,16.75236899021404,10.0,0.5714285714285714,23.33849120954868,38.66264979452552,16.97070844686648,17.400000000000002,20.320606596802712,0.7178,10.0,0.6086956521739131,CD,Democratic Change
PY,PRY,Paraguay,South America,0,1,0,2012,,,,,,,54.65833333333333,32.1,78.25,22.39999999999999,78.5,46.7,70.0,,,,25.109029940010352,46.47430424521633,11.390155252405592,19.53333333333333,23.038326929086143,,,,,
PE,PER,Peru,South America,0,0,0,2012,19.607296941989333,11.0,0.5238095238095238,24.589,9.0,0.6363636363636364,30.58333333333333,18.8,44.5,12.099999999999994,24.0,24.1,60.0,14.625593883978665,12.0,0.4761904761904761,18.19103716912769,32.476255600451495,9.00274368869664,18.166666666666668,13.118482720695958,0.804,6.0,0.782608695652174,PNP,Peruvian Nationalist Party
SR,SUR,Suriname,South America,0,0,1,2012,,,,,,,29.819444444444443,17.966666666666665,41.75,16.799999999999997,20.5,21.9,60.0,,,,35.718265683112506,48.14888012850785,28.22608540968128,31.83333333333333,34.66476386092755,,,,,
TT,TTO,Trinidad y Tobago,Caribbean,0,0,1,2012,13.058050151379248,12.0,0.4761904761904761,12.45207152777778,12.0,0.5,27.202777777777783,15.566666666666672,42.35,16.60000000000001,20.7,18.0,50.0,13.664028774980714,13.0,0.4285714285714285,29.850417859051262,37.51037324029625,36.68317438692098,19.96666666666667,25.24145714232113,0.45775,14.0,0.4347826086956521,UNC,United National Congress
UY,URY,Uruguay,South America,0,0,0,2012,10.985243732126998,14.0,0.3809523809523809,6.332211111111111,18.0,0.2272727272727272,12.588888888888889,7.433333333333337,17.9,10.700000000000005,4.8,4.7,30.0,15.638276353142883,11.0,0.5238095238095238,31.090012630502752,36.13952275758021,37.84352861035422,32.2,18.1769991540766,0.503,13.0,0.4782608695652174,FA/EP,Broad Front / Progressive Encounter
VE,VEN,Venezuela,South America,0,0,0,2012,77.25360414055939,1.0,1.0,93.28107777777778,1.0,1.0,94.60555555555555,95.73333333333332,87.9,96.7,95.8,96.5,95.0,61.226130503341,1.0,1.0,62.09546704192799,67.01086159656175,47.9932901907357,77.86666666666666,55.51104971374786,0.986,1.0,1.0,PSUV,United Socialist Party of Venezuela
AR,ARG,Argentina,South America,0,0,0,2013,42.5058115698599,5.0,0.8181818181818182,43.68477777777778,6.0,0.782608695652174,50.09722222222223,34.53333333333334,61.15,29.200000000000003,52.3,38.4,85.0,41.32684536194201,3.0,0.9090909090909092,47.393171286630746,47.95445648947955,39.250019153228166,53.2,49.16820950381528,0.872,5.0,0.8333333333333334,FPV-PJ,Front for Victory
BB,BRB,Barbados,Caribbean,0,0,1,2013,21.411540847819545,11.0,0.5454545454545454,13.2258,12.0,0.5217391304347826,17.494444444444444,13.966666666666663,18.5,23.700000000000003,15.0,13.8,20.0,29.597281695639094,6.0,0.7727272727272727,39.14984351275013,32.95348612745354,35.71779028642458,55.96666666666667,31.96143097045571,0.756,8.0,0.7083333333333334,DLP,Democratic Labour Party
BO,BOL,Bolivia,South America,0,1,0,2013,46.039650581618815,3.0,0.9090909090909092,60.01821666666668,5.0,0.8260869565217391,66.58333333333334,57.9,68.9,55.8,65.8,61.1,90.0,32.06108449657096,4.0,0.8636363636363636,35.56809906431214,58.68018367593246,27.317438692098097,27.53333333333333,28.741440555884687,0.9014,3.0,0.9166666666666666,MAS,Movement for Socialism
BR,BRA,Brazil,South America,0,0,0,2013,23.887456145715085,10.0,0.5909090909090909,22.37899583333333,11.0,0.5652173913043478,33.08055555555556,11.333333333333329,58.55,6.599999999999994,55.1,16.900000000000002,50.0,25.39591645809684,7.0,0.7272727272727273,37.540157365996805,54.32168022486754,29.59310245695529,38.53333333333333,27.712513448831068,0.6765,11.0,0.5833333333333334,PT,Workers' Party
CL,CHL,Chile,South America,0,0,0,2013,2.043853296296154,22.0,0.0454545454545454,1.0344,23.0,0.0434782608695652,7.183333333333334,3.200000000000003,17.2,2.799999999999997,6.4,3.5000000000000004,10.0,3.053306592592308,20.0,0.1363636363636363,21.203518004113253,35.178869511309095,17.418946612044365,15.133333333333336,17.082922559766217,0.144,21.0,0.1666666666666666,RN,National Renewal
CO,COL,Colombia,South America,0,0,0,2013,12.223547151666926,14.0,0.4090909090909091,12.795749999999998,13.0,0.4782608695652174,31.594444444444445,18.76666666666667,48.2,18.10000000000001,30.4,24.1,50.0,11.651344303333854,15.0,0.3636363636363636,28.768751366256435,31.886877109034643,23.18682402371684,33.766666666666666,26.234637665607597,0.4049999999999999,16.0,0.375,Partido-U,Social Party of National Unity
CR,CRI,Costa Rica,Central America,0,0,0,2013,7.1706772917900565,17.0,0.2727272727272727,6.192900000000001,20.0,0.1739130434782608,19.11388888888889,5.13333333333334,33.15,5.6000000000000085,14.3,6.5,50.0,8.148454583580113,16.0,0.3181818181818182,25.14955118388924,39.75930258515715,20.56603298401277,24.866666666666664,15.406202499720358,0.324,17.0,0.3333333333333333,PLN,National Liberation Party
NA,CUB,Cuba,Caribbean,0,0,1,2013,,,,,,,,88.76666666666667,,92.8,60.5,83.8,,,,,,,,,,0.791,7.0,0.75,PCC,Communist Party of Cuba
DO,DOM,Dominican Republic,Caribbean,0,0,1,2013,6.596882335913461,19.0,0.1818181818181818,9.59938888888889,17.0,0.3043478260869565,73.27777777777779,69.66666666666667,71.5,87.7,69.0,71.8,70.0,3.594375782938033,19.0,0.1818181818181818,27.43798307586285,48.00293585796337,11.420601324328508,29.03333333333333,21.295061787826175,0.131,22.0,0.125,PLD,Dominican Liberation Party
EC,ECU,Ecuador,South America,0,0,0,2013,57.46017269835736,2.0,0.9545454545454546,72.39533333333334,2.0,0.9565217391304348,75.33333333333334,76.60000000000001,69.30000000000001,84.8,65.60000000000001,75.7,80.0,42.52501206338137,2.0,0.9545454545454546,44.25079298999102,60.00607422440447,22.268596730245235,64.36666666666666,30.361834338647697,0.961,2.0,0.9583333333333334,PAIS,PAIS Alliance
SV,SLV,El Salvador,Central America,0,0,0,2013,26.583830777635512,7.0,0.7272727272727273,34.4968962962963,7.0,0.7391304347826086,46.077777777777776,38.766666666666666,55.6,36.2,45.2,40.7,60.0,18.670765258974725,8.0,0.6818181818181818,24.93868912596802,48.62731830182147,11.92218461701745,16.8,22.405253585033144,0.7486666666666667,9.0,0.6666666666666666,FMLN,Farabundo Martí National Liberation Front
GT,GTM,Guatemala,Central America,0,0,0,2013,8.992244717759542,16.0,0.3181818181818182,12.50125,14.0,0.4347826086956521,55.56111111111111,36.266666666666666,76.80000000000001,20.39999999999999,80.60000000000001,49.3,70.0,5.483239435519082,18.0,0.2272727272727272,24.36995304675148,49.61432854159278,8.600987738419619,24.83333333333333,14.431162573660169,0.225,19.0,0.25,PP,Patriotic Party
GY,GUY,Guyana,South America,0,0,1,2013,,,,11.325572222222222,16.0,0.3478260869565217,62.57222222222222,50.53333333333333,71.5,62.4,68.0,53.0,70.0,,,,,38.611717434072,,48.03333333333333,28.147824017093143,0.181,20.0,0.2083333333333333,PPP,People's Progressive Party
HT,HTI,Haiti,Haiti,1,0,1,2013,45.0640619401862,4.0,0.8636363636363636,60.03758833333333,4.0,0.8695652173913043,67.74722222222222,61.633333333333326,79.25,21.200000000000003,76.5,77.9,90.0,30.090535547039064,5.0,0.8181818181818182,33.954565049694274,52.27535909344544,9.61553133514987,48.6,25.327369770181782,0.8862,4.0,0.875,FL,Lavalas Family
HN,HND,Honduras,Central America,0,0,0,2013,2.703213680349437,21.0,0.0909090909090909,4.0008888888888885,22.0,0.0869565217391304,71.44444444444444,59.26666666666667,77.69999999999999,71.5,81.39999999999999,68.8,70.0,1.405538471809986,22.0,0.0454545454545454,25.098901282321176,46.05747615921454,8.475000000000001,22.03333333333333,23.829795636736836,0.056,24.0,0.0416666666666666,PNH,National Party of Honduras
JM,JAM,Jamaica,Caribbean,0,0,1,2013,6.98251230762678,18.0,0.2272727272727272,7.793457777777777,18.0,0.2608695652173913,28.155555555555555,13.733333333333334,42.6,15.900000000000006,18.2,18.5,60.0,6.171566837475782,17.0,0.2727272727272727,22.29612296775933,30.872248312810715,12.162476658219164,21.3,24.84976690000746,0.2768,18.0,0.2916666666666667,PNP,People's National Party
MX,MEX,Mexico,Central America,0,0,0,2013,3.7192327438530617,20.0,0.1363636363636363,4.860411111111112,21.0,0.1304347826086956,53.41111111111112,42.46666666666666,68.80000000000001,44.8,67.60000000000001,46.8,50.0,2.578054376595012,21.0,0.0909090909090909,28.33026787467046,36.15161211330845,17.610286103542236,37.43333333333333,22.125839948497838,0.091,23.0,0.0833333333333333,PRI,Institutional Revolutionary Party
NI,NIC,Nicaragua,Central America,0,0,0,2013,39.22670799067846,6.0,0.7727272727272727,60.580444444444446,3.0,0.9130434782608696,89.08888888888889,93.93333333333334,80.7,94.7,86.4,93.8,85.0,17.872971536912484,9.0,0.6363636363636364,26.28378167193012,48.76385183857611,13.7125,25.6,17.058774849144385,0.68,10.0,0.625,FSLN,Sandinista National Liberation Front
PA,PAN,Panama,Central America,0,0,0,2013,24.0317654944628,8.0,0.6818181818181818,33.03644055555556,9.0,0.6521739130434783,48.91388888888889,38.93333333333333,57.65,28.700000000000003,48.3,49.9,70.0,15.027090433370038,11.0,0.5454545454545454,22.249171503361023,37.31695239846068,13.308208446866487,18.03333333333333,20.338191834783597,0.6754,12.0,0.5416666666666666,CD,Democratic Change
PY,PRY,Paraguay,South America,0,1,0,2013,23.985927728033737,9.0,0.6363636363636364,33.72512777777778,8.0,0.6956521739130435,62.68611111111111,46.86666666666667,78.75,41.5,79.5,59.5,70.0,14.246727678289693,13.0,0.4545454545454545,26.480906465222475,47.63406512765531,16.150508130511867,20.066666666666663,22.072385936056055,0.538,13.0,0.5,PLRA,Authentic Radical Liberal Party
PE,PER,Peru,South America,0,0,0,2013,20.75300920308964,12.0,0.5,26.68163333333333,10.0,0.6086956521739131,33.18611111111111,20.966666666666665,47.95,13.700000000000005,29.9,26.6,60.0,14.824385072845944,12.0,0.5,18.43828989159943,33.28350904197756,8.926929251897953,18.566666666666663,12.976054605855552,0.804,6.0,0.7916666666666666,PNP,Peruvian Nationalist Party
SR,SUR,Suriname,South America,0,0,1,2013,,,,,,,30.794444444444448,18.96666666666667,45.9,16.200000000000003,21.8,21.9,60.0,,,,37.00939071881334,48.1756464409666,30.83858540968128,34.43333333333333,34.58999769127214,,,,,
TT,TTO,Trinidad y Tobago,Caribbean,0,0,1,2013,12.852054198158037,13.0,0.4545454545454545,12.269434722222222,15.0,0.391304347826087,27.602777777777774,15.566666666666672,44.35,16.60000000000001,20.7,18.4,50.0,13.43467367409385,14.0,0.4090909090909091,30.22423773699404,39.34756999193045,34.46832425068119,22.1,24.98105670536451,0.4445,15.0,0.4166666666666667,UNC,United National Congress
UY,URY,Uruguay,South America,0,0,0,2013,11.098794316705048,15.0,0.3636363636363636,6.502247222222223,19.0,0.217391304347826,13.030555555555557,7.533333333333336,18.25,10.700000000000005,6.5,5.2,30.0,15.695341411187872,10.0,0.5909090909090909,31.453590002380505,36.86607979858872,38.31069847327069,32.5,18.13758173766261,0.499,14.0,0.4583333333333333,FA/EP,Broad Front / Progressive Encounter
VE,VEN,Venezuela,South America,0,0,0,2013,78.45679300222636,1.0,1.0,94.03153333333334,1.0,1.0,95.36666666666667,97.1,88.9,96.7,96.8,97.7,95.0,62.8820526711194,1.0,1.0,63.774901289167744,70.11328158579387,52.093290190735694,77.56666666666666,55.32636671347476,0.986,1.0,1.0,PSUV,United Socialist Party of Venezuela
AR,ARG,Argentina,South America,0,0,0,2014,42.46105303712092,5.0,0.8181818181818182,42.9331111111111,6.0,0.782608695652174,49.92222222222222,34.13333333333333,61.4,28.0,52.3,38.7,85.0,41.98899496313073,2.0,0.9545454545454546,48.82441274782643,49.02685745922769,43.3084314606241,53.333333333333336,49.62902873812058,0.86,5.0,0.8333333333333334,FPV-PJ,Front for Victory
BB,BRB,Barbados,Caribbean,0,0,1,2014,21.67315746051009,11.0,0.5454545454545454,13.2195,14.0,0.4347826086956521,17.48611111111111,13.966666666666663,18.55,23.700000000000003,15.0,13.7,20.0,30.12681492102018,5.0,0.8181818181818182,39.85028428706373,33.94780200166172,35.71779028642458,55.13333333333333,34.60221152683526,0.756,8.0,0.7083333333333334,DLP,Democratic Labour Party
BO,BOL,Bolivia,South America,0,1,0,2014,45.79034143946487,3.0,0.9090909090909092,59.58064444444444,5.0,0.8260869565217391,66.79444444444444,58.06666666666666,69.2,55.8,66.5,61.2,90.0,32.0000384344853,4.0,0.8636363636363636,35.87448254987141,60.72329080685571,27.317438692098097,26.666666666666668,28.79053403386515,0.892,3.0,0.9166666666666666,MAS,Movement for Socialism
BR,BRA,Brazil,South America,0,0,0,2014,24.722594284710148,8.0,0.6818181818181818,22.860711111111108,11.0,0.5652173913043478,33.227777777777774,11.566666666666665,58.6,6.599999999999994,55.1,17.5,50.0,26.584477458309184,7.0,0.7272727272727273,38.64022886382149,54.11907489940042,31.294320307944552,40.03333333333333,29.114186914607643,0.688,10.0,0.625,PT,Workers' Party
CL,CHL,Chile,South America,0,0,0,2014,7.190296179810811,19.0,0.1818181818181818,3.698265277777777,23.0,0.0434782608695652,7.330555555555555,3.0333333333333314,17.55,2.299999999999997,7.399999999999999,3.7,10.0,10.682327081843844,17.0,0.2727272727272727,21.174087377292064,35.98846508339143,18.36125378812625,15.300000000000002,15.04663063765058,0.5045,15.0,0.4166666666666667,PS,Socialist Party of Chile
CO,COL,Colombia,South America,0,0,0,2014,12.478733526132832,15.0,0.3636363636363636,12.87172222222222,15.0,0.391304347826087,31.39444444444445,18.36666666666667,48.6,16.900000000000006,30.4,24.1,50.0,12.085744830043444,16.0,0.3181818181818182,29.47742641474011,33.908276770143885,24.57527325788169,33.733333333333334,25.69282229760153,0.41,18.0,0.2916666666666667,Partido-U,Social Party of National Unity
CR,CRI,Costa Rica,Central America,0,0,0,2014,13.082108724238878,13.0,0.4545454545454545,11.14328888888889,17.0,0.3043478260869565,18.32777777777778,4.666666666666671,31.1,4.900000000000006,13.1,6.2,50.0,15.020928559588867,11.0,0.5454545454545454,24.70547460458696,36.58743803591438,20.470072777247395,24.566666666666663,17.19772093851938,0.608,13.0,0.5,PAC,Citizens' Action Party
NA,CUB,Cuba,Caribbean,0,0,1,2014,,,,,,,,89.0,,92.8,60.5,84.3,,,,,,,,,,0.791,7.0,0.75,PCC,Communist Party of Cuba
DO,DOM,Dominican Republic,Caribbean,0,0,1,2014,6.614113900550029,20.0,0.1363636363636363,9.688106481481478,18.0,0.2608695652173913,73.58055555555556,70.63333333333334,70.85,87.7,69.0,73.3,70.0,3.540121319618581,20.0,0.1363636363636363,26.886997364191764,47.35654937644728,11.659968486458034,28.1,20.43147159386175,0.1316666666666666,22.0,0.125,PLD,Dominican Liberation Party
EC,ECU,Ecuador,South America,0,0,0,2014,56.7163927780928,2.0,0.9545454545454546,71.5848263888889,2.0,0.9565217391304348,75.97222222222223,77.93333333333334,69.80000000000001,85.1,65.60000000000001,77.4,80.0,41.84795916729671,3.0,0.9090909090909092,44.41279826722919,58.14349175659111,22.268596730245235,64.63333333333334,32.60577124874709,0.94225,2.0,0.9583333333333334,PAIS,PAIS Alliance
SV,SLV,El Salvador,Central America,0,0,0,2014,24.916691307309748,7.0,0.7272727272727273,32.208675925925924,8.0,0.6956521739130435,43.86111111111112,38.16666666666666,51.900000000000006,36.2,38.1,38.8,60.0,17.624706688693568,9.0,0.6363636363636364,24.00096235409928,48.778206344078775,10.982073329238268,16.666666666666668,19.576903076413387,0.7343333333333333,9.0,0.6666666666666666,FMLN,Farabundo Martí National Liberation Front
GT,GTM,Guatemala,Central America,0,0,0,2014,9.640196769662154,17.0,0.2727272727272727,13.484105555555557,13.0,0.4782608695652174,55.71944444444444,35.166666666666664,75.95,20.39999999999999,80.60000000000001,47.2,75.0,5.796287983768752,19.0,0.1818181818181818,23.95160323871385,48.2086375437429,8.423876021798364,24.433333333333334,14.74056605598082,0.242,20.0,0.2083333333333333,PP,Patriotic Party
GY,GUY,Guyana,South America,0,0,1,2014,,,,14.04746388888889,12.0,0.5217391304347826,62.57222222222222,50.43333333333334,71.8,62.1,68.0,53.1,70.0,,,,,39.37109034002135,,47.3,30.73942265152543,0.2245,21.0,0.1666666666666666,PPP,People's Progressive Party
HT,HTI,Haiti,Haiti,1,0,1,2014,44.80566831571369,4.0,0.8636363636363636,59.89982222222222,4.0,0.8695652173913043,67.94444444444444,61.76666666666667,79.8,21.200000000000003,76.5,78.4,90.0,29.71151440920515,6.0,0.7727272727272727,33.70180854038697,52.52937038111238,9.61553133514987,48.8,23.86233244528563,0.8815999999999999,4.0,0.875,FL,Lavalas Family
HN,HND,Honduras,Central America,0,0,0,2014,2.697754489669638,22.0,0.0454545454545454,3.954997916666667,22.0,0.0869565217391304,70.94166666666668,57.9,78.85,68.9,81.39999999999999,68.60000000000001,70.0,1.4405110626726088,22.0,0.0454545454545454,25.83876345601092,48.15708399148135,7.599999999999994,21.633333333333336,25.964636499229,0.05575,24.0,0.0416666666666666,PNH,National Party of Honduras
JM,JAM,Jamaica,Caribbean,0,0,1,2014,7.662297960263345,18.0,0.2272727272727272,8.170742222222222,19.0,0.217391304347826,28.155555555555555,13.733333333333334,42.6,15.900000000000006,18.2,18.5,60.0,7.153853698304468,18.0,0.2272727272727272,24.651460021724564,30.498963352307356,17.35662375378591,24.23333333333333,26.51691964747165,0.2902,19.0,0.25,PNP,People's National Party
MX,MEX,Mexico,Central America,0,0,0,2014,3.685455746137044,21.0,0.0909090909090909,4.862686111111111,21.0,0.1304347826086956,53.43611111111111,42.46666666666666,68.95,44.8,67.60000000000001,46.8,50.0,2.508225381162978,21.0,0.0909090909090909,27.562916276516244,38.47177520331355,16.301158038147143,37.53333333333333,17.945398531270953,0.091,23.0,0.0833333333333333,PRI,Institutional Revolutionary Party
NI,NIC,Nicaragua,Central America,0,0,0,2014,39.60410941054622,6.0,0.7727272727272727,60.97861944444445,3.0,0.9130434782608696,89.28055555555557,93.93333333333334,81.35,94.7,86.8,93.9,85.0,18.229599376647997,8.0,0.6818181818181818,26.690482249850653,48.84542339720864,13.7125,25.73333333333333,18.470672268860653,0.6829999999999999,11.0,0.5833333333333334,FSLN,Sandinista National Liberation Front
PA,PAN,Panama,Central America,0,0,0,2014,22.26595237613137,10.0,0.5909090909090909,30.867541666666664,9.0,0.6521739130434783,48.763888888888886,38.93333333333333,57.15,28.700000000000003,48.3,49.5,70.0,13.664363085596074,14.0,0.4090909090909091,21.586671541226025,37.97371826499499,10.937636239782025,18.3,19.13533166012709,0.633,12.0,0.5416666666666666,CD,Democratic Change
PY,PRY,Paraguay,South America,0,1,0,2014,24.49208430455437,9.0,0.6363636363636364,34.21032666666667,7.0,0.7391304347826086,62.63333333333333,46.3,79.1,41.5,78.7,60.2,70.0,14.77384194244208,12.0,0.5,27.04841073314185,48.41148035539901,16.027090021752414,19.7,24.055072555415972,0.5462,14.0,0.4583333333333333,PLRA,Authentic Radical Liberal Party
PE,PER,Peru,South America,0,0,0,2014,20.656166082504637,12.0,0.5,26.68163333333333,10.0,0.6086956521739131,33.18611111111111,20.966666666666665,47.95,13.700000000000005,29.9,26.6,60.0,14.630698831675936,13.0,0.4545454545454545,18.19738660656211,34.06042824009044,7.037031537607163,18.9,12.792086648550836,0.804,6.0,0.7916666666666666,PNP,Peruvian Nationalist Party
SR,SUR,Suriname,South America,0,0,1,2014,,,,,,,30.552777777777777,18.96666666666667,44.45,16.200000000000003,21.8,21.9,60.0,,,,36.495666791178735,48.54114683097117,30.83858540968128,32.733333333333334,33.86960159072916,,,,,
TT,TTO,Trinidad y Tobago,Caribbean,0,0,1,2014,12.66019199490411,14.0,0.4090909090909091,11.795885416666668,16.0,0.3478260869565217,27.352777777777774,15.566666666666672,43.35,16.60000000000001,20.7,17.9,50.0,13.524498573141557,15.0,0.3636363636363636,31.36115611163259,37.96509143683691,40.6808583106267,26.1,20.69867469906676,0.43125,17.0,0.3333333333333333,UNC,United National Congress
UY,URY,Uruguay,South America,0,0,0,2014,10.95034094264132,16.0,0.3181818181818182,6.4033750000000005,20.0,0.1739130434782608,12.936111111111112,7.366666666666664,17.950000000000003,10.700000000000005,6.5,5.1,30.0,15.497306885282638,10.0,0.5909090909090909,31.307690677338663,35.72344779858915,35.93549789108025,32.63333333333333,20.93848368635193,0.495,16.0,0.375,FA/EP,Broad Front / Progressive Encounter
VE,VEN,Venezuela,South America,0,0,0,2014,78.47679339329247,1.0,1.0,94.28625,1.0,1.0,95.625,97.3,90.15,96.7,96.8,97.8,95.0,62.66733678658496,1.0,1.0,63.55713670039042,71.26808056917447,52.093290190735694,76.76666666666667,54.10050937498485,0.986,1.0,1.0,PSUV,United Socialist Party of Venezuela
AR,ARG,Argentina,South America,0,0,0,2015,37.27819181263335,6.0,0.7727272727272727,38.84311111111111,6.0,0.782608695652174,45.80555555555555,32.333333333333336,54.3,25.0,42.6,35.6,85.0,35.713272514155605,3.0,0.9090909090909092,42.11470815348538,49.66399793736164,33.880347887153505,36.8,48.11448678942636,0.848,5.0,0.8333333333333334,FPV-PJ,Front for Victory
BB,BRB,Barbados,Caribbean,0,0,1,2015,21.83894079399117,9.0,0.6363636363636364,14.0301,12.0,0.5217391304347826,18.558333333333334,14.299999999999995,21.15,24.200000000000003,17.299999999999997,14.4,20.0,29.64778158798234,5.0,0.8181818181818182,39.21664231214595,33.759577341393786,35.83497956403269,53.93333333333334,33.338679009823984,0.756,8.0,0.7083333333333334,DLP,Democratic Labour Party
BO,BOL,Bolivia,South America,0,1,0,2015,45.98942491533489,3.0,0.9090909090909092,59.49150166666667,5.0,0.8260869565217391,67.19166666666668,58.5,67.15,57.2,68.30000000000001,62.0,90.0,32.4873481640031,4.0,0.8636363636363636,36.6922838988063,61.36651566770018,27.317438692098097,30.1,27.985181235426943,0.8854,3.0,0.9166666666666666,MAS,Movement for Socialism
BR,BRA,Brazil,South America,0,0,0,2015,25.83198146420797,7.0,0.7272727272727273,23.499410416666663,10.0,0.6086956521739131,33.08611111111111,11.76666666666666,56.55,6.699999999999989,55.1,18.4,50.0,28.16455251174928,7.0,0.7272727272727273,39.65442099507115,54.13931707927052,34.11812806403293,40.2,30.16023883698115,0.7102499999999999,10.0,0.625,PT,Workers' Party
CL,CHL,Chile,South America,0,0,0,2015,7.431021528501683,19.0,0.1818181818181818,4.102455555555556,22.0,0.0869565217391304,8.172222222222224,3.333333333333338,19.5,2.200000000000003,10.0,4.0,10.0,10.75958750144781,15.0,0.3636363636363636,21.433441237943843,36.35462852422804,18.529291132529032,14.800000000000002,16.0498452950183,0.502,13.0,0.5,PS,Socialist Party of Chile
CO,COL,Colombia,South America,0,0,0,2015,12.696401855738408,13.0,0.4545454545454545,13.227637499999997,13.0,0.4782608695652174,31.105555555555554,18.53333333333333,47.2,16.900000000000006,30.4,23.6,50.0,12.16516621147682,14.0,0.4090909090909091,28.60709279594785,35.27656361917974,21.42392981641671,33.300000000000004,24.427877748194945,0.4252499999999999,16.0,0.375,Partido-U,Social Party of National Unity
CR,CRI,Costa Rica,Central America,0,0,0,2015,13.032055350493504,12.0,0.5,11.251377777777778,15.0,0.391304347826087,18.50555555555556,4.63333333333334,30.8,4.900000000000006,14.6,6.1,50.0,14.81273292320923,11.0,0.5454545454545454,24.363047571067813,37.5149806089123,18.43087390226501,24.73333333333333,16.773002439760617,0.608,12.0,0.5416666666666666,PAC,Citizens' Action Party
NA,CUB,Cuba,Caribbean,0,0,1,2015,,,,,,,,89.26666666666667,,92.8,60.5,84.3,,,,,,,,,,0.791,7.0,0.75,PCC,Communist Party of Cuba
DO,DOM,Dominican Republic,Caribbean,0,0,1,2015,6.612527642147814,20.0,0.1363636363636363,9.704076851851848,18.0,0.2608695652173913,73.33055555555555,70.43333333333334,70.05,87.7,69.1,72.7,70.0,3.520978432443779,20.0,0.1363636363636363,26.606889917711182,48.7436278431286,9.809517023755816,28.0,19.874414803960303,0.1323333333333333,22.0,0.125,PLD,Dominican Liberation Party
EC,ECU,Ecuador,South America,0,0,0,2015,52.91622149349534,2.0,0.9545454545454546,70.047475,2.0,0.9565217391304348,75.85000000000001,77.80000000000001,65.30000000000001,84.7,65.60000000000001,76.7,85.0,35.78496798699069,2.0,0.9545454545454546,38.74928856198233,54.66161171123787,22.268596730245235,47.26666666666667,30.800279139779548,0.9235,2.0,0.9583333333333334,PAIS,PAIS Alliance
SV,SLV,El Salvador,Central America,0,0,0,2015,24.372985901475104,8.0,0.6818181818181818,31.58,7.0,0.7391304347826086,43.86111111111112,38.16666666666666,49.0,36.2,36.0,38.8,65.0,17.165971802950207,9.0,0.6363636363636364,23.84162750409751,51.102824038750896,11.002054259747126,15.833333333333334,17.428298384558694,0.72,9.0,0.6666666666666666,FMLN,Farabundo Martí National Liberation Front
GT,GTM,Guatemala,Central America,0,0,0,2015,10.30294447626702,16.0,0.3181818181818182,14.288886111111111,11.0,0.5652173913043478,55.16944444444445,32.56666666666666,75.15,19.099999999999994,79.3,44.9,80.0,6.317002841422931,18.0,0.2272727272727272,24.38997236070629,49.94912160469054,8.546491825613074,24.4,14.664276012521576,0.259,19.0,0.25,PP,Patriotic Party
GY,GUY,Guyana,South America,0,0,1,2015,,,,10.305,17.0,0.3043478260869565,51.525,41.2,55.35,58.8,37.7,41.1,75.0,,,,,37.33476619910163,,47.2,31.01833931819209,0.2,20.0,0.2083333333333333,PNC,People's National Congress - Reform
HT,HTI,Haiti,Haiti,1,0,1,2015,44.90923270031397,4.0,0.8636363636363636,61.58245277777778,4.0,0.8695652173913043,70.21944444444445,64.96666666666668,78.75,30.60000000000001,76.5,80.5,90.0,28.236012622850144,6.0,0.7727272727272727,32.19613754030803,49.262703714445706,9.61553133514987,48.833333333333336,21.072981778303223,0.877,4.0,0.875,FL,Lavalas Family
HN,HND,Honduras,Central America,0,0,0,2015,2.7414525036524307,22.0,0.0454545454545454,4.057666666666666,23.0,0.0434782608695652,73.1111111111111,65.56666666666666,77.69999999999999,68.9,81.39999999999999,75.1,70.0,1.4252383406381954,22.0,0.0454545454545454,25.679970101589102,49.15005646329907,7.599999999999994,21.53333333333333,24.436490609724014,0.0555,24.0,0.0416666666666666,PNH,National Party of Honduras
JM,JAM,Jamaica,Caribbean,0,0,1,2015,7.906404326872112,18.0,0.2272727272727272,8.421526666666667,19.0,0.217391304347826,27.73888888888889,13.733333333333334,40.1,15.900000000000006,18.2,18.5,60.0,7.391281987077556,17.0,0.2727272727272727,24.345461090505783,29.29064367072263,17.04861512836778,26.2,24.84258556293274,0.3036,18.0,0.2916666666666667,PNP,People's National Party
MX,MEX,Mexico,Central America,0,0,0,2015,3.735155496237833,21.0,0.0909090909090909,4.917033333333333,21.0,0.1304347826086956,54.03333333333333,44.0,66.80000000000001,48.6,67.60000000000001,47.2,50.0,2.5532776591423327,21.0,0.0909090909090909,28.057996254311348,40.482768489044986,16.404393732970043,37.46666666666667,17.87815612856369,0.091,23.0,0.0833333333333333,PRI,Institutional Revolutionary Party
NI,NIC,Nicaragua,Central America,0,0,0,2015,40.17664678923388,5.0,0.8181818181818182,61.62185555555556,3.0,0.9130434782608696,89.82777777777778,93.96666666666664,79.4,94.8,86.8,94.0,90.0,18.7314380229122,8.0,0.6818181818181818,27.30530324039679,47.19452836198906,17.4625,27.4,17.164184599598087,0.6859999999999999,11.0,0.5833333333333334,FSLN,Sandinista National Liberation Front
PA,PAN,Panama,Central America,0,0,0,2015,17.074485922356708,11.0,0.5454545454545454,23.705725,9.0,0.6521739130434783,48.59722222222222,38.93333333333333,56.65,28.700000000000003,48.3,49.0,70.0,10.443246844713412,16.0,0.3181818181818182,21.408870120363694,38.92556564369167,12.518017711171666,17.866666666666664,16.325230459924796,0.4878,15.0,0.4166666666666667,PPA,Panamenista Party / Authentic Panameñista Party
PY,PRY,Paraguay,South America,0,1,0,2015,8.33546638898669,17.0,0.2727272727272727,11.79059777777778,14.0,0.4347826086956521,63.32222222222223,46.333333333333336,79.9,39.3,83.8,60.6,70.0,4.8803350001956,19.0,0.1818181818181818,26.21017722983673,48.31688194118533,13.373799182025962,20.566666666666663,22.58336112946896,0.1862,21.0,0.1666666666666666,ANR-PC,National Republican Association - Colorado Party
PE,PER,Peru,South America,0,0,0,2015,20.502637120554763,10.0,0.5909090909090909,26.24166666666667,8.0,0.6956521739130435,32.63888888888889,19.73333333333333,46.3,12.400000000000006,30.6,26.8,60.0,14.763607574442856,12.0,0.5,18.362695988113003,34.86413349713831,6.501404847439574,18.7,13.385245607874133,0.804,6.0,0.7916666666666666,PNP,Peruvian Nationalist Party
SR,SUR,Suriname,South America,0,0,1,2015,,,,,,,31.061111111111117,18.96666666666667,42.9,16.200000000000003,21.8,21.5,65.0,,,,36.46550294080723,50.71309148202914,30.83858540968128,30.933333333333334,33.37700153818515,,,,,
TT,TTO,Trinidad y Tobago,Caribbean,0,0,1,2015,11.82763279031991,14.0,0.4090909090909091,11.219816666666668,16.0,0.3478260869565217,26.84166666666667,15.400000000000006,41.35,16.60000000000001,20.7,17.0,50.0,12.435448913973154,13.0,0.4545454545454545,29.74987778462477,36.07073963394186,36.93426430517711,25.23333333333333,20.761173866046768,0.418,17.0,0.3333333333333333,UNC,United National Congress
UY,URY,Uruguay,South America,0,0,0,2015,10.9623775418427,15.0,0.3636363636363636,6.206857777777777,20.0,0.1739130434782608,12.636111111111113,7.266666666666666,16.75,10.700000000000005,6.5,4.6,30.0,15.71789730590762,10.0,0.5909090909090909,31.998976599974803,36.38598919015293,39.04052373842752,32.800000000000004,19.76939347131876,0.4911999999999999,14.0,0.4583333333333333,FA/EP,Broad Front / Progressive Encounter
VE,VEN,Venezuela,South America,0,0,0,2015,77.04172810958303,1.0,1.0,90.91467777777778,1.0,1.0,92.20555555555556,92.93333333333334,88.4,83.4,96.8,96.7,95.0,63.16877844138829,1.0,1.0,64.06569821641814,71.67423588043488,52.093290190735694,79.06666666666666,53.42860012783531,0.986,1.0,1.0,PSUV,United Socialist Party of Venezuela
AR,ARG,Argentina,South America,0,0,0,2016,5.780851794571608,19.0,0.1428571428571428,5.863662499999999,19.0,0.1818181818181818,40.025,23.000000000000004,51.45,15.700000000000005,36.9,28.1,85.0,5.698041089143216,16.0,0.2857142857142857,38.89447842418578,45.281100572819135,33.37724795640327,42.0,34.91956516752072,0.1465,20.0,0.1739130434782608,PRO,Republican Proposal
BB,BRB,Barbados,Caribbean,0,0,1,2016,21.58385186761746,7.0,0.7142857142857143,14.1057,9.0,0.6363636363636364,18.65833333333333,14.299999999999995,21.65,24.200000000000003,17.299999999999997,14.499999999999998,20.0,29.06200373523492,4.0,0.8571428571428571,38.44180388258587,34.28936379875144,32.333617166212534,53.06666666666666,34.077567898712864,0.756,6.0,0.782608695652174,DLP,Democratic Labour Party
BO,BOL,Bolivia,South America,0,1,0,2016,45.4986939718452,3.0,0.9047619047619048,58.90645222222222,4.0,0.8636363636363636,67.03055555555555,58.833333333333336,66.65,57.2,68.30000000000001,61.2,90.0,32.09093572146818,3.0,0.9047619047619048,36.51676800349132,59.29614529732981,27.317438692098097,31.666666666666668,27.786821357870718,0.8788,3.0,0.9130434782608696,MAS,Movement for Socialism
BR,BRA,Brazil,South America,0,0,0,2016,27.82289693466712,5.0,0.8095238095238095,29.66421527777777,6.0,0.7727272727272727,40.49722222222222,19.633333333333336,59.65,18.200000000000003,62.3,28.2,55.0,25.98157859155647,5.0,0.8095238095238095,35.46973186560611,51.27115433536159,32.259638964577654,28.6,29.748134162485208,0.7324999999999999,7.0,0.7391304347826086,PT,Workers' Party
CL,CHL,Chile,South America,0,0,0,2016,7.440019820070617,16.0,0.2857142857142857,4.406700000000002,21.0,0.0909090909090909,8.822222222222225,3.333333333333338,18.5,2.200000000000003,10.0,3.9,15.0,10.473339640141234,13.0,0.4285714285714285,20.96764692720968,35.86523265828294,18.764066757493183,15.699999999999998,13.541288293062593,0.4995,11.0,0.5652173913043478,PS,Socialist Party of Chile
CO,COL,Colombia,South America,0,0,0,2016,13.297983312897156,10.0,0.5714285714285714,13.834147222222224,10.0,0.5909090909090909,31.405555555555555,18.73333333333333,46.7,18.0,30.4,24.6,50.0,12.761819403572089,11.0,0.5238095238095238,28.97121317496501,37.068337622192274,20.3642029972752,33.46666666666667,24.98564541372589,0.4405,13.0,0.4782608695652174,Partido-U,Social Party of National Unity
CR,CRI,Costa Rica,Central America,0,0,0,2016,13.094629188436269,11.0,0.5238095238095238,11.5672,11.0,0.5454545454545454,19.025,4.700000000000007,31.35,4.900000000000006,16.7,6.5,50.0,14.622058376872538,10.0,0.5714285714285714,24.04943811985615,36.064517217888266,18.242677111716617,24.133333333333336,17.757224816486378,0.608,10.0,0.6086956521739131,PAC,Citizens' Action Party
NA,CUB,Cuba,Caribbean,0,0,1,2016,,,,,,,,88.66666666666667,,92.8,51.6,82.89999999999999,,,,,,,,,,0.791,5.0,0.8260869565217391,PCC,Communist Party of Cuba
DO,DOM,Dominican Republic,Caribbean,0,0,1,2016,6.674184960327867,18.0,0.1904761904761904,9.771436111111113,13.0,0.4545454545454545,73.46944444444443,69.46666666666667,68.55,86.3,69.1,72.39999999999999,75.0,3.576933809544624,19.0,0.1428571428571428,26.89423916950845,48.353855539663336,9.563113079019082,28.96666666666667,20.69332139268473,0.133,21.0,0.1304347826086956,PLD,Dominican Liberation Party
EC,ECU,Ecuador,South America,0,0,0,2016,51.69587018464975,2.0,0.9523809523809524,68.63534027777779,2.0,0.9545454545454546,75.86111111111111,77.76666666666667,66.30000000000001,83.8,65.60000000000001,76.7,85.0,34.75640009152172,2.0,0.9523809523809524,38.41547398897123,53.16765092429484,22.268596730245235,47.3,30.92564830134484,0.90475,2.0,0.9565217391304348,PAIS,PAIS Alliance
SV,SLV,El Salvador,Central America,0,0,0,2016,24.49077331239516,6.0,0.7619047619047619,31.344,5.0,0.8181818181818182,43.53333333333333,38.3,48.5,34.7,36.0,38.7,65.0,17.63754662479031,7.0,0.7142857142857143,24.496592534430988,50.3335554349997,11.645878746594,18.866666666666664,17.14026928946359,0.72,8.0,0.6956521739130435,FMLN,Farabundo Martí National Liberation Front
GT,GTM,Guatemala,Central America,0,0,0,2016,6.911651330443663,17.0,0.238095238095238,9.624855555555555,14.0,0.4090909090909091,54.07222222222222,32.333333333333336,72.1,19.099999999999994,76.2,44.7,80.0,4.198447105331771,18.0,0.1904761904761904,23.586781490627928,48.08267804563274,8.301260217983653,24.03333333333333,13.929854365561994,0.178,18.0,0.2608695652173913,FCN,National Convergence Front
GY,GUY,Guyana,South America,0,0,1,2016,,,,9.541111111111112,15.0,0.3636363636363636,47.70555555555556,39.73333333333333,50.4,58.6,30.8,36.7,70.0,,,,,39.61856023671112,,47.53333333333333,31.61833931819209,0.2,17.0,0.3043478260869565,PNC,People's National Congress - Reform
HT,HTI,Haiti,Haiti,1,0,1,2016,,,,,,,67.8138888888889,61.73333333333334,78.75,19.8,76.5,80.10000000000001,90.0,,,,32.73741032985879,48.08406788933481,9.61553133514987,48.0,25.250042094950476,,,,,
HN,HND,Honduras,Central America,0,0,0,2016,2.693953728008162,21.0,0.0476190476190476,3.965722222222222,22.0,0.0454545454545454,71.77777777777777,61.76666666666667,76.19999999999999,68.9,81.39999999999999,72.39999999999999,70.0,1.4221852337941017,21.0,0.0476190476190476,25.740909208943016,48.72962686880595,7.599999999999994,21.73333333333333,24.900676633632777,0.05525,23.0,0.0434782608695652,PNH,National Party of Honduras
JM,JAM,Jamaica,Caribbean,0,0,1,2016,7.634270311042748,15.0,0.3333333333333333,8.062555555555555,17.0,0.2727272727272727,27.05555555555556,13.533333333333337,39.1,15.900000000000006,16.2,17.599999999999998,60.0,7.20598506652994,15.0,0.3333333333333333,24.18115794137564,30.71756296832638,17.04861512836778,24.166666666666668,24.791787002141724,0.298,16.0,0.3478260869565217,JLP,Jamaica Labour Party
MX,MEX,Mexico,Central America,0,0,0,2016,4.417207597152563,20.0,0.0952380952380952,5.712592592592588,20.0,0.1363636363636363,53.55555555555555,43.73333333333333,66.30000000000001,47.8,67.60000000000001,45.9,50.0,3.1218226017125392,20.0,0.0952380952380952,29.267086891055072,40.84499644919409,16.145538147138964,37.53333333333333,22.544479634553905,0.1066666666666666,22.0,0.0869565217391304,PRI,Institutional Revolutionary Party
NI,NIC,Nicaragua,Central America,0,0,0,2016,40.32343476313977,4.0,0.8571428571428571,62.090383333333335,3.0,0.9090909090909092,90.11666666666667,94.3,79.4,95.9,86.8,94.3,90.0,18.55648619294621,6.0,0.7619047619047619,26.93249084607578,46.43616285609619,17.4625,27.0,16.831300528206924,0.689,9.0,0.6521739130434783,FSLN,Sandinista National Liberation Front
PA,PAN,Panama,Central America,0,0,0,2016,15.077600099158833,9.0,0.6190476190476191,20.999488888888887,8.0,0.6818181818181818,48.43055555555555,38.93333333333333,55.65,28.700000000000003,48.3,49.0,70.0,9.155711309428778,14.0,0.3809523809523809,21.11557036307375,38.45380667919311,12.2182901907357,17.133333333333336,16.65685124903286,0.4336,14.0,0.4347826086956521,PPA,Panamenista Party / Authentic Panameñista Party
PY,PRY,Paraguay,South America,0,1,0,2016,7.7334131273187,14.0,0.3809523809523809,10.85184,12.0,0.5,62.8,46.0,79.9,35.7,83.8,61.4,70.0,4.6149862546374,17.0,0.238095238095238,26.70709638100347,46.32535288900971,14.164509536784742,21.066666666666663,25.271856431552763,0.1728,19.0,0.217391304347826,ANR-PC,National Republican Association - Colorado Party
PE,PER,Peru,South America,0,0,0,2016,20.220667597341475,8.0,0.6666666666666666,25.6208,7.0,0.7272727272727273,31.866666666666664,18.5,46.3,8.700000000000003,30.6,27.1,60.0,14.820535194682948,9.0,0.6190476190476191,18.433501485924065,34.82864802530546,6.843596730245231,18.766666666666666,13.295094521478902,0.804,4.0,0.8695652173913043,PNP,Peruvian Nationalist Party
SR,SUR,Suriname,South America,0,0,1,2016,,,,,,,32.80555555555556,21.03333333333333,42.2,18.8,20.4,24.4,70.0,,,,35.114692247306394,47.95004528976947,30.83858540968128,30.433333333333334,31.23680495644149,,,,,
TT,TTO,Trinidad y Tobago,Caribbean,0,0,1,2016,10.13746662917355,13.0,0.4285714285714285,8.843955555555556,16.0,0.3181818181818182,22.561111111111117,13.866666666666667,34.5,16.60000000000001,7.000000000000001,13.4,50.0,11.430977702791544,12.0,0.4761904761904761,29.16065740508047,33.794733016756766,35.06777929155314,27.166666666666668,20.61345064534532,0.392,15.0,0.391304347826087,PNM,People-s National Movement
UY,URY,Uruguay,South America,0,0,0,2016,10.717649509551944,12.0,0.4761904761904761,6.158840555555556,18.0,0.2272727272727272,12.636111111111113,7.266666666666666,16.75,10.700000000000005,6.5,4.6,30.0,15.276458463548334,8.0,0.6666666666666666,31.342754336373275,32.1923389939721,39.872649863760216,32.9,20.40602848776078,0.4874,12.0,0.5217391304347826,FA/EP,Broad Front / Progressive Encounter
VE,VEN,Venezuela,South America,0,0,0,2016,75.65351386487369,1.0,1.0,86.9679388888889,1.0,1.0,88.20277777777778,86.76666666666667,89.15,64.4,97.3,96.6,95.0,64.33908884085848,1.0,1.0,65.25262559924795,70.09458625137091,52.093290190735694,85.39999999999999,53.4226259548852,0.986,1.0,1.0,PSUV,United Socialist Party of Venezuela
AR,ARG,Argentina,South America,0,0,0,2017,5.311208561794528,18.0,0.1904761904761904,5.462875,20.0,0.1363636363636363,37.675,24.5,49.35,17.900000000000006,36.9,29.8,67.6,5.159542123589056,15.0,0.3333333333333333,35.583049128200386,44.46317757822265,31.810490463215253,33.03333333333333,33.02519513803031,0.145,19.0,0.217391304347826,PRO,Republican Proposal
BB,BRB,Barbados,Caribbean,0,0,1,2017,24.661347200399423,5.0,0.8095238095238095,19.8198,6.0,0.7727272727272727,26.21666666666667,14.199999999999998,41.5,25.8,17.299999999999997,14.000000000000002,44.5,29.50289440079885,4.0,0.8571428571428571,39.02499259364928,37.44581094816394,31.50861716621253,52.1,35.04554226022066,0.756,5.0,0.8260869565217391,DLP,Democratic Labour Party
BO,BOL,Bolivia,South America,0,1,0,2017,44.5086485466681,2.0,0.9523809523809524,57.332613333333335,3.0,0.9090909090909092,65.73333333333333,60.6,67.5,60.9,67.60000000000001,63.5,74.3,31.684683760002866,3.0,0.9047619047619048,36.32731456088381,58.93219899351852,27.317438692098097,31.2,27.859620557918625,0.8722,3.0,0.9130434782608696,MAS,Movement for Socialism
BR,BRA,Brazil,South America,0,0,0,2017,8.28147081291084,12.0,0.4761904761904761,8.836307638888888,14.0,0.4090909090909091,40.11944444444444,19.96666666666667,64.35,20.599999999999994,62.1,28.7,45.0,7.726633986932791,13.0,0.4285714285714285,35.08119857858248,50.90876844010565,33.03620572207083,27.666666666666668,28.713153485486764,0.22025,15.0,0.391304347826087,PMDB,Partido do Movimento Democrático Brasileiro
CL,CHL,Chile,South America,0,0,0,2017,7.988918040438451,13.0,0.4285714285714285,5.860458333333335,19.0,0.1818181818181818,11.79166666666667,3.3000000000000065,19.75,2.1000000000000085,10.0,3.8,31.8,10.11737774754357,11.0,0.5238095238095238,20.35689687634521,36.47382331571725,15.507935967302451,15.933333333333332,13.5124948890278,0.497,9.0,0.6521739130434783,PS,Socialist Party of Chile
CO,COL,Colombia,South America,0,0,0,2017,13.63146767187541,7.0,0.7142857142857143,13.72313888888889,8.0,0.6818181818181818,30.111111111111114,19.066666666666663,47.3,18.8,34.2,25.1,36.2,13.539796454861929,9.0,0.6190476190476191,29.708823817579653,38.855371251432594,20.26362397820164,34.333333333333336,25.382966707351045,0.45575,11.0,0.5652173913043478,Partido-U,Social Party of National Unity
CR,CRI,Costa Rica,Central America,0,0,0,2017,13.213735633670998,8.0,0.6666666666666666,11.756355555555556,9.0,0.6363636363636364,19.336111111111112,4.466666666666673,32.45,3.9000000000000057,20.3,6.5,48.4,14.67111571178644,8.0,0.6666666666666666,24.13012452596454,34.88253951024404,22.523671662125334,23.066666666666663,16.047620264822115,0.608,8.0,0.6956521739130435,PAC,Citizens' Action Party
NA,CUB,Cuba,Caribbean,0,0,1,2017,,,,,,,,89.39999999999999,,92.8,64.1,84.8,,,,,,,,,,0.791,4.0,0.8695652173913043,PCC,Communist Party of Cuba
DO,DOM,Dominican Republic,Caribbean,0,0,1,2017,6.506958423867845,17.0,0.238095238095238,9.359505555555556,12.0,0.5,70.37222222222222,71.53333333333333,71.1,89.1,73.1,73.5,43.9,3.6544112921801335,18.0,0.1904761904761904,27.476776632933333,49.56309369481222,11.840497275204363,27.766666666666666,20.736848895050088,0.133,20.0,0.1739130434782608,PLD,Dominican Liberation Party
EC,ECU,Ecuador,South America,0,0,0,2017,41.274666870416354,3.0,0.9047619047619048,48.13195000000001,4.0,0.8636363636363636,54.32500000000001,59.20000000000001,53.95,47.2,41.8,62.5,61.3,34.41738374083269,2.0,0.9523809523809524,38.8458055765606,54.10932395496754,22.281096730245235,47.43333333333334,31.559468287696284,0.886,2.0,0.9565217391304348,PAIS,PAIS Alliance
SV,SLV,El Salvador,Central America,0,0,0,2017,24.53065952298025,6.0,0.7619047619047619,31.812,5.0,0.8181818181818182,44.18333333333333,39.49999999999999,55.2,33.39999999999999,42.1,40.2,54.7,17.249319045960508,6.0,0.7619047619047619,23.95738756383404,50.474465903112986,8.52874659400544,20.266666666666666,16.559671091551067,0.72,6.0,0.782608695652174,FMLN,Farabundo Martí National Liberation Front
GT,GTM,Guatemala,Central America,0,0,0,2017,6.718461165387824,16.0,0.2857142857142857,9.114588888888887,13.0,0.4545454545454545,51.20555555555556,32.033333333333324,75.80000000000001,20.8,79.10000000000001,44.5,55.0,4.322333441886759,16.0,0.2857142857142857,24.282772145431228,50.07804175310636,9.05057901907356,23.53333333333333,14.469134476211664,0.178,17.0,0.3043478260869565,FCN,National Convergence Front
GY,GUY,Guyana,South America,0,0,1,2017,,,,9.46111111111111,11.0,0.5454545454545454,47.30555555555555,40.63333333333333,49.6,59.5,33.1,38.7,62.3,,,,,42.48903634407721,,46.73333333333333,32.12081711839901,0.2,16.0,0.3478260869565217,PNC,People's National Congress - Reform
HT,HTI,Haiti,Haiti,1,0,1,2017,,,,,,,66.97222222222223,60.63333333333333,78.7,19.8,76.5,78.8,87.4,,,,33.467198089110404,47.55209748379534,11.328031335149872,48.73333333333333,26.25533020416307,,,,,
HN,HND,Honduras,Central America,0,0,0,2017,2.606827043889352,20.0,0.0952380952380952,3.824944444444444,21.0,0.0909090909090909,69.54444444444444,62.866666666666674,74.6,68.9,81.39999999999999,74.5,55.0,1.388709643334259,20.0,0.0952380952380952,25.24926624244107,47.72137804152421,7.599999999999994,20.9,24.77568692824008,0.055,23.0,0.0434782608695652,PNH,National Party of Honduras
JM,JAM,Jamaica,Caribbean,0,0,1,2017,7.153330838603518,14.0,0.3809523809523809,6.981477777777778,16.0,0.3181818181818182,23.42777777777778,12.266666666666673,39.0,15.900000000000006,16.2,15.2,42.0,7.325183899429256,14.0,0.3809523809523809,24.58115402493039,31.560883056982345,17.04861512836778,23.5,26.21511791437144,0.298,14.0,0.4347826086956521,JLP,Jamaica Labour Party
MX,MEX,Mexico,Central America,0,0,0,2017,4.846616939662592,19.0,0.1428571428571428,6.148609259259257,18.0,0.2272727272727272,50.26111111111111,41.36666666666667,67.80000000000001,40.900000000000006,65.60000000000001,44.0,41.9,3.544624620065927,19.0,0.1428571428571428,28.975133134053905,40.96532749179581,17.576158038147135,37.06666666666667,20.29238033960602,0.1223333333333333,21.0,0.1304347826086956,PRI,Institutional Revolutionary Party
NI,NIC,Nicaragua,Central America,0,0,0,2017,39.73821895878291,4.0,0.8571428571428571,59.88175555555555,2.0,0.9545454545454546,86.91111111111111,95.16666666666669,79.69999999999999,95.9,86.8,95.0,68.9,19.594682362010268,5.0,0.8095238095238095,28.43930676634292,48.16601212729327,19.950000000000003,26.266666666666666,19.37454827141173,0.689,7.0,0.7391304347826086,FSLN,Sandinista National Liberation Front
PA,PAN,Panama,Central America,0,0,0,2017,12.023759122741389,9.0,0.6190476190476191,15.652357777777777,7.0,0.7272727272727273,41.25555555555555,35.53333333333334,53.7,26.3,48.3,44.8,38.9,8.395160467704999,12.0,0.4761904761904761,22.127465650250397,39.18975154564658,15.100272479564037,17.2,17.019838575790956,0.3794,13.0,0.4782608695652174,PPA,Panamenista Party / Authentic Panameñista Party
PY,PRY,Paraguay,South America,0,1,0,2017,6.837581995061609,15.0,0.3333333333333333,9.496254999999998,10.0,0.5909090909090909,59.575,45.4,74.45,34.3,81.5,60.0,61.8,4.178908990123221,17.0,0.238095238095238,26.21649303715948,46.01617625836739,13.45606267029973,20.566666666666663,24.82706655330413,0.1594,18.0,0.2608695652173913,ANR-PC,National Republican Association - Colorado Party
PE,PER,Peru,South America,0,0,0,2017,1.68296028566268,21.0,0.0476190476190476,2.002083333333333,22.0,0.0454545454545454,26.694444444444446,17.66666666666667,43.900000000000006,5.400000000000006,26.6,24.9,41.7,1.3638372379920267,21.0,0.0476190476190476,18.18449650656036,34.34338926558873,6.7073569482288775,18.9,12.78723981242382,0.075,22.0,0.0869565217391304,PPK,Peruvians for Change
SR,SUR,Suriname,South America,0,0,1,2017,,,,,,,30.78611111111111,20.76666666666667,45.35,17.200000000000003,22.4,24.1,54.9,,,,34.81163397941394,45.53781221819964,30.83858540968128,31.633333333333336,31.23680495644149,,,,,
TT,TTO,Trinidad y Tobago,Caribbean,0,0,1,2017,9.876272585931558,11.0,0.5238095238095238,8.312577777777777,15.0,0.3636363636363636,21.20555555555556,13.433333333333335,34.5,15.0,5.800000000000001,13.2,45.3,11.439967394085338,10.0,0.5714285714285714,29.183590291034022,34.35963629720205,36.25555177111717,24.7,21.419173095816863,0.392,12.0,0.5217391304347826,PNM,People-s National Movement
UY,URY,Uruguay,South America,0,0,0,2017,10.484786469690562,10.0,0.5714285714285714,6.211573333333334,17.0,0.2727272727272727,12.844444444444449,7.266666666666666,18.1,10.700000000000005,6.5,4.7,29.8,14.757999606047791,7.0,0.7142857142857143,30.516955347493365,31.779558692752275,37.67305858310626,32.9,19.71520411411492,0.4836,10.0,0.6086956521739131,FA/EP,Broad Front / Progressive Encounter
VE,VEN,Venezuela,South America,0,0,0,2017,78.04430537094873,1.0,1.0,88.06897222222223,1.0,1.0,89.31944444444446,87.96666666666665,92.85,67.69999999999999,97.3,96.9,93.2,68.01963851967523,1.0,1.0,68.98543460413309,73.79587399433109,56.093290190735694,91.06666666666666,54.985907564798914,0.986,1.0,1.0,PSUV,United Socialist Party of Venezuela
AR,ARG,Argentina,South America,0,0,0,2018,6.171661379414219,17.0,0.2,6.075688888888885,19.0,0.1428571428571428,36.71111111111111,26.066666666666663,50.400000000000006,21.599999999999994,33.4,29.6,59.2,6.267633869939554,14.0,0.35,37.87089951625111,44.99780724145017,32.04209809264305,46.23333333333333,28.210359397577896,0.1654999999999999,17.0,0.2727272727272727,PRO,Republican Proposal
BB,BRB,Barbados,Caribbean,0,0,1,2018,11.513859544945705,8.0,0.65,8.965675,12.0,0.4761904761904761,24.29722222222222,14.133333333333333,29.950000000000003,26.8,13.7,12.6,48.6,14.062044089891408,9.0,0.6,38.10852056881141,35.29809463950846,31.133617166212534,51.66666666666666,34.33570380285798,0.369,11.0,0.5454545454545454,BLP,Barbados Labour Party
BO,BOL,Bolivia,South America,0,1,0,2018,45.47208415616697,2.0,0.95,59.34409333333334,3.0,0.9047619047619048,68.55833333333334,62.7,72.25,61.3,67.60000000000001,66.5,81.0,31.60007497900061,3.0,0.9,36.50655612176595,59.44445395509259,27.317438692098097,30.83333333333333,28.430998506539808,0.8656,3.0,0.9090909090909092,MAS,Movement for Socialism
BR,BRA,Brazil,South America,0,0,0,2018,8.14805432643485,12.0,0.45,8.728402777777777,13.0,0.4285714285714285,40.59722222222222,21.13333333333333,65.35,20.599999999999994,62.1,30.2,44.2,7.5677058750919235,11.0,0.5,35.198631977171736,52.115100268214114,33.31281956888529,26.2,29.16660807158754,0.215,14.0,0.4090909090909091,PMDB,Partido do Movimento Democrático Brasileiro
CL,CHL,Chile,South America,0,0,0,2018,2.4199546476079004,20.0,0.05,1.7931777777777778,21.0,0.0476190476190476,11.797222222222222,5.033333333333336,21.95,2.1000000000000085,5.1,4.5,32.099999999999994,3.0467315174380225,19.0,0.1,20.04428629893436,36.164585704043965,15.52347286890054,15.866666666666664,12.622419956126272,0.152,18.0,0.2272727272727272,RN,National Renewal
CO,COL,Colombia,South America,0,0,0,2018,14.450092170692258,6.0,0.75,14.786783333333332,6.0,0.7619047619047619,31.39444444444445,19.26666666666667,50.4,18.40000000000001,34.2,26.8,39.3,14.113401008051186,8.0,0.65,29.964757978877252,38.11587291591672,21.387704359673016,35.36666666666667,24.988787973252627,0.471,9.0,0.6363636363636364,Partido-U,Social Party of National Unity
CR,CRI,Costa Rica,Central America,0,0,0,2018,12.86226911130727,7.0,0.7,11.226044444444446,8.0,0.6666666666666666,18.46388888888889,4.433333333333337,32.95,3.9000000000000057,17.7,6.6000000000000005,45.2,14.498493778170094,7.0,0.7,23.846206871990287,35.90606124499932,21.07032898669536,21.666666666666668,16.741770589599795,0.608,7.0,0.7272727272727273,PAC,Citizens' Action Party
NA,CUB,Cuba,Caribbean,0,0,1,2018,,,,,,,,88.13333333333333,,90.0,57.2,83.2,,,,,,,,,,0.791,4.0,0.8636363636363636,PCC,Communist Party of Cuba
DO,DOM,Dominican Republic,Caribbean,0,0,1,2018,6.549849253867935,15.0,0.3,9.46553611111111,10.0,0.5714285714285714,71.16944444444444,71.76666666666667,73.44999999999999,86.9,73.1,73.5,48.3,3.634162396624759,18.0,0.15,27.324529297930518,50.04406139411777,9.05272479564033,27.633333333333336,22.567997668630625,0.133,21.0,0.0909090909090909,PLD,Dominican Liberation Party
EC,ECU,Ecuador,South America,0,0,0,2018,38.379643798120654,4.0,0.85,42.722427777777774,4.0,0.8571428571428571,48.21944444444444,42.366666666666674,57.95,29.80000000000001,46.1,49.8,63.3,34.03685981846353,2.0,0.95,38.41632033686629,53.37673290228897,21.806096730245237,46.63333333333333,31.84911838159762,0.886,2.0,0.9545454545454546,PAIS,PAIS Alliance
SV,SLV,El Salvador,Central America,0,0,0,2018,27.49963135922521,5.0,0.8,37.87,5.0,0.8095238095238095,52.59722222222222,43.833333333333336,67.25,37.3,59.7,44.8,62.7,17.129262718450423,5.0,0.8,23.79064266451448,49.66282587973557,8.242643051771104,20.066666666666663,17.19043505988457,0.72,5.0,0.8181818181818182,FMLN,Farabundo Martí National Liberation Front
GT,GTM,Guatemala,Central America,0,0,0,2018,7.178873466568637,14.0,0.35,10.00805,9.0,0.6190476190476191,56.225,38.6,78.45,27.0,84.2,49.5,59.6,4.349696933137277,15.0,0.3,24.43649962436672,50.41788730442912,8.805347411444146,24.133333333333336,14.389430448260285,0.178,16.0,0.3181818181818182,FCN,National Convergence Front
GY,GUY,Guyana,South America,0,0,1,2018,,,,9.253888888888888,11.0,0.5238095238095238,46.26944444444444,41.36666666666667,48.150000000000006,63.3,31.1,35.8,57.9,,,,,44.10528634407721,,46.9,31.94303846412016,0.2,15.0,0.3636363636363636,PNC,People's National Congress - Reform
HT,HTI,Haiti,Haiti,1,0,1,2018,,,,,,,67.9888888888889,60.633333333333326,82.5,19.69999999999999,89.60000000000001,80.60000000000001,74.9,,,,33.41419304880305,48.585358135878685,8.790531335149865,50.36666666666667,25.91421605751698,,,,,
HN,HND,Honduras,Central America,0,0,0,2018,2.5575580007699363,19.0,0.1,3.7473333333333327,20.0,0.0952380952380952,68.13333333333333,58.79999999999999,76.6,65.8,81.39999999999999,70.5,55.7,1.3677826682065402,20.0,0.05,24.868775785573455,47.84617151664384,7.599999999999994,22.066666666666663,21.96226495898334,0.055,22.0,0.0454545454545454,PNH,National Party of Honduras
JM,JAM,Jamaica,Caribbean,0,0,1,2018,7.198853639605947,13.0,0.4,6.973200000000001,16.0,0.2857142857142857,23.40000000000001,13.200000000000005,38.4,17.60000000000001,16.2,15.9,39.1,7.424507279211893,12.0,0.45,24.91445395708689,31.42819184577276,17.04861512836778,22.666666666666668,28.51434218754035,0.298,13.0,0.4545454545454545,JLP,Jamaica Labour Party
MX,MEX,Mexico,Central America,0,0,0,2018,5.454518103026143,18.0,0.15,6.9253,17.0,0.238095238095238,50.18333333333333,43.30000000000001,66.0,47.2,58.9,44.3,41.4,3.983736206052287,16.0,0.25,28.867653667045555,42.255903914646346,19.997649863760216,36.93333333333333,16.28372755644233,0.138,20.0,0.1363636363636363,PRI,Institutional Revolutionary Party
NI,NIC,Nicaragua,Central America,0,0,0,2018,40.32764449758149,3.0,0.9,61.068366666666655,2.0,0.9523809523809524,88.63333333333333,97.0,82.6,95.9,89.4,96.7,70.2,19.586922328496325,4.0,0.85,28.4280440181369,48.75985002335809,19.950000000000003,25.666666666666668,19.33565938252285,0.689,6.0,0.7727272727272727,FSLN,Sandinista National Liberation Front
PA,PAN,Panama,Central America,0,0,0,2018,10.389200686236478,10.0,0.55,13.402756666666669,7.0,0.7142857142857143,41.21388888888889,35.43333333333333,54.75,26.3,48.3,43.4,39.1,7.37564470580629,13.0,0.4,22.68033427369708,39.93642254505133,17.243801089918257,16.833333333333332,16.707780126485403,0.3252,12.0,0.5,PPA,Panamenista Party / Authentic Panameñista Party
PY,PRY,Paraguay,South America,0,1,0,2018,6.172721530278993,16.0,0.25,8.489088888888887,15.0,0.3333333333333333,58.14444444444444,44.36666666666667,73.7,37.0,75.7,56.39999999999999,61.7,3.8563541716691008,17.0,0.2,26.413384737459594,45.91632410995468,12.243528610354218,22.53333333333333,24.96035289619616,0.146,19.0,0.1818181818181818,ANR-PC,National Republican Association - Colorado Party
PE,PER,Peru,South America,0,0,0,2018,,,,,,,25.39444444444445,16.36666666666667,43.0,3.799999999999997,22.6,23.5,43.1,,,,18.302527382198303,34.897063446871805,7.020708446866486,18.96666666666667,12.325670968388266,,,,,
SR,SUR,Suriname,South America,0,0,1,2018,,,,,,,31.897222222222226,23.03333333333333,40.45,21.5,20.8,25.3,60.3,,,,37.07889922168528,49.60568407462174,30.83858540968128,39.833333333333336,28.03799406910476,,,,,
TT,TTO,Trinidad y Tobago,Caribbean,0,0,1,2018,9.787198908894627,11.0,0.5,8.579355555555555,14.0,0.3809523809523809,21.88611111111111,14.066666666666668,36.35,16.799999999999997,5.800000000000001,13.2,45.1,10.995042262233705,10.0,0.55,28.04857719957577,34.6116285526584,29.34434604904632,24.2,24.03833419659836,0.392,10.0,0.5909090909090909,PNM,People-s National Movement
UY,URY,Uruguay,South America,0,0,0,2018,10.503372063251952,9.0,0.6,6.177425000000001,18.0,0.1904761904761904,12.875000000000002,7.300000000000002,17.450000000000003,10.700000000000005,6.5,4.6,30.700000000000003,14.829319126503904,6.0,0.75,30.90729288558546,32.63812161047714,38.2725136239782,33.1,19.618536307886487,0.4798,8.0,0.6818181818181818,FA/EP,Broad Front / Progressive Encounter
VE,VEN,Venezuela,South America,0,0,0,2018,79.80739764332718,1.0,1.0,91.06257777777778,1.0,1.0,92.35555555555555,91.73333333333332,94.9,77.6,97.3,97.8,94.8,68.55221750887658,1.0,1.0,69.52557556681195,78.21134355416666,58.5182901907357,96.66666666666669,44.70600185567879,0.986,1.0,1.0,PSUV,United Socialist Party of Venezuela
AR,ARG,Argentina,South America,0,0,0,2019,7.185886716084349,13.0,0.3333333333333333,7.055599999999999,15.0,0.2631578947368421,37.93333333333333,28.3,52.4,24.700000000000003,38.3,31.7,52.2,7.316173432168698,11.0,0.4444444444444444,39.33426576434784,45.67188131552424,31.346559945504083,43.26666666666667,37.051955129696346,0.186,15.0,0.3,PRO,Republican Proposal
BB,BRB,Barbados,Caribbean,0,0,1,2019,10.672889170349835,8.0,0.6111111111111112,8.41935,13.0,0.3684210526315789,22.816666666666663,13.899999999999997,27.8,26.8,9.4,11.9,47.1,12.926428340699676,8.0,0.6111111111111112,35.030971113007254,35.346242787656614,31.133617166212534,37.23333333333333,36.41069116482652,0.369,10.0,0.55,BLP,Barbados Labour Party
BO,BOL,Bolivia,South America,0,1,0,2019,46.21778777395103,2.0,0.9444444444444444,60.74323055555556,3.0,0.8947368421052632,70.71388888888889,66.53333333333333,74.05000000000001,64.6,67.80000000000001,71.8,79.5,31.6923449923465,3.0,0.8888888888888888,36.89446448468743,58.878713214351855,27.317438692098097,30.4,30.98170603229974,0.859,4.0,0.85,MAS,Movement for Socialism
BR,BRA,Brazil,South America,0,0,0,2019,,,,,,,44.16944444444445,26.066666666666677,69.65,23.5,67.4,35.7,42.7,,,,34.75979346810534,52.05885026821412,33.34955722070845,24.83333333333333,28.79743305016548,,,,,
CL,CHL,Chile,South America,0,0,0,2019,2.355603657743163,18.0,0.0555555555555555,1.7091555555555558,19.0,0.0526315789473684,11.244444444444444,4.666666666666667,21.1,1.7000000000000028,4.5,4.2,31.3,3.00205175993077,17.0,0.1111111111111111,19.75034052586033,35.54768755589582,15.685047683923706,15.166666666666666,12.60196019695514,0.152,17.0,0.2,RN,National Renewal
CO,COL,Colombia,South America,0,0,0,2019,11.184470738560622,7.0,0.6666666666666666,11.002377777777776,7.0,0.6842105263157895,30.905555555555555,20.633333333333336,47.9,20.700000000000003,29.3,26.1,40.8,11.366563699343466,9.0,0.5555555555555556,31.928549717256928,41.18462291591671,23.60330381471389,34.800000000000004,28.12627213839709,0.356,11.0,0.5,CD,Democratic Centre
CR,CRI,Costa Rica,Central America,0,0,0,2019,12.564227687488872,6.0,0.7222222222222222,10.420444444444444,8.0,0.631578947368421,17.13888888888889,4.333333333333338,30.6,3.9000000000000057,15.7,6.6000000000000005,41.7,14.7080109305333,6.0,0.7222222222222222,24.190807451535036,36.27272791166599,19.869175749318792,22.266666666666666,18.354659478488685,0.608,7.0,0.7,PAC,Citizens' Action Party
NA,CUB,Cuba,Caribbean,0,0,1,2019,,,,,,,,88.06666666666666,,90.0,57.2,83.6,,,,,,,,,,0.791,5.0,0.8,PCC,Communist Party of Cuba
DO,DOM,Dominican Republic,Caribbean,0,0,1,2019,6.523641154588743,15.0,0.2222222222222222,9.497308333333333,10.0,0.5263157894736842,71.40833333333332,71.5,74.94999999999999,86.9,73.1,72.6,49.4,3.549973975844156,16.0,0.1666666666666666,26.69153365296357,50.10702435708074,9.05272479564033,26.766666666666666,20.83971879246657,0.133,19.0,0.1,PLD,Dominican Liberation Party
EC,ECU,Ecuador,South America,0,0,0,2019,38.11093493507249,4.0,0.8333333333333334,42.31634444444445,5.0,0.7894736842105263,47.76111111111111,41.16666666666666,60.400000000000006,26.40000000000001,46.1,48.4,64.1,33.90552542570053,2.0,0.9444444444444444,38.26808738792385,53.462149568955645,20.581096730245235,45.5,33.52910325249451,0.886,3.0,0.9,PAIS,PAIS Alliance
SV,SLV,El Salvador,Central America,0,0,0,2019,,,,,,,47.23611111111112,42.26666666666667,62.15,27.0,47.7,41.9,62.4,,,,24.371521024661007,49.44060365751335,8.474250681198903,20.33333333333333,19.23789642659844,,,,,
GT,GTM,Guatemala,Central America,0,0,0,2019,7.244555201607492,12.0,0.3888888888888889,10.1104,9.0,0.5789473684210527,56.8,40.1,78.9,25.0,84.2,52.900000000000006,59.7,4.378710403214982,14.0,0.2777777777777778,24.59949664727518,48.503072489614304,8.655483651226149,24.33333333333333,16.906097114926943,0.178,16.0,0.25,FCN,National Convergence Front
GY,GUY,Guyana,South America,0,0,1,2019,,,,9.322777777777778,11.0,0.4736842105263157,46.61388888888889,41.23333333333333,48.15,65.4,29.5,37.1,58.3,,,,,44.80899004778092,,47.7,34.506299141308794,0.2,14.0,0.35,PNC,People's National Congress - Reform
HT,HTI,Haiti,Haiti,1,0,1,2019,,,,,,,71.70833333333333,63.1,84.65,21.5,89.60000000000001,81.8,89.6,,,,34.55024628954379,52.879571098841645,8.290531335149865,51.16666666666666,25.864216057516984,,,,,
HN,HND,Honduras,Central America,0,0,0,2019,2.614539691407217,17.0,0.1111111111111111,3.809819444444445,18.0,0.1052631578947368,69.26944444444445,60.86666666666667,78.05,69.0,81.39999999999999,69.69999999999999,56.6,1.41925993836999,18.0,0.0555555555555555,25.80472615218164,48.82117151664384,7.599999999999994,22.33333333333333,24.46439975874938,0.055,20.0,0.05,PNH,National Party of Honduras
JM,JAM,Jamaica,Caribbean,0,0,1,2019,6.973637949356975,14.0,0.2777777777777778,6.666922222222222,16.0,0.2105263157894736,22.372222222222224,12.033333333333331,35.6,16.10000000000001,16.2,15.0,39.3,7.2803536764917265,12.0,0.3888888888888889,24.430717035207135,31.661525179106096,13.861115128367778,22.46666666666667,29.73356116668801,0.298,12.0,0.45,JLP,Jamaica Labour Party
MX,MEX,Mexico,Central America,0,0,0,2019,37.806239674316274,5.0,0.7777777777777778,46.36761111111111,4.0,0.8421052631578947,47.31388888888889,43.73333333333333,58.35,56.2,43.0,41.7,40.9,29.24486823752144,4.0,0.8333333333333334,29.841702283185143,42.15590391464635,20.67884877384196,38.03333333333333,18.498723110918935,0.98,2.0,0.95,MORENA,National Regeneration Movement
NI,NIC,Nicaragua,Central America,0,0,0,2019,40.63123512258149,3.0,0.8888888888888888,60.986069444444425,2.0,0.9473684210526316,88.51388888888887,97.33333333333331,84.55000000000001,95.9,89.4,97.3,66.6,20.276400800718545,5.0,0.7777777777777778,29.428738462581343,50.15985002335808,19.950000000000003,25.766666666666666,21.83843716030062,0.689,6.0,0.75,FSLN,Sandinista National Liberation Front
PA,PAN,Panama,Central America,0,0,0,2019,8.678224714020594,11.0,0.4444444444444444,11.237466666666666,6.0,0.7368421052631579,41.46666666666666,35.6,56.8,26.3,47.7,42.8,39.6,6.118982761374523,13.0,0.3333333333333333,22.57927218219381,40.203089211718,17.243801089918257,16.866666666666664,16.003531760472328,0.271,13.0,0.4,PPA,Panamenista Party / Authentic Panameñista Party
PY,PRY,Paraguay,South America,0,1,0,2019,6.129598004707145,16.0,0.1666666666666666,8.381211111111112,14.0,0.3157894736842105,57.40555555555556,43.333333333333336,74.2,35.0,73.9,57.49999999999999,60.5,3.8779848983031786,15.0,0.2222222222222222,26.56154039933684,46.33484262847321,12.625,22.4,24.88631896887416,0.146,18.0,0.15,ANR-PC,National Republican Association - Colorado Party
PE,PER,Peru,South America,0,0,0,2019,,,,,,,26.719444444444445,16.066666666666666,46.35,4.5,24.5,25.0,43.9,,,,18.631330112039866,36.104470854279214,7.047956403269744,18.7,12.672893190610488,,,,,
SR,SUR,Suriname,South America,0,0,1,2019,,,,,,,32.96388888888889,26.13333333333333,42.65,29.5,20.8,27.800000000000004,50.9,,,,38.28472619187546,49.60568407462174,30.83858540968128,38.0,34.69463528319881,,,,,
TT,TTO,Trinidad y Tobago,Caribbean,0,0,1,2019,9.918235541024224,10.0,0.5,8.481355555555556,12.0,0.4210526315789473,21.63611111111111,12.966666666666669,36.45,13.5,5.800000000000001,13.4,47.7,11.35511552649289,10.0,0.5,28.96713144513492,34.96348040451025,29.34434604904632,24.96666666666667,26.594032660316444,0.392,9.0,0.6,PNM,People-s National Movement
UY,URY,Uruguay,South America,0,0,0,2019,10.42846453611039,9.0,0.5555555555555556,6.326833333333333,17.0,0.1578947368421052,13.291666666666666,7.300000000000002,18.65,10.700000000000005,6.5,4.9,31.700000000000003,14.530095738887448,7.0,0.6666666666666666,30.5254112161501,32.67145494381048,36.71938010899183,32.36666666666667,20.34414314513141,0.476,8.0,0.65,FA/EP,Broad Front / Progressive Encounter
VE,VEN,Venezuela,South America,0,0,0,2019,80.97760600297126,1.0,1.0,90.4600222222222,1.0,1.0,91.74444444444444,91.46666666666664,94.7,76.5,97.3,98.1,92.4,71.4951897837203,1.0,1.0,72.51033446624777,79.2259268875,58.5182901907357,96.66666666666669,55.63045412008872,0.986,1.0,1.0,PSUV,United Socialist Party of Venezuela
AR,ARG,Argentina,South America,0,0,0,2020,,,,,,,35.84444444444444,26.166666666666668,44.9,24.700000000000003,39.5,30.3,49.5,,,,44.73517727603501,43.97581650070942,39.384707084468666,45.43333333333334,50.14685218562861,,,,FPV-PJ,Front for Victory
BB,BRB,Barbados,Caribbean,0,0,1,2020,,,,,,,22.794444444444448,13.566666666666665,32.7,25.8,9.4,11.9,43.4,,,,36.32209223679904,35.47957612098995,33.333617166212534,37.36666666666667,39.10850899332699,,,,,
BO,BOL,Bolivia,South America,0,1,0,2020,,,,,,,60.03055555555554,52.23333333333333,70.65,30.200000000000003,64.4,62.8,79.9,,,,37.97232686053791,59.13079654768519,27.317438692098097,30.03333333333333,35.40773886903499,,,,,
BR,BRA,Brazil,South America,0,0,0,2020,,,,,,,42.56388888888889,26.33333333333333,60.75,23.5,67.10000000000001,35.0,42.7,,,,37.10712795676917,51.19218360154745,40.48852179836512,24.266666666666666,32.48113976049745,,,,,
CL,CHL,Chile,South America,0,0,0,2020,,,,,,,9.94722222222222,4.033333333333336,15.549999999999995,1.7999999999999972,4.5,3.7,30.099999999999994,,,,22.65692222392657,36.451391259599525,23.81856267029972,14.933333333333332,15.424401632473703,,,,RN,National Renewal
CO,COL,Colombia,South America,0,0,0,2020,,,,,,,31.141666666666666,23.000000000000004,42.15,25.700000000000003,30.4,26.700000000000003,38.9,,,,32.485674208314016,41.46378958258339,25.995061307901903,34.166666666666664,28.317179276104103,,,,CD,Democratic Centre
CR,CRI,Costa Rica,Central America,0,0,0,2020,,,,,,,15.480555555555554,4.333333333333338,29.25,3.9000000000000057,15.7,6.4,33.3,,,,25.083124147875218,36.50606124499932,21.53130108991826,22.933333333333334,19.36180092324997,,,,,
DO,DOM,Dominican Republic,Caribbean,0,0,1,2020,,,,,,,55.786111111111104,49.06666666666666,58.85,82.1,48.9,51.6,44.2,,,,27.48647009849217,48.03619102374741,9.05272479564033,28.83333333333333,24.023631241247585,,,,,
EC,ECU,Ecuador,South America,0,0,0,2020,,,,,,,44.12222222222223,37.23333333333333,57.0,19.0,47.4,44.5,59.6,,,,38.49921592017705,53.56214956895564,20.581096730245235,43.0,36.85361738150733,,,,,
SV,SLV,El Salvador,Central America,0,0,0,2020,,,,,,,53.14722222222222,49.53333333333333,65.85,29.700000000000003,63.3,52.1,58.4,,,,25.312398669839855,50.64060365751336,7.888419618528608,20.46666666666667,22.253904736650803,,,,,
GT,GTM,Guatemala,Central America,0,0,0,2020,,,,,,,55.00277777777779,39.366666666666674,75.35000000000001,28.10000000000001,80.30000000000001,52.400000000000006,54.5,,,,24.50132357216169,45.503072489614304,8.655483651226149,24.2,19.64673814780634,,,,,
GY,GUY,Guyana,South America,0,0,1,2020,,,,,,,48.62222222222221,41.333333333333336,56.0,60.3,46.1,41.6,46.4,,,,,41.5260840241698,,45.833333333333336,36.30425079738824,,,,,
HT,HTI,Haiti,Haiti,1,0,1,2020,,,,,,,70.64722222222223,62.43333333333334,83.65,22.8,89.60000000000001,81.8,83.6,,,,35.430954622877124,53.74623776550831,8.290531335149865,52.833333333333336,26.85371605751699,,,,,
HN,HND,Honduras,Central America,0,0,0,2020,,,,,,,67.04722222222222,61.23333333333333,73.65,70.6,75.9,69.5,51.4,,,,27.30923336895192,48.49200484997717,10.801634877384188,22.6,27.34329374844632,,,,,
JM,JAM,Jamaica,Caribbean,0,0,1,2020,,,,,,,27.29166666666667,12.800000000000002,44.35,16.10000000000001,35.5,17.1,37.9,,,,26.223187939159462,31.569858512439424,15.96111512836778,24.1,33.26177811583065,,,,,
MX,MEX,Mexico,Central America,0,0,0,2020,,,,,,,46.62222222222221,47.53333333333333,50.8,55.4,38.3,46.0,41.7,,,,29.952713262048658,42.42257058131302,22.078882833787468,39.7,15.609399633094156,,,,,
NI,NIC,Nicaragua,Central America,0,0,0,2020,,,,,,,89.6222222222222,98.13333333333333,84.7,96.6,93.7,98.1,66.5,,,,30.38237227130618,50.14110002335809,19.950000000000003,26.166666666666668,25.27172239519995,,,,,
PA,PAN,Panama,Central America,0,0,0,2020,,,,,,,41.88333333333333,33.800000000000004,56.5,27.10000000000001,50.2,42.5,41.2,,,,23.70171930143737,41.506792915421705,17.243801089918257,16.866666666666664,19.189616533742857,,,,,
PY,PRY,Paraguay,South America,0,1,0,2020,,,,,,,54.15555555555556,40.333333333333336,72.2,28.40000000000001,74.0,54.7,55.3,,,,27.789410921933467,46.53484262847321,14.654972752043598,22.5,27.46782830721706,,,,,
PE,PER,Peru,South America,0,0,0,2020,,,,,,,25.45833333333333,15.1,44.85,3.299999999999997,23.200000000000003,21.2,45.1,,,,19.11064030461993,36.33780418761255,7.415803814713897,17.900000000000002,14.788953216153274,,,,,
SR,SUR,Suriname,South America,0,0,1,2020,,,,,,,26.352777777777774,16.566666666666666,39.75,12.400000000000006,16.400000000000002,18.6,54.4,,,,35.54502447526199,47.21957861559397,30.83858540968128,31.3,32.82193387577272,,,,,
TT,TTO,Trinidad y Tobago,Caribbean,0,0,1,2020,,,,,,,20.91666666666667,13.800000000000006,34.2,15.600000000000009,5.800000000000001,12.7,43.4,,,,30.41825328944406,35.49681373784359,29.34434604904632,24.2,32.63185337088633,,,,,
UY,URY,Uruguay,South America,0,0,0,2020,,,,,,,12.061111111111112,6.066666666666667,16.5,10.700000000000005,6.5,4.6,28.0,,,,32.18945270669939,33.75039012899567,38.65688010899183,32.43333333333333,23.917207255476747,,,,,
VE,VEN,Venezuela,South America,0,0,0,2020,,,,,,,91.89166666666664,92.7,91.75,81.0,98.1,97.9,89.9,,,,70.14399632657933,80.56134355416665,57.1432901907357,96.66666666666669,46.20468489474826,,,,,
