YEAR,ISO3,v2paid,v2paenname,v2pashname,VPARTY
1991.0,ARG,623.0,Justicialist [Peronist] Party,PJ,0.386
1991.0,ARG,1724.0,Radical Civic Union,UCR,0.334
1991.0,ARG,4182.0,Union of the Democratic Centre,UCD,0.045
1992.0,ARG,623.0,Justicialist [Peronist] Party,PJ,0.328
1992.0,ARG,1724.0,Radical Civic Union,UCR,0.33899999999999997
1992.0,ARG,4182.0,Union of the Democratic Centre,UCD,0.045
1993.0,ARG,623.0,Justicialist [Peronist] Party,PJ,0.27
1993.0,ARG,1724.0,Radical Civic Union,UCR,0.344
1993.0,ARG,4182.0,Union of the Democratic Centre,UCD,0.045
1994.0,ARG,623.0,Justicialist [Peronist] Party,PJ,0.2695
1994.0,ARG,1724.0,Radical Civic Union,UCR,0.3295
1994.0,ARG,4182.0,Union of the Democratic Centre,UCD,0.045
1995.0,ARG,623.0,Justicialist [Peronist] Party,PJ,0.269
1995.0,ARG,1724.0,Radical Civic Union,UCR,0.315
1995.0,ARG,4182.0,Union of the Democratic Centre,UCD,0.045
1995.0,ARG,5553.0,Front for a Country in Solidarity,FREPASO,0.611
1996.0,ARG,623.0,Justicialist [Peronist] Party,PJ,0.269
1996.0,ARG,1724.0,Radical Civic Union,UCR,0.34299999999999997
1996.0,ARG,4182.0,Union of the Democratic Centre,UCD,0.045
1996.0,ARG,5553.0,Front for a Country in Solidarity,FREPASO,0.6045
1997.0,ARG,623.0,Justicialist [Peronist] Party,PJ,0.269
1997.0,ARG,1724.0,Radical Civic Union,UCR,0.371
1997.0,ARG,4182.0,Union of the Democratic Centre,UCD,0.045
1997.0,ARG,5553.0,Front for a Country in Solidarity,FREPASO,0.598
1998.0,ARG,623.0,Justicialist [Peronist] Party,PJ,0.3025
1998.0,ARG,1724.0,Radical Civic Union,UCR,0.35050000000000003
1998.0,ARG,4182.0,Union of the Democratic Centre,UCD,0.045
1998.0,ARG,5553.0,Front for a Country in Solidarity,FREPASO,0.562
1999.0,ARG,623.0,Justicialist [Peronist] Party,PJ,0.336
1999.0,ARG,1724.0,Radical Civic Union,UCR,0.33
1999.0,ARG,4182.0,Union of the Democratic Centre,UCD,0.045
1999.0,ARG,5553.0,Front for a Country in Solidarity,FREPASO,0.526
1999.0,ARG,6112.0,Action for the Republic,AR,0.136
2000.0,ARG,623.0,Justicialist [Peronist] Party,PJ,0.4195
2000.0,ARG,1724.0,Radical Civic Union,UCR,0.309
2000.0,ARG,4182.0,Union of the Democratic Centre,UCD,0.045
2000.0,ARG,5553.0,Front for a Country in Solidarity,FREPASO,0.53
2000.0,ARG,6112.0,Action for the Republic,AR,0.136
2001.0,ARG,623.0,Justicialist [Peronist] Party,PJ,0.503
2001.0,ARG,1215.0,Support for an Egalitarian Republic,ARI,0.537
2001.0,ARG,1724.0,Radical Civic Union,UCR,0.288
2001.0,ARG,4182.0,Union of the Democratic Centre,UCD,0.045
2001.0,ARG,5553.0,Front for a Country in Solidarity,FREPASO,0.534
2001.0,ARG,6112.0,Action for the Republic,AR,0.136
2002.0,ARG,623.0,Justicialist [Peronist] Party,PJ,0.5805
2002.0,ARG,1215.0,Support for an Egalitarian Republic,ARI,0.5375000000000001
2002.0,ARG,1724.0,Radical Civic Union,UCR,0.313
2002.0,ARG,4182.0,Union of the Democratic Centre,UCD,0.045
2002.0,ARG,5553.0,Front for a Country in Solidarity,FREPASO,0.534
2002.0,ARG,6112.0,Action for the Republic,AR,0.136
2003.0,ARG,623.0,Justicialist [Peronist] Party,PJ,0.658
2003.0,ARG,1215.0,Support for an Egalitarian Republic,ARI,0.538
2003.0,ARG,1724.0,Radical Civic Union,UCR,0.338
2003.0,ARG,4182.0,Union of the Democratic Centre,UCD,0.045
2003.0,ARG,5553.0,Front for a Country in Solidarity,FREPASO,0.534
2003.0,ARG,6112.0,Action for the Republic,AR,0.136
2004.0,ARG,623.0,Justicialist [Peronist] Party,PJ,0.658
2004.0,ARG,1215.0,Support for an Egalitarian Republic,ARI,0.5335000000000001
2004.0,ARG,1724.0,Radical Civic Union,UCR,0.347
2004.0,ARG,4182.0,Union of the Democratic Centre,UCD,0.045
2004.0,ARG,5553.0,Front for a Country in Solidarity,FREPASO,0.534
2004.0,ARG,6112.0,Action for the Republic,AR,0.136
2005.0,ARG,623.0,Justicialist [Peronist] Party,PJ,0.658
2005.0,ARG,1215.0,Support for an Egalitarian Republic,ARI,0.529
2005.0,ARG,1724.0,Radical Civic Union,UCR,0.356
2005.0,ARG,1790.0,Republican Proposal,PRO,0.176
2005.0,ARG,2530.0,Front for Victory,FPV-PJ,0.791
2005.0,ARG,4182.0,Union of the Democratic Centre,UCD,0.045
2005.0,ARG,5553.0,Front for a Country in Solidarity,FREPASO,0.534
2005.0,ARG,6112.0,Action for the Republic,AR,0.136
2006.0,ARG,623.0,Justicialist [Peronist] Party,PJ,0.658
2006.0,ARG,1215.0,Support for an Egalitarian Republic,ARI,0.529
2006.0,ARG,1724.0,Radical Civic Union,UCR,0.355
2006.0,ARG,1790.0,Republican Proposal,PRO,0.16675
2006.0,ARG,2530.0,Front for Victory,FPV-PJ,0.797
2006.0,ARG,4182.0,Union of the Democratic Centre,UCD,0.045
2006.0,ARG,5553.0,Front for a Country in Solidarity,FREPASO,0.534
2006.0,ARG,6112.0,Action for the Republic,AR,0.136
2007.0,ARG,623.0,Justicialist [Peronist] Party,PJ,0.658
2007.0,ARG,1215.0,Support for an Egalitarian Republic,ARI,0.529
2007.0,ARG,1365.0,Socialist Party,PS,0.481
2007.0,ARG,1724.0,Radical Civic Union,UCR,0.354
2007.0,ARG,1790.0,Republican Proposal,PRO,0.1575
2007.0,ARG,2530.0,Front for Victory,FPV-PJ,0.803
2007.0,ARG,4182.0,Union of the Democratic Centre,UCD,0.045
2007.0,ARG,5553.0,Front for a Country in Solidarity,FREPASO,0.534
2007.0,ARG,6112.0,Action for the Republic,AR,0.136
2007.0,ARG,6159.0,Civic Coalition ARI,CC,0.468
2007.0,ARG,8043.0,Concertation Party,FORJA,0.456
2008.0,ARG,623.0,Justicialist [Peronist] Party,PJ,0.658
2008.0,ARG,1215.0,Support for an Egalitarian Republic,ARI,0.529
2008.0,ARG,1365.0,Socialist Party,PS,0.481
2008.0,ARG,1724.0,Radical Civic Union,UCR,0.3525
2008.0,ARG,1790.0,Republican Proposal,PRO,0.14825
2008.0,ARG,2530.0,Front for Victory,FPV-PJ,0.837
2008.0,ARG,4182.0,Union of the Democratic Centre,UCD,0.045
2008.0,ARG,5553.0,Front for a Country in Solidarity,FREPASO,0.534
2008.0,ARG,6112.0,Action for the Republic,AR,0.136
2008.0,ARG,6159.0,Civic Coalition ARI,CC,0.46
2008.0,ARG,8043.0,Concertation Party,FORJA,0.456
2009.0,ARG,623.0,Justicialist [Peronist] Party,PJ,0.658
2009.0,ARG,1215.0,Support for an Egalitarian Republic,ARI,0.529
2009.0,ARG,1365.0,Socialist Party,PS,0.481
2009.0,ARG,1724.0,Radical Civic Union,UCR,0.351
2009.0,ARG,1790.0,Republican Proposal,PRO,0.139
2009.0,ARG,2530.0,Front for Victory,FPV-PJ,0.871
2009.0,ARG,4182.0,Union of the Democratic Centre,UCD,0.045
2009.0,ARG,5553.0,Front for a Country in Solidarity,FREPASO,0.534
2009.0,ARG,6112.0,Action for the Republic,AR,0.136
2009.0,ARG,6159.0,Civic Coalition ARI,CC,0.452
2009.0,ARG,8043.0,Concertation Party,FORJA,0.456
2010.0,ARG,623.0,Justicialist [Peronist] Party,PJ,0.658
2010.0,ARG,1215.0,Support for an Egalitarian Republic,ARI,0.529
2010.0,ARG,1365.0,Socialist Party,PS,0.481
2010.0,ARG,1724.0,Radical Civic Union,UCR,0.351
2010.0,ARG,1790.0,Republican Proposal,PRO,0.139
2010.0,ARG,2530.0,Front for Victory,FPV-PJ,0.871
2010.0,ARG,4182.0,Union of the Democratic Centre,UCD,0.045
2010.0,ARG,5553.0,Front for a Country in Solidarity,FREPASO,0.534
2010.0,ARG,6112.0,Action for the Republic,AR,0.136
2010.0,ARG,6159.0,Civic Coalition ARI,CC,0.43866666666666665
2010.0,ARG,8043.0,Concertation Party,FORJA,0.456
2011.0,ARG,623.0,Justicialist [Peronist] Party,PJ,0.658
2011.0,ARG,1215.0,Support for an Egalitarian Republic,ARI,0.529
2011.0,ARG,1365.0,Socialist Party,PS,0.481
2011.0,ARG,1724.0,Radical Civic Union,UCR,0.351
2011.0,ARG,1790.0,Republican Proposal,PRO,0.139
2011.0,ARG,2530.0,Front for Victory,FPV-PJ,0.871
2011.0,ARG,4182.0,Union of the Democratic Centre,UCD,0.045
2011.0,ARG,5553.0,Front for a Country in Solidarity,FREPASO,0.534
2011.0,ARG,6112.0,Action for the Republic,AR,0.136
2011.0,ARG,6159.0,Civic Coalition ARI,CC,0.42533333333333334
2011.0,ARG,6648.0,Federal Peronism / Dissident Peronism,PF-PJ,0.375
2011.0,ARG,8043.0,Concertation Party,FORJA,0.456
2011.0,ARG,93509.0,alliance: Frente Amplio Progresista,Frente Ampli...,0.492
2012.0,ARG,623.0,Justicialist [Peronist] Party,PJ,0.658
2012.0,ARG,1215.0,Support for an Egalitarian Republic,ARI,0.529
2012.0,ARG,1365.0,Socialist Party,PS,0.481
2012.0,ARG,1724.0,Radical Civic Union,UCR,0.32975
2012.0,ARG,1790.0,Republican Proposal,PRO,0.1385
2012.0,ARG,2530.0,Front for Victory,FPV-PJ,0.8714999999999999
2012.0,ARG,4182.0,Union of the Democratic Centre,UCD,0.045
2012.0,ARG,5553.0,Front for a Country in Solidarity,FREPASO,0.534
2012.0,ARG,6112.0,Action for the Republic,AR,0.136
2012.0,ARG,6159.0,Civic Coalition ARI,CC,0.41200000000000003
2012.0,ARG,6648.0,Federal Peronism / Dissident Peronism,PF-PJ,0.375
2012.0,ARG,8043.0,Concertation Party,FORJA,0.456
2012.0,ARG,93509.0,alliance: Frente Amplio Progresista,Frente Ampli...,0.492
2013.0,ARG,623.0,Justicialist [Peronist] Party,PJ,0.658
2013.0,ARG,1215.0,Support for an Egalitarian Republic,ARI,0.529
2013.0,ARG,1365.0,Socialist Party,PS,0.481
2013.0,ARG,1724.0,Radical Civic Union,UCR,0.3085
2013.0,ARG,1790.0,Republican Proposal,PRO,0.138
2013.0,ARG,2530.0,Front for Victory,FPV-PJ,0.872
2013.0,ARG,4182.0,Union of the Democratic Centre,UCD,0.045
2013.0,ARG,5553.0,Front for a Country in Solidarity,FREPASO,0.534
2013.0,ARG,6112.0,Action for the Republic,AR,0.136
2013.0,ARG,6159.0,Civic Coalition ARI,CC,0.39866666666666667
2013.0,ARG,6160.0,Renewal Front,RF,0.363
2013.0,ARG,6554.0,"Progressive, Civic and Social Front",FPCyS,0.461
2013.0,ARG,6648.0,Federal Peronism / Dissident Peronism,PF-PJ,0.375
2013.0,ARG,8043.0,Concertation Party,FORJA,0.456
2013.0,ARG,93509.0,alliance: Frente Amplio Progresista,Frente Ampli...,0.492
2014.0,ARG,623.0,Justicialist [Peronist] Party,PJ,0.658
2014.0,ARG,1215.0,Support for an Egalitarian Republic,ARI,0.529
2014.0,ARG,1365.0,Socialist Party,PS,0.481
2014.0,ARG,1724.0,Radical Civic Union,UCR,0.28725
2014.0,ARG,1790.0,Republican Proposal,PRO,0.14300000000000002
2014.0,ARG,2530.0,Front for Victory,FPV-PJ,0.86
2014.0,ARG,4182.0,Union of the Democratic Centre,UCD,0.045
2014.0,ARG,5553.0,Front for a Country in Solidarity,FREPASO,0.534
2014.0,ARG,6112.0,Action for the Republic,AR,0.136
2014.0,ARG,6159.0,Civic Coalition ARI,CC,0.3853333333333333
2014.0,ARG,6160.0,Renewal Front,RF,0.385
2014.0,ARG,6554.0,"Progressive, Civic and Social Front",FPCyS,0.461
2014.0,ARG,6648.0,Federal Peronism / Dissident Peronism,PF-PJ,0.375
2014.0,ARG,8043.0,Concertation Party,FORJA,0.456
2014.0,ARG,93509.0,alliance: Frente Amplio Progresista,Frente Ampli...,0.492
2015.0,ARG,623.0,Justicialist [Peronist] Party,PJ,0.658
2015.0,ARG,1215.0,Support for an Egalitarian Republic,ARI,0.529
2015.0,ARG,1365.0,Socialist Party,PS,0.481
2015.0,ARG,1724.0,Radical Civic Union,UCR,0.266
2015.0,ARG,1790.0,Republican Proposal,PRO,0.148
2015.0,ARG,2530.0,Front for Victory,FPV-PJ,0.848
2015.0,ARG,4182.0,Union of the Democratic Centre,UCD,0.045
2015.0,ARG,5553.0,Front for a Country in Solidarity,FREPASO,0.534
2015.0,ARG,6112.0,Action for the Republic,AR,0.136
2015.0,ARG,6159.0,Civic Coalition ARI,CC,0.372
2015.0,ARG,6160.0,Renewal Front,RF,0.407
2015.0,ARG,6554.0,"Progressive, Civic and Social Front",FPCyS,0.461
2015.0,ARG,6648.0,Federal Peronism / Dissident Peronism,PF-PJ,0.375
2015.0,ARG,8043.0,Concertation Party,FORJA,0.456
2015.0,ARG,93509.0,alliance: Frente Amplio Progresista,Frente Ampli...,0.492
2016.0,ARG,623.0,Justicialist [Peronist] Party,PJ,0.658
2016.0,ARG,1215.0,Support for an Egalitarian Republic,ARI,0.529
2016.0,ARG,1365.0,Socialist Party,PS,0.481
2016.0,ARG,1724.0,Radical Civic Union,UCR,0.2555
2016.0,ARG,1790.0,Republican Proposal,PRO,0.1465
2016.0,ARG,2530.0,Front for Victory,FPV-PJ,0.848
2016.0,ARG,4182.0,Union of the Democratic Centre,UCD,0.045
2016.0,ARG,5553.0,Front for a Country in Solidarity,FREPASO,0.534
2016.0,ARG,6112.0,Action for the Republic,AR,0.136
2016.0,ARG,6159.0,Civic Coalition ARI,CC,0.359
2016.0,ARG,6160.0,Renewal Front,RF,0.4185
2016.0,ARG,6554.0,"Progressive, Civic and Social Front",FPCyS,0.461
2016.0,ARG,6648.0,Federal Peronism / Dissident Peronism,PF-PJ,0.375
2016.0,ARG,8043.0,Concertation Party,FORJA,0.456
2016.0,ARG,93509.0,alliance: Frente Amplio Progresista,Frente Ampli...,0.492
2017.0,ARG,623.0,Justicialist [Peronist] Party,PJ,0.658
2017.0,ARG,1215.0,Support for an Egalitarian Republic,ARI,0.529
2017.0,ARG,1365.0,Socialist Party,PS,0.481
2017.0,ARG,1724.0,Radical Civic Union,UCR,0.245
2017.0,ARG,1790.0,Republican Proposal,PRO,0.145
2017.0,ARG,2530.0,Front for Victory,FPV-PJ,0.848
2017.0,ARG,4182.0,Union of the Democratic Centre,UCD,0.045
2017.0,ARG,5553.0,Front for a Country in Solidarity,FREPASO,0.534
2017.0,ARG,6112.0,Action for the Republic,AR,0.136
2017.0,ARG,6159.0,Civic Coalition ARI,CC,0.346
2017.0,ARG,6160.0,Renewal Front,RF,0.43
2017.0,ARG,6554.0,"Progressive, Civic and Social Front",FPCyS,0.461
2017.0,ARG,6648.0,Federal Peronism / Dissident Peronism,PF-PJ,0.375
2017.0,ARG,7664.0,Citizen's Unity,CU,0.67
2017.0,ARG,8043.0,Concertation Party,FORJA,0.456
2017.0,ARG,8059.0,Frente Justicialista-Justicialist [Peronist] Party,FP-PJ,0.479
2017.0,ARG,93509.0,alliance: Frente Amplio Progresista,Frente Ampli...,0.492
2018.0,ARG,623.0,Justicialist [Peronist] Party,PJ,0.658
2018.0,ARG,1215.0,Support for an Egalitarian Republic,ARI,0.529
2018.0,ARG,1365.0,Socialist Party,PS,0.481
2018.0,ARG,1724.0,Radical Civic Union,UCR,0.239
2018.0,ARG,1790.0,Republican Proposal,PRO,0.16549999999999998
2018.0,ARG,2530.0,Front for Victory,FPV-PJ,0.848
2018.0,ARG,4182.0,Union of the Democratic Centre,UCD,0.045
2018.0,ARG,5553.0,Front for a Country in Solidarity,FREPASO,0.534
2018.0,ARG,6112.0,Action for the Republic,AR,0.136
2018.0,ARG,6159.0,Civic Coalition ARI,CC,0.3745
2018.0,ARG,6160.0,Renewal Front,RF,0.473
2018.0,ARG,6554.0,"Progressive, Civic and Social Front",FPCyS,0.461
2018.0,ARG,6648.0,Federal Peronism / Dissident Peronism,PF-PJ,0.375
2018.0,ARG,7664.0,Citizen's Unity,CU,0.67
2018.0,ARG,8043.0,Concertation Party,FORJA,0.456
2018.0,ARG,8059.0,Frente Justicialista-Justicialist [Peronist] Party,FP-PJ,0.5605
2018.0,ARG,93509.0,alliance: Frente Amplio Progresista,Frente Ampli...,0.492
2019.0,ARG,623.0,Justicialist [Peronist] Party,PJ,0.658
2019.0,ARG,1215.0,Support for an Egalitarian Republic,ARI,0.529
2019.0,ARG,1365.0,Socialist Party,PS,0.481
2019.0,ARG,1724.0,Radical Civic Union,UCR,0.233
2019.0,ARG,1790.0,Republican Proposal,PRO,0.186
2019.0,ARG,2530.0,Front for Victory,FPV-PJ,0.848
2019.0,ARG,4182.0,Union of the Democratic Centre,UCD,0.045
2019.0,ARG,5553.0,Front for a Country in Solidarity,FREPASO,0.534
2019.0,ARG,6112.0,Action for the Republic,AR,0.136
2019.0,ARG,6159.0,Civic Coalition ARI,CC,0.403
2019.0,ARG,6160.0,Renewal Front,RF,0.516
2019.0,ARG,6554.0,"Progressive, Civic and Social Front",FPCyS,0.461
2019.0,ARG,6648.0,Federal Peronism / Dissident Peronism,PF-PJ,0.375
2019.0,ARG,7664.0,Citizen's Unity,CU,0.67
2019.0,ARG,8043.0,Concertation Party,FORJA,0.456
2019.0,ARG,8059.0,Frente Justicialista-Justicialist [Peronist] Party,FP-PJ,0.642
2019.0,ARG,8122.0,Federal Consensus,CF,0.329
2019.0,ARG,93509.0,alliance: Frente Amplio Progresista,Frente Ampli...,0.492
1993.0,BOL,568.0,Revolutionary Nationalist Movement,MNR,0.219
1993.0,BOL,4395.0,Civic Solidarity Union,UCS,0.49
1993.0,BOL,4396.0,Conscience of Fatherland,CONDEPA,0.794
1993.0,BOL,4398.0,Free Bolivia Movement,MBL,0.519
1993.0,BOL,6059.0,Patriotic Accord,AP,0.288
1994.0,BOL,568.0,Revolutionary Nationalist Movement,MNR,0.19475
1994.0,BOL,4395.0,Civic Solidarity Union,UCS,0.47825
1994.0,BOL,4396.0,Conscience of Fatherland,CONDEPA,0.7935000000000001
1994.0,BOL,4398.0,Free Bolivia Movement,MBL,0.519
1994.0,BOL,6059.0,Patriotic Accord,AP,0.288
1995.0,BOL,568.0,Revolutionary Nationalist Movement,MNR,0.17049999999999998
1995.0,BOL,4395.0,Civic Solidarity Union,UCS,0.4665
1995.0,BOL,4396.0,Conscience of Fatherland,CONDEPA,0.793
1995.0,BOL,4398.0,Free Bolivia Movement,MBL,0.519
1995.0,BOL,6059.0,Patriotic Accord,AP,0.288
1996.0,BOL,568.0,Revolutionary Nationalist Movement,MNR,0.14625
1996.0,BOL,4395.0,Civic Solidarity Union,UCS,0.45475
1996.0,BOL,4396.0,Conscience of Fatherland,CONDEPA,0.7925
1996.0,BOL,4398.0,Free Bolivia Movement,MBL,0.519
1996.0,BOL,6059.0,Patriotic Accord,AP,0.288
1997.0,BOL,568.0,Revolutionary Nationalist Movement,MNR,0.122
1997.0,BOL,4387.0,Revolutionary Left Movement - New Majority,MIR,0.227
1997.0,BOL,4393.0,Nationalist Democratic Action,ADN,0.047
1997.0,BOL,4395.0,Civic Solidarity Union,UCS,0.443
1997.0,BOL,4396.0,Conscience of Fatherland,CONDEPA,0.792
1997.0,BOL,4398.0,Free Bolivia Movement,MBL,0.519
1997.0,BOL,6059.0,Patriotic Accord,AP,0.288
1998.0,BOL,568.0,Revolutionary Nationalist Movement,MNR,0.122
1998.0,BOL,4387.0,Revolutionary Left Movement - New Majority,MIR,0.227
1998.0,BOL,4393.0,Nationalist Democratic Action,ADN,0.047
1998.0,BOL,4395.0,Civic Solidarity Union,UCS,0.443
1998.0,BOL,4396.0,Conscience of Fatherland,CONDEPA,0.792
1998.0,BOL,4398.0,Free Bolivia Movement,MBL,0.519
1998.0,BOL,6059.0,Patriotic Accord,AP,0.288
1999.0,BOL,568.0,Revolutionary Nationalist Movement,MNR,0.122
1999.0,BOL,4387.0,Revolutionary Left Movement - New Majority,MIR,0.227
1999.0,BOL,4393.0,Nationalist Democratic Action,ADN,0.047
1999.0,BOL,4395.0,Civic Solidarity Union,UCS,0.443
1999.0,BOL,4396.0,Conscience of Fatherland,CONDEPA,0.792
1999.0,BOL,4398.0,Free Bolivia Movement,MBL,0.519
1999.0,BOL,6059.0,Patriotic Accord,AP,0.288
2000.0,BOL,568.0,Revolutionary Nationalist Movement,MNR,0.122
2000.0,BOL,4387.0,Revolutionary Left Movement - New Majority,MIR,0.227
2000.0,BOL,4393.0,Nationalist Democratic Action,ADN,0.047
2000.0,BOL,4395.0,Civic Solidarity Union,UCS,0.443
2000.0,BOL,4396.0,Conscience of Fatherland,CONDEPA,0.792
2000.0,BOL,4398.0,Free Bolivia Movement,MBL,0.519
2000.0,BOL,6059.0,Patriotic Accord,AP,0.288
2001.0,BOL,568.0,Revolutionary Nationalist Movement,MNR,0.122
2001.0,BOL,4387.0,Revolutionary Left Movement - New Majority,MIR,0.227
2001.0,BOL,4393.0,Nationalist Democratic Action,ADN,0.047
2001.0,BOL,4395.0,Civic Solidarity Union,UCS,0.443
2001.0,BOL,4396.0,Conscience of Fatherland,CONDEPA,0.792
2001.0,BOL,4398.0,Free Bolivia Movement,MBL,0.519
2001.0,BOL,6059.0,Patriotic Accord,AP,0.288
2002.0,BOL,442.0,Movement for Socialism,MAS,0.939
2002.0,BOL,568.0,Revolutionary Nationalist Movement,MNR,0.122
2002.0,BOL,4386.0,New Republic Force,NFR,0.404
2002.0,BOL,4387.0,Revolutionary Left Movement - New Majority,MIR,0.227
2002.0,BOL,4393.0,Nationalist Democratic Action,ADN,0.047
2002.0,BOL,4395.0,Civic Solidarity Union,UCS,0.443
2002.0,BOL,4396.0,Conscience of Fatherland,CONDEPA,0.792
2002.0,BOL,4398.0,Free Bolivia Movement,MBL,0.519
2002.0,BOL,6059.0,Patriotic Accord,AP,0.288
2003.0,BOL,442.0,Movement for Socialism,MAS,0.939
2003.0,BOL,568.0,Revolutionary Nationalist Movement,MNR,0.122
2003.0,BOL,4386.0,New Republic Force,NFR,0.404
2003.0,BOL,4387.0,Revolutionary Left Movement - New Majority,MIR,0.227
2003.0,BOL,4393.0,Nationalist Democratic Action,ADN,0.047
2003.0,BOL,4395.0,Civic Solidarity Union,UCS,0.443
2003.0,BOL,4396.0,Conscience of Fatherland,CONDEPA,0.792
2003.0,BOL,4398.0,Free Bolivia Movement,MBL,0.519
2003.0,BOL,6059.0,Patriotic Accord,AP,0.288
2004.0,BOL,442.0,Movement for Socialism,MAS,0.939
2004.0,BOL,568.0,Revolutionary Nationalist Movement,MNR,0.122
2004.0,BOL,4386.0,New Republic Force,NFR,0.404
2004.0,BOL,4387.0,Revolutionary Left Movement - New Majority,MIR,0.227
2004.0,BOL,4393.0,Nationalist Democratic Action,ADN,0.047
2004.0,BOL,4395.0,Civic Solidarity Union,UCS,0.443
2004.0,BOL,4396.0,Conscience of Fatherland,CONDEPA,0.792
2004.0,BOL,4398.0,Free Bolivia Movement,MBL,0.519
2004.0,BOL,6059.0,Patriotic Accord,AP,0.288
2005.0,BOL,170.0,National Unity Front,UN,0.279
2005.0,BOL,442.0,Movement for Socialism,MAS,0.939
2005.0,BOL,568.0,Revolutionary Nationalist Movement,MNR,0.122
2005.0,BOL,1238.0,Social and Democratic Power,Podemos,0.109
2005.0,BOL,4386.0,New Republic Force,NFR,0.404
2005.0,BOL,4387.0,Revolutionary Left Movement - New Majority,MIR,0.227
2005.0,BOL,4393.0,Nationalist Democratic Action,ADN,0.047
2005.0,BOL,4395.0,Civic Solidarity Union,UCS,0.443
2005.0,BOL,4396.0,Conscience of Fatherland,CONDEPA,0.792
2005.0,BOL,4398.0,Free Bolivia Movement,MBL,0.519
2005.0,BOL,6059.0,Patriotic Accord,AP,0.288
2006.0,BOL,170.0,National Unity Front,UN,0.27655555555555555
2006.0,BOL,442.0,Movement for Socialism,MAS,0.939
2006.0,BOL,568.0,Revolutionary Nationalist Movement,MNR,0.122
2006.0,BOL,1238.0,Social and Democratic Power,Podemos,0.109
2006.0,BOL,4386.0,New Republic Force,NFR,0.404
2006.0,BOL,4387.0,Revolutionary Left Movement - New Majority,MIR,0.227
2006.0,BOL,4393.0,Nationalist Democratic Action,ADN,0.047
2006.0,BOL,4395.0,Civic Solidarity Union,UCS,0.443
2006.0,BOL,4396.0,Conscience of Fatherland,CONDEPA,0.792
2006.0,BOL,4398.0,Free Bolivia Movement,MBL,0.519
2006.0,BOL,6059.0,Patriotic Accord,AP,0.288
2007.0,BOL,170.0,National Unity Front,UN,0.27411111111111114
2007.0,BOL,442.0,Movement for Socialism,MAS,0.939
2007.0,BOL,568.0,Revolutionary Nationalist Movement,MNR,0.122
2007.0,BOL,1238.0,Social and Democratic Power,Podemos,0.109
2007.0,BOL,4386.0,New Republic Force,NFR,0.404
2007.0,BOL,4387.0,Revolutionary Left Movement - New Majority,MIR,0.227
2007.0,BOL,4393.0,Nationalist Democratic Action,ADN,0.047
2007.0,BOL,4395.0,Civic Solidarity Union,UCS,0.443
2007.0,BOL,4396.0,Conscience of Fatherland,CONDEPA,0.792
2007.0,BOL,4398.0,Free Bolivia Movement,MBL,0.519
2007.0,BOL,6059.0,Patriotic Accord,AP,0.288
2008.0,BOL,170.0,National Unity Front,UN,0.27166666666666667
2008.0,BOL,442.0,Movement for Socialism,MAS,0.939
2008.0,BOL,568.0,Revolutionary Nationalist Movement,MNR,0.122
2008.0,BOL,1238.0,Social and Democratic Power,Podemos,0.109
2008.0,BOL,4386.0,New Republic Force,NFR,0.404
2008.0,BOL,4387.0,Revolutionary Left Movement - New Majority,MIR,0.227
2008.0,BOL,4393.0,Nationalist Democratic Action,ADN,0.047
2008.0,BOL,4395.0,Civic Solidarity Union,UCS,0.443
2008.0,BOL,4396.0,Conscience of Fatherland,CONDEPA,0.792
2008.0,BOL,4398.0,Free Bolivia Movement,MBL,0.519
2008.0,BOL,6059.0,Patriotic Accord,AP,0.288
2009.0,BOL,170.0,National Unity Front,UN,0.26922222222222225
2009.0,BOL,442.0,Movement for Socialism,MAS,0.939
2009.0,BOL,568.0,Revolutionary Nationalist Movement,MNR,0.122
2009.0,BOL,1238.0,Social and Democratic Power,Podemos,0.109
2009.0,BOL,1700.0,Plan Progress for Bolivia -- National Convergence,PPB-CN,0.172
2009.0,BOL,4386.0,New Republic Force,NFR,0.404
2009.0,BOL,4387.0,Revolutionary Left Movement - New Majority,MIR,0.227
2009.0,BOL,4393.0,Nationalist Democratic Action,ADN,0.047
2009.0,BOL,4395.0,Civic Solidarity Union,UCS,0.443
2009.0,BOL,4396.0,Conscience of Fatherland,CONDEPA,0.792
2009.0,BOL,4398.0,Free Bolivia Movement,MBL,0.519
2009.0,BOL,6059.0,Patriotic Accord,AP,0.288
2010.0,BOL,170.0,National Unity Front,UN,0.2667777777777778
2010.0,BOL,442.0,Movement for Socialism,MAS,0.9296
2010.0,BOL,568.0,Revolutionary Nationalist Movement,MNR,0.122
2010.0,BOL,1238.0,Social and Democratic Power,Podemos,0.109
2010.0,BOL,1700.0,Plan Progress for Bolivia -- National Convergence,PPB-CN,0.172
2010.0,BOL,4386.0,New Republic Force,NFR,0.404
2010.0,BOL,4387.0,Revolutionary Left Movement - New Majority,MIR,0.227
2010.0,BOL,4393.0,Nationalist Democratic Action,ADN,0.047
2010.0,BOL,4395.0,Civic Solidarity Union,UCS,0.443
2010.0,BOL,4396.0,Conscience of Fatherland,CONDEPA,0.792
2010.0,BOL,4398.0,Free Bolivia Movement,MBL,0.519
2010.0,BOL,6059.0,Patriotic Accord,AP,0.288
2011.0,BOL,170.0,National Unity Front,UN,0.26433333333333336
2011.0,BOL,442.0,Movement for Socialism,MAS,0.9202
2011.0,BOL,568.0,Revolutionary Nationalist Movement,MNR,0.122
2011.0,BOL,1238.0,Social and Democratic Power,Podemos,0.109
2011.0,BOL,1700.0,Plan Progress for Bolivia -- National Convergence,PPB-CN,0.172
2011.0,BOL,4386.0,New Republic Force,NFR,0.404
2011.0,BOL,4387.0,Revolutionary Left Movement - New Majority,MIR,0.227
2011.0,BOL,4393.0,Nationalist Democratic Action,ADN,0.047
2011.0,BOL,4395.0,Civic Solidarity Union,UCS,0.443
2011.0,BOL,4396.0,Conscience of Fatherland,CONDEPA,0.792
2011.0,BOL,4398.0,Free Bolivia Movement,MBL,0.519
2011.0,BOL,6059.0,Patriotic Accord,AP,0.288
2012.0,BOL,170.0,National Unity Front,UN,0.2618888888888889
2012.0,BOL,442.0,Movement for Socialism,MAS,0.9107999999999999
2012.0,BOL,568.0,Revolutionary Nationalist Movement,MNR,0.122
2012.0,BOL,1238.0,Social and Democratic Power,Podemos,0.109
2012.0,BOL,1700.0,Plan Progress for Bolivia -- National Convergence,PPB-CN,0.172
2012.0,BOL,4386.0,New Republic Force,NFR,0.404
2012.0,BOL,4387.0,Revolutionary Left Movement - New Majority,MIR,0.227
2012.0,BOL,4393.0,Nationalist Democratic Action,ADN,0.047
2012.0,BOL,4395.0,Civic Solidarity Union,UCS,0.443
2012.0,BOL,4396.0,Conscience of Fatherland,CONDEPA,0.792
2012.0,BOL,4398.0,Free Bolivia Movement,MBL,0.519
2012.0,BOL,6059.0,Patriotic Accord,AP,0.288
2013.0,BOL,170.0,National Unity Front,UN,0.2594444444444445
2013.0,BOL,442.0,Movement for Socialism,MAS,0.9014
2013.0,BOL,568.0,Revolutionary Nationalist Movement,MNR,0.122
2013.0,BOL,1238.0,Social and Democratic Power,Podemos,0.109
2013.0,BOL,1700.0,Plan Progress for Bolivia -- National Convergence,PPB-CN,0.172
2013.0,BOL,4386.0,New Republic Force,NFR,0.404
2013.0,BOL,4387.0,Revolutionary Left Movement - New Majority,MIR,0.227
2013.0,BOL,4393.0,Nationalist Democratic Action,ADN,0.047
2013.0,BOL,4395.0,Civic Solidarity Union,UCS,0.443
2013.0,BOL,4396.0,Conscience of Fatherland,CONDEPA,0.792
2013.0,BOL,4398.0,Free Bolivia Movement,MBL,0.519
2013.0,BOL,6059.0,Patriotic Accord,AP,0.288
2014.0,BOL,170.0,National Unity Front,UN,0.257
2014.0,BOL,442.0,Movement for Socialism,MAS,0.892
2014.0,BOL,568.0,Revolutionary Nationalist Movement,MNR,0.122
2014.0,BOL,1238.0,Social and Democratic Power,Podemos,0.109
2014.0,BOL,1700.0,Plan Progress for Bolivia -- National Convergence,PPB-CN,0.172
2014.0,BOL,4386.0,New Republic Force,NFR,0.404
2014.0,BOL,4387.0,Revolutionary Left Movement - New Majority,MIR,0.227
2014.0,BOL,4393.0,Nationalist Democratic Action,ADN,0.047
2014.0,BOL,4395.0,Civic Solidarity Union,UCS,0.443
2014.0,BOL,4396.0,Conscience of Fatherland,CONDEPA,0.792
2014.0,BOL,4398.0,Free Bolivia Movement,MBL,0.519
2014.0,BOL,5139.0,Christian Democratic Party,PDC,0.237
2014.0,BOL,6059.0,Patriotic Accord,AP,0.288
2015.0,BOL,170.0,National Unity Front,UN,0.257
2015.0,BOL,442.0,Movement for Socialism,MAS,0.8854
2015.0,BOL,568.0,Revolutionary Nationalist Movement,MNR,0.122
2015.0,BOL,1238.0,Social and Democratic Power,Podemos,0.109
2015.0,BOL,1700.0,Plan Progress for Bolivia -- National Convergence,PPB-CN,0.172
2015.0,BOL,4386.0,New Republic Force,NFR,0.404
2015.0,BOL,4387.0,Revolutionary Left Movement - New Majority,MIR,0.227
2015.0,BOL,4393.0,Nationalist Democratic Action,ADN,0.047
2015.0,BOL,4395.0,Civic Solidarity Union,UCS,0.443
2015.0,BOL,4396.0,Conscience of Fatherland,CONDEPA,0.792
2015.0,BOL,4398.0,Free Bolivia Movement,MBL,0.519
2015.0,BOL,5139.0,Christian Democratic Party,PDC,0.2322
2015.0,BOL,6059.0,Patriotic Accord,AP,0.288
2016.0,BOL,170.0,National Unity Front,UN,0.257
2016.0,BOL,442.0,Movement for Socialism,MAS,0.8788
2016.0,BOL,568.0,Revolutionary Nationalist Movement,MNR,0.122
2016.0,BOL,1238.0,Social and Democratic Power,Podemos,0.109
2016.0,BOL,1700.0,Plan Progress for Bolivia -- National Convergence,PPB-CN,0.172
2016.0,BOL,4386.0,New Republic Force,NFR,0.404
2016.0,BOL,4387.0,Revolutionary Left Movement - New Majority,MIR,0.227
2016.0,BOL,4393.0,Nationalist Democratic Action,ADN,0.047
2016.0,BOL,4395.0,Civic Solidarity Union,UCS,0.443
2016.0,BOL,4396.0,Conscience of Fatherland,CONDEPA,0.792
2016.0,BOL,4398.0,Free Bolivia Movement,MBL,0.519
2016.0,BOL,5139.0,Christian Democratic Party,PDC,0.2274
2016.0,BOL,6059.0,Patriotic Accord,AP,0.288
2017.0,BOL,170.0,National Unity Front,UN,0.257
2017.0,BOL,442.0,Movement for Socialism,MAS,0.8722
2017.0,BOL,568.0,Revolutionary Nationalist Movement,MNR,0.122
2017.0,BOL,1238.0,Social and Democratic Power,Podemos,0.109
2017.0,BOL,1700.0,Plan Progress for Bolivia -- National Convergence,PPB-CN,0.172
2017.0,BOL,4386.0,New Republic Force,NFR,0.404
2017.0,BOL,4387.0,Revolutionary Left Movement - New Majority,MIR,0.227
2017.0,BOL,4393.0,Nationalist Democratic Action,ADN,0.047
2017.0,BOL,4395.0,Civic Solidarity Union,UCS,0.443
2017.0,BOL,4396.0,Conscience of Fatherland,CONDEPA,0.792
2017.0,BOL,4398.0,Free Bolivia Movement,MBL,0.519
2017.0,BOL,5139.0,Christian Democratic Party,PDC,0.2226
2017.0,BOL,6059.0,Patriotic Accord,AP,0.288
2018.0,BOL,170.0,National Unity Front,UN,0.257
2018.0,BOL,442.0,Movement for Socialism,MAS,0.8656
2018.0,BOL,568.0,Revolutionary Nationalist Movement,MNR,0.122
2018.0,BOL,1238.0,Social and Democratic Power,Podemos,0.109
2018.0,BOL,1700.0,Plan Progress for Bolivia -- National Convergence,PPB-CN,0.172
2018.0,BOL,4386.0,New Republic Force,NFR,0.404
2018.0,BOL,4387.0,Revolutionary Left Movement - New Majority,MIR,0.227
2018.0,BOL,4393.0,Nationalist Democratic Action,ADN,0.047
2018.0,BOL,4395.0,Civic Solidarity Union,UCS,0.443
2018.0,BOL,4396.0,Conscience of Fatherland,CONDEPA,0.792
2018.0,BOL,4398.0,Free Bolivia Movement,MBL,0.519
2018.0,BOL,5139.0,Christian Democratic Party,PDC,0.2178
2018.0,BOL,6059.0,Patriotic Accord,AP,0.288
2019.0,BOL,170.0,National Unity Front,UN,0.257
2019.0,BOL,442.0,Movement for Socialism,MAS,0.859
2019.0,BOL,568.0,Revolutionary Nationalist Movement,MNR,0.122
2019.0,BOL,1238.0,Social and Democratic Power,Podemos,0.109
2019.0,BOL,1700.0,Plan Progress for Bolivia -- National Convergence,PPB-CN,0.172
2019.0,BOL,4386.0,New Republic Force,NFR,0.404
2019.0,BOL,4387.0,Revolutionary Left Movement - New Majority,MIR,0.227
2019.0,BOL,4393.0,Nationalist Democratic Action,ADN,0.047
2019.0,BOL,4395.0,Civic Solidarity Union,UCS,0.443
2019.0,BOL,4396.0,Conscience of Fatherland,CONDEPA,0.792
2019.0,BOL,4398.0,Free Bolivia Movement,MBL,0.519
2019.0,BOL,5139.0,Christian Democratic Party,PDC,0.213
2019.0,BOL,6059.0,Patriotic Accord,AP,0.288
2019.0,BOL,8126.0,Civic Community,CC,0.499
1990.0,BRA,225.0,Brazilian Social Democracy Party,PSDB,0.348
1990.0,BRA,356.0,Workers' Party,PT,0.781
1990.0,BRA,458.0,Brazilian Labour Party,PTB,0.365
1990.0,BRA,654.0,Partido do Movimento Democrático Brasileiro,PMDB,0.356
1990.0,BRA,1009.0,Democratic Labour Party,PDT,0.649
1990.0,BRA,1163.0,Democratic Social Party,PDS,0.029
1990.0,BRA,1536.0,Liberal Front / Democrats,PFL,0.098
1990.0,BRA,1823.0,Liberal Party,PL,0.179
1990.0,BRA,4403.0,Christian Democratic Party,PDC,0.175
1991.0,BRA,225.0,Brazilian Social Democracy Party,PSDB,0.32475
1991.0,BRA,356.0,Workers' Party,PT,0.77225
1991.0,BRA,458.0,Brazilian Labour Party,PTB,0.3475
1991.0,BRA,654.0,Partido do Movimento Democrático Brasileiro,PMDB,0.3295
1991.0,BRA,1009.0,Democratic Labour Party,PDT,0.64325
1991.0,BRA,1163.0,Democratic Social Party,PDS,0.029
1991.0,BRA,1536.0,Liberal Front / Democrats,PFL,0.10550000000000001
1991.0,BRA,1823.0,Liberal Party,PL,0.1740833333333333
1991.0,BRA,4403.0,Christian Democratic Party,PDC,0.175
1992.0,BRA,225.0,Brazilian Social Democracy Party,PSDB,0.3015
1992.0,BRA,356.0,Workers' Party,PT,0.7635000000000001
1992.0,BRA,458.0,Brazilian Labour Party,PTB,0.32999999999999996
1992.0,BRA,654.0,Partido do Movimento Democrático Brasileiro,PMDB,0.303
1992.0,BRA,1009.0,Democratic Labour Party,PDT,0.6375
1992.0,BRA,1163.0,Democratic Social Party,PDS,0.029
1992.0,BRA,1536.0,Liberal Front / Democrats,PFL,0.113
1992.0,BRA,1823.0,Liberal Party,PL,0.16916666666666666
1992.0,BRA,4403.0,Christian Democratic Party,PDC,0.175
1993.0,BRA,225.0,Brazilian Social Democracy Party,PSDB,0.27825
1993.0,BRA,356.0,Workers' Party,PT,0.75475
1993.0,BRA,458.0,Brazilian Labour Party,PTB,0.3125
1993.0,BRA,654.0,Partido do Movimento Democrático Brasileiro,PMDB,0.27649999999999997
1993.0,BRA,1009.0,Democratic Labour Party,PDT,0.63175
1993.0,BRA,1163.0,Democratic Social Party,PDS,0.029
1993.0,BRA,1536.0,Liberal Front / Democrats,PFL,0.1205
1993.0,BRA,1823.0,Liberal Party,PL,0.16425
1993.0,BRA,4403.0,Christian Democratic Party,PDC,0.175
1994.0,BRA,225.0,Brazilian Social Democracy Party,PSDB,0.255
1994.0,BRA,356.0,Workers' Party,PT,0.746
1994.0,BRA,458.0,Brazilian Labour Party,PTB,0.295
1994.0,BRA,654.0,Partido do Movimento Democrático Brasileiro,PMDB,0.25
1994.0,BRA,781.0,Progressive Party / Brazilian Progressive Party (PPB),PPB,0.12
1994.0,BRA,1009.0,Democratic Labour Party,PDT,0.626
1994.0,BRA,1163.0,Democratic Social Party,PDS,0.029
1994.0,BRA,1536.0,Liberal Front / Democrats,PFL,0.128
1994.0,BRA,1823.0,Liberal Party,PL,0.15933333333333333
1994.0,BRA,4402.0,Reform Progressive Party,PPR,0.154
1994.0,BRA,4403.0,Christian Democratic Party,PDC,0.175
1995.0,BRA,225.0,Brazilian Social Democracy Party,PSDB,0.244
1995.0,BRA,356.0,Workers' Party,PT,0.74325
1995.0,BRA,458.0,Brazilian Labour Party,PTB,0.28225
1995.0,BRA,654.0,Partido do Movimento Democrático Brasileiro,PMDB,0.241
1995.0,BRA,781.0,Progressive Party / Brazilian Progressive Party (PPB),PPB,0.11324999999999999
1995.0,BRA,1009.0,Democratic Labour Party,PDT,0.622
1995.0,BRA,1163.0,Democratic Social Party,PDS,0.029
1995.0,BRA,1536.0,Liberal Front / Democrats,PFL,0.1235
1995.0,BRA,1823.0,Liberal Party,PL,0.15441666666666665
1995.0,BRA,4402.0,Reform Progressive Party,PPR,0.154
1995.0,BRA,4403.0,Christian Democratic Party,PDC,0.175
1996.0,BRA,225.0,Brazilian Social Democracy Party,PSDB,0.23299999999999998
1996.0,BRA,356.0,Workers' Party,PT,0.7404999999999999
1996.0,BRA,458.0,Brazilian Labour Party,PTB,0.26949999999999996
1996.0,BRA,654.0,Partido do Movimento Democrático Brasileiro,PMDB,0.23199999999999998
1996.0,BRA,781.0,Progressive Party / Brazilian Progressive Party (PPB),PPB,0.1065
1996.0,BRA,1009.0,Democratic Labour Party,PDT,0.618
1996.0,BRA,1163.0,Democratic Social Party,PDS,0.029
1996.0,BRA,1536.0,Liberal Front / Democrats,PFL,0.119
1996.0,BRA,1823.0,Liberal Party,PL,0.1495
1996.0,BRA,4402.0,Reform Progressive Party,PPR,0.154
1996.0,BRA,4403.0,Christian Democratic Party,PDC,0.175
1997.0,BRA,225.0,Brazilian Social Democracy Party,PSDB,0.222
1997.0,BRA,356.0,Workers' Party,PT,0.73775
1997.0,BRA,458.0,Brazilian Labour Party,PTB,0.25675
1997.0,BRA,654.0,Partido do Movimento Democrático Brasileiro,PMDB,0.223
1997.0,BRA,781.0,Progressive Party / Brazilian Progressive Party (PPB),PPB,0.09975
1997.0,BRA,1009.0,Democratic Labour Party,PDT,0.614
1997.0,BRA,1163.0,Democratic Social Party,PDS,0.029
1997.0,BRA,1536.0,Liberal Front / Democrats,PFL,0.1145
1997.0,BRA,1823.0,Liberal Party,PL,0.14458333333333334
1997.0,BRA,4402.0,Reform Progressive Party,PPR,0.154
1997.0,BRA,4403.0,Christian Democratic Party,PDC,0.175
1998.0,BRA,225.0,Brazilian Social Democracy Party,PSDB,0.211
1998.0,BRA,356.0,Workers' Party,PT,0.735
1998.0,BRA,458.0,Brazilian Labour Party,PTB,0.244
1998.0,BRA,654.0,Partido do Movimento Democrático Brasileiro,PMDB,0.214
1998.0,BRA,781.0,Progressive Party / Brazilian Progressive Party (PPB),PPB,0.093
1998.0,BRA,1009.0,Democratic Labour Party,PDT,0.61
1998.0,BRA,1163.0,Democratic Social Party,PDS,0.029
1998.0,BRA,1536.0,Liberal Front / Democrats,PFL,0.11
1998.0,BRA,1823.0,Liberal Party,PL,0.13966666666666666
1998.0,BRA,4402.0,Reform Progressive Party,PPR,0.154
1998.0,BRA,4403.0,Christian Democratic Party,PDC,0.175
1999.0,BRA,225.0,Brazilian Social Democracy Party,PSDB,0.21425
1999.0,BRA,356.0,Workers' Party,PT,0.7215
1999.0,BRA,458.0,Brazilian Labour Party,PTB,0.244
1999.0,BRA,654.0,Partido do Movimento Democrático Brasileiro,PMDB,0.2045
1999.0,BRA,781.0,Progressive Party / Brazilian Progressive Party (PPB),PPB,0.099
1999.0,BRA,1009.0,Democratic Labour Party,PDT,0.59175
1999.0,BRA,1163.0,Democratic Social Party,PDS,0.029
1999.0,BRA,1536.0,Liberal Front / Democrats,PFL,0.11525
1999.0,BRA,1823.0,Liberal Party,PL,0.13474999999999998
1999.0,BRA,4402.0,Reform Progressive Party,PPR,0.154
1999.0,BRA,4403.0,Christian Democratic Party,PDC,0.175
2000.0,BRA,225.0,Brazilian Social Democracy Party,PSDB,0.2175
2000.0,BRA,356.0,Workers' Party,PT,0.708
2000.0,BRA,458.0,Brazilian Labour Party,PTB,0.244
2000.0,BRA,654.0,Partido do Movimento Democrático Brasileiro,PMDB,0.195
2000.0,BRA,781.0,Progressive Party / Brazilian Progressive Party (PPB),PPB,0.10500000000000001
2000.0,BRA,1009.0,Democratic Labour Party,PDT,0.5735
2000.0,BRA,1163.0,Democratic Social Party,PDS,0.029
2000.0,BRA,1536.0,Liberal Front / Democrats,PFL,0.1205
2000.0,BRA,1823.0,Liberal Party,PL,0.12983333333333333
2000.0,BRA,4402.0,Reform Progressive Party,PPR,0.154
2000.0,BRA,4403.0,Christian Democratic Party,PDC,0.175
2001.0,BRA,225.0,Brazilian Social Democracy Party,PSDB,0.22075
2001.0,BRA,356.0,Workers' Party,PT,0.6945
2001.0,BRA,458.0,Brazilian Labour Party,PTB,0.244
2001.0,BRA,654.0,Partido do Movimento Democrático Brasileiro,PMDB,0.1855
2001.0,BRA,781.0,Progressive Party / Brazilian Progressive Party (PPB),PPB,0.111
2001.0,BRA,1009.0,Democratic Labour Party,PDT,0.55525
2001.0,BRA,1163.0,Democratic Social Party,PDS,0.029
2001.0,BRA,1536.0,Liberal Front / Democrats,PFL,0.12575
2001.0,BRA,1823.0,Liberal Party,PL,0.12491666666666666
2001.0,BRA,4402.0,Reform Progressive Party,PPR,0.154
2001.0,BRA,4403.0,Christian Democratic Party,PDC,0.175
2002.0,BRA,225.0,Brazilian Social Democracy Party,PSDB,0.224
2002.0,BRA,356.0,Workers' Party,PT,0.681
2002.0,BRA,458.0,Brazilian Labour Party,PTB,0.244
2002.0,BRA,654.0,Partido do Movimento Democrático Brasileiro,PMDB,0.176
2002.0,BRA,723.0,Brazilian Socialist Party,PSB,0.498
2002.0,BRA,781.0,Progressive Party / Brazilian Progressive Party (PPB),PPB,0.117
2002.0,BRA,1009.0,Democratic Labour Party,PDT,0.537
2002.0,BRA,1163.0,Democratic Social Party,PDS,0.029
2002.0,BRA,1536.0,Liberal Front / Democrats,PFL,0.131
2002.0,BRA,1823.0,Liberal Party,PL,0.12
2002.0,BRA,4402.0,Reform Progressive Party,PPR,0.154
2002.0,BRA,4403.0,Christian Democratic Party,PDC,0.175
2003.0,BRA,225.0,Brazilian Social Democracy Party,PSDB,0.224
2003.0,BRA,356.0,Workers' Party,PT,0.6787500000000001
2003.0,BRA,458.0,Brazilian Labour Party,PTB,0.24675
2003.0,BRA,654.0,Partido do Movimento Democrático Brasileiro,PMDB,0.1885
2003.0,BRA,723.0,Brazilian Socialist Party,PSB,0.5005
2003.0,BRA,781.0,Progressive Party / Brazilian Progressive Party (PPB),PPB,0.117
2003.0,BRA,1009.0,Democratic Labour Party,PDT,0.5315000000000001
2003.0,BRA,1163.0,Democratic Social Party,PDS,0.029
2003.0,BRA,1536.0,Liberal Front / Democrats,PFL,0.131
2003.0,BRA,1823.0,Liberal Party,PL,0.12
2003.0,BRA,4402.0,Reform Progressive Party,PPR,0.154
2003.0,BRA,4403.0,Christian Democratic Party,PDC,0.175
2004.0,BRA,225.0,Brazilian Social Democracy Party,PSDB,0.224
2004.0,BRA,356.0,Workers' Party,PT,0.6765000000000001
2004.0,BRA,458.0,Brazilian Labour Party,PTB,0.2495
2004.0,BRA,654.0,Partido do Movimento Democrático Brasileiro,PMDB,0.201
2004.0,BRA,723.0,Brazilian Socialist Party,PSB,0.503
2004.0,BRA,781.0,Progressive Party / Brazilian Progressive Party (PPB),PPB,0.117
2004.0,BRA,1009.0,Democratic Labour Party,PDT,0.526
2004.0,BRA,1163.0,Democratic Social Party,PDS,0.029
2004.0,BRA,1536.0,Liberal Front / Democrats,PFL,0.131
2004.0,BRA,1823.0,Liberal Party,PL,0.12
2004.0,BRA,4402.0,Reform Progressive Party,PPR,0.154
2004.0,BRA,4403.0,Christian Democratic Party,PDC,0.175
2005.0,BRA,225.0,Brazilian Social Democracy Party,PSDB,0.224
2005.0,BRA,356.0,Workers' Party,PT,0.67425
2005.0,BRA,458.0,Brazilian Labour Party,PTB,0.25225
2005.0,BRA,654.0,Partido do Movimento Democrático Brasileiro,PMDB,0.2135
2005.0,BRA,723.0,Brazilian Socialist Party,PSB,0.5055000000000001
2005.0,BRA,781.0,Progressive Party / Brazilian Progressive Party (PPB),PPB,0.117
2005.0,BRA,1009.0,Democratic Labour Party,PDT,0.5205
2005.0,BRA,1163.0,Democratic Social Party,PDS,0.029
2005.0,BRA,1536.0,Liberal Front / Democrats,PFL,0.131
2005.0,BRA,1823.0,Liberal Party,PL,0.12
2005.0,BRA,4402.0,Reform Progressive Party,PPR,0.154
2005.0,BRA,4403.0,Christian Democratic Party,PDC,0.175
2006.0,BRA,225.0,Brazilian Social Democracy Party,PSDB,0.224
2006.0,BRA,267.0,Socialist People's Party,PPS,0.436
2006.0,BRA,356.0,Workers' Party,PT,0.672
2006.0,BRA,458.0,Brazilian Labour Party,PTB,0.255
2006.0,BRA,654.0,Partido do Movimento Democrático Brasileiro,PMDB,0.226
2006.0,BRA,723.0,Brazilian Socialist Party,PSB,0.508
2006.0,BRA,781.0,Progressive Party / Brazilian Progressive Party (PPB),PPB,0.117
2006.0,BRA,1009.0,Democratic Labour Party,PDT,0.515
2006.0,BRA,1163.0,Democratic Social Party,PDS,0.029
2006.0,BRA,1536.0,Liberal Front / Democrats,PFL,0.131
2006.0,BRA,1823.0,Liberal Party,PL,0.12
2006.0,BRA,4402.0,Reform Progressive Party,PPR,0.154
2006.0,BRA,4403.0,Christian Democratic Party,PDC,0.175
2007.0,BRA,225.0,Brazilian Social Democracy Party,PSDB,0.2255
2007.0,BRA,267.0,Socialist People's Party,PPS,0.436
2007.0,BRA,356.0,Workers' Party,PT,0.6645000000000001
2007.0,BRA,458.0,Brazilian Labour Party,PTB,0.255
2007.0,BRA,654.0,Partido do Movimento Democrático Brasileiro,PMDB,0.226
2007.0,BRA,723.0,Brazilian Socialist Party,PSB,0.49875
2007.0,BRA,781.0,Progressive Party / Brazilian Progressive Party (PPB),PPB,0.117
2007.0,BRA,1009.0,Democratic Labour Party,PDT,0.515
2007.0,BRA,1163.0,Democratic Social Party,PDS,0.029
2007.0,BRA,1536.0,Liberal Front / Democrats,PFL,0.135
2007.0,BRA,1823.0,Liberal Party,PL,0.12
2007.0,BRA,4402.0,Reform Progressive Party,PPR,0.154
2007.0,BRA,4403.0,Christian Democratic Party,PDC,0.175
2008.0,BRA,225.0,Brazilian Social Democracy Party,PSDB,0.227
2008.0,BRA,267.0,Socialist People's Party,PPS,0.436
2008.0,BRA,356.0,Workers' Party,PT,0.657
2008.0,BRA,458.0,Brazilian Labour Party,PTB,0.255
2008.0,BRA,654.0,Partido do Movimento Democrático Brasileiro,PMDB,0.226
2008.0,BRA,723.0,Brazilian Socialist Party,PSB,0.4895
2008.0,BRA,781.0,Progressive Party / Brazilian Progressive Party (PPB),PPB,0.117
2008.0,BRA,1009.0,Democratic Labour Party,PDT,0.515
2008.0,BRA,1163.0,Democratic Social Party,PDS,0.029
2008.0,BRA,1536.0,Liberal Front / Democrats,PFL,0.139
2008.0,BRA,1823.0,Liberal Party,PL,0.12
2008.0,BRA,4402.0,Reform Progressive Party,PPR,0.154
2008.0,BRA,4403.0,Christian Democratic Party,PDC,0.175
2009.0,BRA,225.0,Brazilian Social Democracy Party,PSDB,0.2285
2009.0,BRA,267.0,Socialist People's Party,PPS,0.436
2009.0,BRA,356.0,Workers' Party,PT,0.6495
2009.0,BRA,458.0,Brazilian Labour Party,PTB,0.255
2009.0,BRA,654.0,Partido do Movimento Democrático Brasileiro,PMDB,0.226
2009.0,BRA,723.0,Brazilian Socialist Party,PSB,0.48024999999999995
2009.0,BRA,781.0,Progressive Party / Brazilian Progressive Party (PPB),PPB,0.117
2009.0,BRA,1009.0,Democratic Labour Party,PDT,0.515
2009.0,BRA,1163.0,Democratic Social Party,PDS,0.029
2009.0,BRA,1536.0,Liberal Front / Democrats,PFL,0.143
2009.0,BRA,1823.0,Liberal Party,PL,0.12
2009.0,BRA,4402.0,Reform Progressive Party,PPR,0.154
2009.0,BRA,4403.0,Christian Democratic Party,PDC,0.175
2010.0,BRA,225.0,Brazilian Social Democracy Party,PSDB,0.23
2010.0,BRA,267.0,Socialist People's Party,PPS,0.436
2010.0,BRA,356.0,Workers' Party,PT,0.642
2010.0,BRA,458.0,Brazilian Labour Party,PTB,0.255
2010.0,BRA,654.0,Partido do Movimento Democrático Brasileiro,PMDB,0.226
2010.0,BRA,723.0,Brazilian Socialist Party,PSB,0.471
2010.0,BRA,781.0,Progressive Party / Brazilian Progressive Party (PPB),PPB,0.117
2010.0,BRA,1009.0,Democratic Labour Party,PDT,0.515
2010.0,BRA,1163.0,Democratic Social Party,PDS,0.029
2010.0,BRA,1536.0,Liberal Front / Democrats,PFL,0.147
2010.0,BRA,1823.0,Liberal Party,PL,0.12
2010.0,BRA,4402.0,Reform Progressive Party,PPR,0.154
2010.0,BRA,4403.0,Christian Democratic Party,PDC,0.175
2010.0,BRA,4405.0,Party of the Republic / Liberal Party,PR / PL,0.098
2011.0,BRA,225.0,Brazilian Social Democracy Party,PSDB,0.22575
2011.0,BRA,267.0,Socialist People's Party,PPS,0.436
2011.0,BRA,356.0,Workers' Party,PT,0.6535
2011.0,BRA,458.0,Brazilian Labour Party,PTB,0.255
2011.0,BRA,654.0,Partido do Movimento Democrático Brasileiro,PMDB,0.2285
2011.0,BRA,723.0,Brazilian Socialist Party,PSB,0.46449999999999997
2011.0,BRA,781.0,Progressive Party / Brazilian Progressive Party (PPB),PPB,0.117
2011.0,BRA,1009.0,Democratic Labour Party,PDT,0.515
2011.0,BRA,1163.0,Democratic Social Party,PDS,0.029
2011.0,BRA,1536.0,Liberal Front / Democrats,PFL,0.147
2011.0,BRA,1823.0,Liberal Party,PL,0.12
2011.0,BRA,4402.0,Reform Progressive Party,PPR,0.154
2011.0,BRA,4403.0,Christian Democratic Party,PDC,0.175
2011.0,BRA,4405.0,Party of the Republic / Liberal Party,PR / PL,0.098
2012.0,BRA,225.0,Brazilian Social Democracy Party,PSDB,0.2215
2012.0,BRA,267.0,Socialist People's Party,PPS,0.436
2012.0,BRA,356.0,Workers' Party,PT,0.665
2012.0,BRA,458.0,Brazilian Labour Party,PTB,0.255
2012.0,BRA,654.0,Partido do Movimento Democrático Brasileiro,PMDB,0.23099999999999998
2012.0,BRA,723.0,Brazilian Socialist Party,PSB,0.45799999999999996
2012.0,BRA,781.0,Progressive Party / Brazilian Progressive Party (PPB),PPB,0.117
2012.0,BRA,1009.0,Democratic Labour Party,PDT,0.515
2012.0,BRA,1163.0,Democratic Social Party,PDS,0.029
2012.0,BRA,1536.0,Liberal Front / Democrats,PFL,0.147
2012.0,BRA,1823.0,Liberal Party,PL,0.12
2012.0,BRA,4402.0,Reform Progressive Party,PPR,0.154
2012.0,BRA,4403.0,Christian Democratic Party,PDC,0.175
2012.0,BRA,4405.0,Party of the Republic / Liberal Party,PR / PL,0.098
2013.0,BRA,225.0,Brazilian Social Democracy Party,PSDB,0.21725
2013.0,BRA,267.0,Socialist People's Party,PPS,0.436
2013.0,BRA,356.0,Workers' Party,PT,0.6765
2013.0,BRA,458.0,Brazilian Labour Party,PTB,0.255
2013.0,BRA,654.0,Partido do Movimento Democrático Brasileiro,PMDB,0.23349999999999999
2013.0,BRA,723.0,Brazilian Socialist Party,PSB,0.4515
2013.0,BRA,781.0,Progressive Party / Brazilian Progressive Party (PPB),PPB,0.117
2013.0,BRA,1009.0,Democratic Labour Party,PDT,0.515
2013.0,BRA,1163.0,Democratic Social Party,PDS,0.029
2013.0,BRA,1536.0,Liberal Front / Democrats,PFL,0.147
2013.0,BRA,1823.0,Liberal Party,PL,0.12
2013.0,BRA,4402.0,Reform Progressive Party,PPR,0.154
2013.0,BRA,4403.0,Christian Democratic Party,PDC,0.175
2013.0,BRA,4405.0,Party of the Republic / Liberal Party,PR / PL,0.098
2014.0,BRA,225.0,Brazilian Social Democracy Party,PSDB,0.213
2014.0,BRA,267.0,Socialist People's Party,PPS,0.436
2014.0,BRA,356.0,Workers' Party,PT,0.688
2014.0,BRA,458.0,Brazilian Labour Party,PTB,0.255
2014.0,BRA,654.0,Partido do Movimento Democrático Brasileiro,PMDB,0.236
2014.0,BRA,723.0,Brazilian Socialist Party,PSB,0.445
2014.0,BRA,781.0,Progressive Party / Brazilian Progressive Party (PPB),PPB,0.117
2014.0,BRA,1009.0,Democratic Labour Party,PDT,0.515
2014.0,BRA,1163.0,Democratic Social Party,PDS,0.029
2014.0,BRA,1536.0,Liberal Front / Democrats,PFL,0.147
2014.0,BRA,1823.0,Liberal Party,PL,0.12
2014.0,BRA,4402.0,Reform Progressive Party,PPR,0.154
2014.0,BRA,4403.0,Christian Democratic Party,PDC,0.175
2014.0,BRA,4405.0,Party of the Republic / Liberal Party,PR / PL,0.098
2014.0,BRA,4613.0,Social Democratic Party,PSD,0.205
2014.0,BRA,7079.0,Brazilian Republican Party,PRB,0.21
2015.0,BRA,225.0,Brazilian Social Democracy Party,PSDB,0.213
2015.0,BRA,267.0,Socialist People's Party,PPS,0.436
2015.0,BRA,356.0,Workers' Party,PT,0.7102499999999999
2015.0,BRA,458.0,Brazilian Labour Party,PTB,0.255
2015.0,BRA,654.0,Partido do Movimento Democrático Brasileiro,PMDB,0.23074999999999998
2015.0,BRA,723.0,Brazilian Socialist Party,PSB,0.4485
2015.0,BRA,781.0,Progressive Party / Brazilian Progressive Party (PPB),PPB,0.117
2015.0,BRA,1009.0,Democratic Labour Party,PDT,0.5225
2015.0,BRA,1163.0,Democratic Social Party,PDS,0.029
2015.0,BRA,1536.0,Liberal Front / Democrats,PFL,0.14275
2015.0,BRA,1823.0,Liberal Party,PL,0.12
2015.0,BRA,4402.0,Reform Progressive Party,PPR,0.154
2015.0,BRA,4403.0,Christian Democratic Party,PDC,0.175
2015.0,BRA,4405.0,Party of the Republic / Liberal Party,PR / PL,0.098
2015.0,BRA,4613.0,Social Democratic Party,PSD,0.205
2015.0,BRA,7079.0,Brazilian Republican Party,PRB,0.2135
2016.0,BRA,225.0,Brazilian Social Democracy Party,PSDB,0.213
2016.0,BRA,267.0,Socialist People's Party,PPS,0.436
2016.0,BRA,356.0,Workers' Party,PT,0.7324999999999999
2016.0,BRA,458.0,Brazilian Labour Party,PTB,0.255
2016.0,BRA,654.0,Partido do Movimento Democrático Brasileiro,PMDB,0.22549999999999998
2016.0,BRA,723.0,Brazilian Socialist Party,PSB,0.452
2016.0,BRA,781.0,Progressive Party / Brazilian Progressive Party (PPB),PPB,0.117
2016.0,BRA,1009.0,Democratic Labour Party,PDT,0.53
2016.0,BRA,1163.0,Democratic Social Party,PDS,0.029
2016.0,BRA,1536.0,Liberal Front / Democrats,PFL,0.1385
2016.0,BRA,1823.0,Liberal Party,PL,0.12
2016.0,BRA,4402.0,Reform Progressive Party,PPR,0.154
2016.0,BRA,4403.0,Christian Democratic Party,PDC,0.175
2016.0,BRA,4405.0,Party of the Republic / Liberal Party,PR / PL,0.098
2016.0,BRA,4613.0,Social Democratic Party,PSD,0.205
2016.0,BRA,7079.0,Brazilian Republican Party,PRB,0.217
2017.0,BRA,225.0,Brazilian Social Democracy Party,PSDB,0.213
2017.0,BRA,267.0,Socialist People's Party,PPS,0.436
2017.0,BRA,356.0,Workers' Party,PT,0.75475
2017.0,BRA,458.0,Brazilian Labour Party,PTB,0.255
2017.0,BRA,654.0,Partido do Movimento Democrático Brasileiro,PMDB,0.22025
2017.0,BRA,723.0,Brazilian Socialist Party,PSB,0.4555
2017.0,BRA,781.0,Progressive Party / Brazilian Progressive Party (PPB),PPB,0.117
2017.0,BRA,1009.0,Democratic Labour Party,PDT,0.5375000000000001
2017.0,BRA,1163.0,Democratic Social Party,PDS,0.029
2017.0,BRA,1536.0,Liberal Front / Democrats,PFL,0.13425
2017.0,BRA,1823.0,Liberal Party,PL,0.12
2017.0,BRA,4402.0,Reform Progressive Party,PPR,0.154
2017.0,BRA,4403.0,Christian Democratic Party,PDC,0.175
2017.0,BRA,4405.0,Party of the Republic / Liberal Party,PR / PL,0.098
2017.0,BRA,4613.0,Social Democratic Party,PSD,0.205
2017.0,BRA,7079.0,Brazilian Republican Party,PRB,0.2205
2018.0,BRA,225.0,Brazilian Social Democracy Party,PSDB,0.213
2018.0,BRA,267.0,Socialist People's Party,PPS,0.436
2018.0,BRA,356.0,Workers' Party,PT,0.777
2018.0,BRA,458.0,Brazilian Labour Party,PTB,0.255
2018.0,BRA,654.0,Partido do Movimento Democrático Brasileiro,PMDB,0.215
2018.0,BRA,723.0,Brazilian Socialist Party,PSB,0.459
2018.0,BRA,781.0,Progressive Party / Brazilian Progressive Party (PPB),PPB,0.117
2018.0,BRA,1009.0,Democratic Labour Party,PDT,0.545
2018.0,BRA,1163.0,Democratic Social Party,PDS,0.029
2018.0,BRA,1536.0,Liberal Front / Democrats,PFL,0.13
2018.0,BRA,1823.0,Liberal Party,PL,0.12
2018.0,BRA,4402.0,Reform Progressive Party,PPR,0.154
2018.0,BRA,4403.0,Christian Democratic Party,PDC,0.175
2018.0,BRA,4405.0,Party of the Republic / Liberal Party,PR / PL,0.098
2018.0,BRA,4613.0,Social Democratic Party,PSD,0.205
2018.0,BRA,6920.0,Social Liberal Party,PSL,0.35
2018.0,BRA,7079.0,Brazilian Republican Party,PRB,0.224
2019.0,BRA,225.0,Brazilian Social Democracy Party,PSDB,0.213
2019.0,BRA,267.0,Socialist People's Party,PPS,0.436
2019.0,BRA,356.0,Workers' Party,PT,0.777
2019.0,BRA,458.0,Brazilian Labour Party,PTB,0.255
2019.0,BRA,654.0,Partido do Movimento Democrático Brasileiro,PMDB,0.215
2019.0,BRA,723.0,Brazilian Socialist Party,PSB,0.459
2019.0,BRA,781.0,Progressive Party / Brazilian Progressive Party (PPB),PPB,0.117
2019.0,BRA,1009.0,Democratic Labour Party,PDT,0.545
2019.0,BRA,1163.0,Democratic Social Party,PDS,0.029
2019.0,BRA,1536.0,Liberal Front / Democrats,PFL,0.13
2019.0,BRA,1823.0,Liberal Party,PL,0.12
2019.0,BRA,4402.0,Reform Progressive Party,PPR,0.154
2019.0,BRA,4403.0,Christian Democratic Party,PDC,0.175
2019.0,BRA,4405.0,Party of the Republic / Liberal Party,PR / PL,0.098
2019.0,BRA,4613.0,Social Democratic Party,PSD,0.205
2019.0,BRA,6920.0,Social Liberal Party,PSL,0.35
2019.0,BRA,7079.0,Brazilian Republican Party,PRB,0.224
1991.0,BRB,3686.0,Democratic Labour Party,DLP,0.756
1991.0,BRB,3694.0,Barbados Labour Party,BLP,0.481
1992.0,BRB,3686.0,Democratic Labour Party,DLP,0.756
1992.0,BRB,3694.0,Barbados Labour Party,BLP,0.423
1993.0,BRB,3686.0,Democratic Labour Party,DLP,0.756
1993.0,BRB,3694.0,Barbados Labour Party,BLP,0.365
1994.0,BRB,3686.0,Democratic Labour Party,DLP,0.756
1994.0,BRB,3693.0,National Democratic Party,NDP,0.603
1994.0,BRB,3694.0,Barbados Labour Party,BLP,0.307
1995.0,BRB,3686.0,Democratic Labour Party,DLP,0.756
1995.0,BRB,3693.0,National Democratic Party,NDP,0.603
1995.0,BRB,3694.0,Barbados Labour Party,BLP,0.307
1996.0,BRB,3686.0,Democratic Labour Party,DLP,0.756
1996.0,BRB,3693.0,National Democratic Party,NDP,0.603
1996.0,BRB,3694.0,Barbados Labour Party,BLP,0.307
1997.0,BRB,3686.0,Democratic Labour Party,DLP,0.756
1997.0,BRB,3693.0,National Democratic Party,NDP,0.603
1997.0,BRB,3694.0,Barbados Labour Party,BLP,0.307
1998.0,BRB,3686.0,Democratic Labour Party,DLP,0.756
1998.0,BRB,3693.0,National Democratic Party,NDP,0.603
1998.0,BRB,3694.0,Barbados Labour Party,BLP,0.307
1999.0,BRB,3686.0,Democratic Labour Party,DLP,0.756
1999.0,BRB,3693.0,National Democratic Party,NDP,0.603
1999.0,BRB,3694.0,Barbados Labour Party,BLP,0.307
2000.0,BRB,3686.0,Democratic Labour Party,DLP,0.756
2000.0,BRB,3693.0,National Democratic Party,NDP,0.603
2000.0,BRB,3694.0,Barbados Labour Party,BLP,0.307
2001.0,BRB,3686.0,Democratic Labour Party,DLP,0.756
2001.0,BRB,3693.0,National Democratic Party,NDP,0.603
2001.0,BRB,3694.0,Barbados Labour Party,BLP,0.307
2002.0,BRB,3686.0,Democratic Labour Party,DLP,0.756
2002.0,BRB,3693.0,National Democratic Party,NDP,0.603
2002.0,BRB,3694.0,Barbados Labour Party,BLP,0.307
2003.0,BRB,3686.0,Democratic Labour Party,DLP,0.756
2003.0,BRB,3693.0,National Democratic Party,NDP,0.603
2003.0,BRB,3694.0,Barbados Labour Party,BLP,0.307
2004.0,BRB,3686.0,Democratic Labour Party,DLP,0.756
2004.0,BRB,3693.0,National Democratic Party,NDP,0.603
2004.0,BRB,3694.0,Barbados Labour Party,BLP,0.307
2005.0,BRB,3686.0,Democratic Labour Party,DLP,0.756
2005.0,BRB,3693.0,National Democratic Party,NDP,0.603
2005.0,BRB,3694.0,Barbados Labour Party,BLP,0.307
2006.0,BRB,3686.0,Democratic Labour Party,DLP,0.756
2006.0,BRB,3693.0,National Democratic Party,NDP,0.603
2006.0,BRB,3694.0,Barbados Labour Party,BLP,0.307
2007.0,BRB,3686.0,Democratic Labour Party,DLP,0.756
2007.0,BRB,3693.0,National Democratic Party,NDP,0.603
2007.0,BRB,3694.0,Barbados Labour Party,BLP,0.307
2008.0,BRB,3686.0,Democratic Labour Party,DLP,0.756
2008.0,BRB,3693.0,National Democratic Party,NDP,0.603
2008.0,BRB,3694.0,Barbados Labour Party,BLP,0.307
2009.0,BRB,3686.0,Democratic Labour Party,DLP,0.756
2009.0,BRB,3693.0,National Democratic Party,NDP,0.603
2009.0,BRB,3694.0,Barbados Labour Party,BLP,0.307
2010.0,BRB,3686.0,Democratic Labour Party,DLP,0.756
2010.0,BRB,3693.0,National Democratic Party,NDP,0.603
2010.0,BRB,3694.0,Barbados Labour Party,BLP,0.307
2011.0,BRB,3686.0,Democratic Labour Party,DLP,0.756
2011.0,BRB,3693.0,National Democratic Party,NDP,0.603
2011.0,BRB,3694.0,Barbados Labour Party,BLP,0.307
2012.0,BRB,3686.0,Democratic Labour Party,DLP,0.756
2012.0,BRB,3693.0,National Democratic Party,NDP,0.603
2012.0,BRB,3694.0,Barbados Labour Party,BLP,0.307
2013.0,BRB,3686.0,Democratic Labour Party,DLP,0.756
2013.0,BRB,3693.0,National Democratic Party,NDP,0.603
2013.0,BRB,3694.0,Barbados Labour Party,BLP,0.307
2014.0,BRB,3686.0,Democratic Labour Party,DLP,0.756
2014.0,BRB,3693.0,National Democratic Party,NDP,0.603
2014.0,BRB,3694.0,Barbados Labour Party,BLP,0.3194
2015.0,BRB,3686.0,Democratic Labour Party,DLP,0.756
2015.0,BRB,3693.0,National Democratic Party,NDP,0.603
2015.0,BRB,3694.0,Barbados Labour Party,BLP,0.3318
2016.0,BRB,3686.0,Democratic Labour Party,DLP,0.756
2016.0,BRB,3693.0,National Democratic Party,NDP,0.603
2016.0,BRB,3694.0,Barbados Labour Party,BLP,0.3442
2017.0,BRB,3686.0,Democratic Labour Party,DLP,0.756
2017.0,BRB,3693.0,National Democratic Party,NDP,0.603
2017.0,BRB,3694.0,Barbados Labour Party,BLP,0.3566
2018.0,BRB,3686.0,Democratic Labour Party,DLP,0.756
2018.0,BRB,3693.0,National Democratic Party,NDP,0.603
2018.0,BRB,3694.0,Barbados Labour Party,BLP,0.369
2019.0,BRB,3686.0,Democratic Labour Party,DLP,0.756
2019.0,BRB,3693.0,National Democratic Party,NDP,0.603
2019.0,BRB,3694.0,Barbados Labour Party,BLP,0.369
1993.0,CHL,6.0,Socialist Party of Chile,PS,0.509
1993.0,CHL,54.0,Party for Democracy,PPD,0.311
1993.0,CHL,390.0,Christian Democratic Party,PDC,0.256
1993.0,CHL,437.0,Social Democrat Radical Party,PRSD,0.314
1993.0,CHL,928.0,National Renewal,RN,0.031
1993.0,CHL,1599.0,Independent Democratic Union,UDI,0.089
1994.0,CHL,6.0,Socialist Party of Chile,PS,0.509
1994.0,CHL,54.0,Party for Democracy,PPD,0.311
1994.0,CHL,390.0,Christian Democratic Party,PDC,0.25
1994.0,CHL,437.0,Social Democrat Radical Party,PRSD,0.314
1994.0,CHL,928.0,National Renewal,RN,0.031
1994.0,CHL,1599.0,Independent Democratic Union,UDI,0.089
1995.0,CHL,6.0,Socialist Party of Chile,PS,0.509
1995.0,CHL,54.0,Party for Democracy,PPD,0.311
1995.0,CHL,390.0,Christian Democratic Party,PDC,0.244
1995.0,CHL,437.0,Social Democrat Radical Party,PRSD,0.314
1995.0,CHL,928.0,National Renewal,RN,0.031
1995.0,CHL,1599.0,Independent Democratic Union,UDI,0.089
1996.0,CHL,6.0,Socialist Party of Chile,PS,0.509
1996.0,CHL,54.0,Party for Democracy,PPD,0.311
1996.0,CHL,390.0,Christian Democratic Party,PDC,0.23800000000000002
1996.0,CHL,437.0,Social Democrat Radical Party,PRSD,0.314
1996.0,CHL,928.0,National Renewal,RN,0.031
1996.0,CHL,1599.0,Independent Democratic Union,UDI,0.089
1997.0,CHL,6.0,Socialist Party of Chile,PS,0.509
1997.0,CHL,54.0,Party for Democracy,PPD,0.311
1997.0,CHL,390.0,Christian Democratic Party,PDC,0.232
1997.0,CHL,437.0,Social Democrat Radical Party,PRSD,0.314
1997.0,CHL,928.0,National Renewal,RN,0.031
1997.0,CHL,1599.0,Independent Democratic Union,UDI,0.089
1998.0,CHL,6.0,Socialist Party of Chile,PS,0.5015000000000001
1998.0,CHL,54.0,Party for Democracy,PPD,0.311
1998.0,CHL,390.0,Christian Democratic Party,PDC,0.232
1998.0,CHL,437.0,Social Democrat Radical Party,PRSD,0.314
1998.0,CHL,928.0,National Renewal,RN,0.04525
1998.0,CHL,1599.0,Independent Democratic Union,UDI,0.08925
1999.0,CHL,6.0,Socialist Party of Chile,PS,0.494
1999.0,CHL,54.0,Party for Democracy,PPD,0.311
1999.0,CHL,390.0,Christian Democratic Party,PDC,0.232
1999.0,CHL,437.0,Social Democrat Radical Party,PRSD,0.314
1999.0,CHL,928.0,National Renewal,RN,0.0595
1999.0,CHL,1599.0,Independent Democratic Union,UDI,0.0895
2000.0,CHL,6.0,Socialist Party of Chile,PS,0.4865
2000.0,CHL,54.0,Party for Democracy,PPD,0.311
2000.0,CHL,390.0,Christian Democratic Party,PDC,0.232
2000.0,CHL,437.0,Social Democrat Radical Party,PRSD,0.314
2000.0,CHL,928.0,National Renewal,RN,0.07375
2000.0,CHL,1599.0,Independent Democratic Union,UDI,0.08975
2001.0,CHL,6.0,Socialist Party of Chile,PS,0.479
2001.0,CHL,54.0,Party for Democracy,PPD,0.311
2001.0,CHL,390.0,Christian Democratic Party,PDC,0.232
2001.0,CHL,437.0,Social Democrat Radical Party,PRSD,0.314
2001.0,CHL,928.0,National Renewal,RN,0.088
2001.0,CHL,1599.0,Independent Democratic Union,UDI,0.09
2002.0,CHL,6.0,Socialist Party of Chile,PS,0.479
2002.0,CHL,54.0,Party for Democracy,PPD,0.311
2002.0,CHL,390.0,Christian Democratic Party,PDC,0.24350000000000002
2002.0,CHL,437.0,Social Democrat Radical Party,PRSD,0.314
2002.0,CHL,928.0,National Renewal,RN,0.088
2002.0,CHL,1599.0,Independent Democratic Union,UDI,0.08975
2003.0,CHL,6.0,Socialist Party of Chile,PS,0.479
2003.0,CHL,54.0,Party for Democracy,PPD,0.311
2003.0,CHL,390.0,Christian Democratic Party,PDC,0.255
2003.0,CHL,437.0,Social Democrat Radical Party,PRSD,0.314
2003.0,CHL,928.0,National Renewal,RN,0.088
2003.0,CHL,1599.0,Independent Democratic Union,UDI,0.0895
2004.0,CHL,6.0,Socialist Party of Chile,PS,0.479
2004.0,CHL,54.0,Party for Democracy,PPD,0.311
2004.0,CHL,390.0,Christian Democratic Party,PDC,0.2665
2004.0,CHL,437.0,Social Democrat Radical Party,PRSD,0.314
2004.0,CHL,928.0,National Renewal,RN,0.088
2004.0,CHL,1599.0,Independent Democratic Union,UDI,0.08925
2005.0,CHL,6.0,Socialist Party of Chile,PS,0.479
2005.0,CHL,54.0,Party for Democracy,PPD,0.311
2005.0,CHL,390.0,Christian Democratic Party,PDC,0.278
2005.0,CHL,437.0,Social Democrat Radical Party,PRSD,0.314
2005.0,CHL,928.0,National Renewal,RN,0.088
2005.0,CHL,1599.0,Independent Democratic Union,UDI,0.089
2006.0,CHL,6.0,Socialist Party of Chile,PS,0.479
2006.0,CHL,54.0,Party for Democracy,PPD,0.32225
2006.0,CHL,390.0,Christian Democratic Party,PDC,0.278
2006.0,CHL,437.0,Social Democrat Radical Party,PRSD,0.314
2006.0,CHL,928.0,National Renewal,RN,0.088
2006.0,CHL,1599.0,Independent Democratic Union,UDI,0.089
2007.0,CHL,6.0,Socialist Party of Chile,PS,0.479
2007.0,CHL,54.0,Party for Democracy,PPD,0.3335
2007.0,CHL,390.0,Christian Democratic Party,PDC,0.278
2007.0,CHL,437.0,Social Democrat Radical Party,PRSD,0.314
2007.0,CHL,928.0,National Renewal,RN,0.088
2007.0,CHL,1599.0,Independent Democratic Union,UDI,0.089
2008.0,CHL,6.0,Socialist Party of Chile,PS,0.479
2008.0,CHL,54.0,Party for Democracy,PPD,0.34475
2008.0,CHL,390.0,Christian Democratic Party,PDC,0.278
2008.0,CHL,437.0,Social Democrat Radical Party,PRSD,0.314
2008.0,CHL,928.0,National Renewal,RN,0.088
2008.0,CHL,1599.0,Independent Democratic Union,UDI,0.089
2009.0,CHL,6.0,Socialist Party of Chile,PS,0.479
2009.0,CHL,54.0,Party for Democracy,PPD,0.356
2009.0,CHL,390.0,Christian Democratic Party,PDC,0.278
2009.0,CHL,437.0,Social Democrat Radical Party,PRSD,0.314
2009.0,CHL,928.0,National Renewal,RN,0.088
2009.0,CHL,1599.0,Independent Democratic Union,UDI,0.089
2010.0,CHL,6.0,Socialist Party of Chile,PS,0.486
2010.0,CHL,54.0,Party for Democracy,PPD,0.356
2010.0,CHL,390.0,Christian Democratic Party,PDC,0.278
2010.0,CHL,437.0,Social Democrat Radical Party,PRSD,0.314
2010.0,CHL,928.0,National Renewal,RN,0.102
2010.0,CHL,1599.0,Independent Democratic Union,UDI,0.10575
2011.0,CHL,6.0,Socialist Party of Chile,PS,0.493
2011.0,CHL,54.0,Party for Democracy,PPD,0.356
2011.0,CHL,390.0,Christian Democratic Party,PDC,0.278
2011.0,CHL,437.0,Social Democrat Radical Party,PRSD,0.314
2011.0,CHL,928.0,National Renewal,RN,0.11599999999999999
2011.0,CHL,1599.0,Independent Democratic Union,UDI,0.1225
2012.0,CHL,6.0,Socialist Party of Chile,PS,0.5
2012.0,CHL,54.0,Party for Democracy,PPD,0.356
2012.0,CHL,390.0,Christian Democratic Party,PDC,0.278
2012.0,CHL,437.0,Social Democrat Radical Party,PRSD,0.314
2012.0,CHL,928.0,National Renewal,RN,0.13
2012.0,CHL,1599.0,Independent Democratic Union,UDI,0.13924999999999998
2013.0,CHL,6.0,Socialist Party of Chile,PS,0.507
2013.0,CHL,54.0,Party for Democracy,PPD,0.356
2013.0,CHL,162.0,Communist Party of Chile,PC,0.8
2013.0,CHL,390.0,Christian Democratic Party,PDC,0.278
2013.0,CHL,437.0,Social Democrat Radical Party,PRSD,0.314
2013.0,CHL,928.0,National Renewal,RN,0.144
2013.0,CHL,1599.0,Independent Democratic Union,UDI,0.156
2014.0,CHL,6.0,Socialist Party of Chile,PS,0.5045
2014.0,CHL,54.0,Party for Democracy,PPD,0.349
2014.0,CHL,162.0,Communist Party of Chile,PC,0.777
2014.0,CHL,390.0,Christian Democratic Party,PDC,0.28700000000000003
2014.0,CHL,437.0,Social Democrat Radical Party,PRSD,0.34825
2014.0,CHL,928.0,National Renewal,RN,0.146
2014.0,CHL,1599.0,Independent Democratic Union,UDI,0.1535
2015.0,CHL,6.0,Socialist Party of Chile,PS,0.502
2015.0,CHL,54.0,Party for Democracy,PPD,0.34199999999999997
2015.0,CHL,162.0,Communist Party of Chile,PC,0.754
2015.0,CHL,390.0,Christian Democratic Party,PDC,0.29600000000000004
2015.0,CHL,437.0,Social Democrat Radical Party,PRSD,0.3825
2015.0,CHL,928.0,National Renewal,RN,0.148
2015.0,CHL,1599.0,Independent Democratic Union,UDI,0.151
2016.0,CHL,6.0,Socialist Party of Chile,PS,0.4995
2016.0,CHL,54.0,Party for Democracy,PPD,0.335
2016.0,CHL,162.0,Communist Party of Chile,PC,0.731
2016.0,CHL,390.0,Christian Democratic Party,PDC,0.305
2016.0,CHL,437.0,Social Democrat Radical Party,PRSD,0.41675
2016.0,CHL,928.0,National Renewal,RN,0.15
2016.0,CHL,1599.0,Independent Democratic Union,UDI,0.1485
2017.0,CHL,6.0,Socialist Party of Chile,PS,0.497
2017.0,CHL,54.0,Party for Democracy,PPD,0.328
2017.0,CHL,162.0,Communist Party of Chile,PC,0.708
2017.0,CHL,209.0,Humanist Party,PH,0.564
2017.0,CHL,390.0,Christian Democratic Party,PDC,0.314
2017.0,CHL,437.0,Social Democrat Radical Party,PRSD,0.451
2017.0,CHL,928.0,National Renewal,RN,0.152
2017.0,CHL,1599.0,Independent Democratic Union,UDI,0.146
2017.0,CHL,6911.0,Democratic Revolution,DR,0.613
2017.0,CHL,7021.0,Political Evolution,EP,0.266
2018.0,CHL,6.0,Socialist Party of Chile,PS,0.497
2018.0,CHL,54.0,Party for Democracy,PPD,0.328
2018.0,CHL,162.0,Communist Party of Chile,PC,0.708
2018.0,CHL,209.0,Humanist Party,PH,0.564
2018.0,CHL,390.0,Christian Democratic Party,PDC,0.314
2018.0,CHL,437.0,Social Democrat Radical Party,PRSD,0.451
2018.0,CHL,928.0,National Renewal,RN,0.152
2018.0,CHL,1599.0,Independent Democratic Union,UDI,0.146
2018.0,CHL,6911.0,Democratic Revolution,DR,0.613
2018.0,CHL,7021.0,Political Evolution,EP,0.266
2019.0,CHL,6.0,Socialist Party of Chile,PS,0.497
2019.0,CHL,54.0,Party for Democracy,PPD,0.328
2019.0,CHL,162.0,Communist Party of Chile,PC,0.708
2019.0,CHL,209.0,Humanist Party,PH,0.564
2019.0,CHL,390.0,Christian Democratic Party,PDC,0.314
2019.0,CHL,437.0,Social Democrat Radical Party,PRSD,0.451
2019.0,CHL,928.0,National Renewal,RN,0.152
2019.0,CHL,1599.0,Independent Democratic Union,UDI,0.146
2019.0,CHL,6911.0,Democratic Revolution,DR,0.613
2019.0,CHL,7021.0,Political Evolution,EP,0.266
1990.0,COL,362.0,Colombian Liberal Party,PLC,0.542
1990.0,COL,1577.0,Colombian Conservative Party,PCC,0.299
1991.0,COL,362.0,Colombian Liberal Party,PLC,0.518
1991.0,COL,1577.0,Colombian Conservative Party,PCC,0.299
1991.0,COL,4852.0,Democratic Alliance - 19th of April Movement,DA M19,0.968
1991.0,COL,4853.0,National Salvation Movement,MSN,0.425
1992.0,COL,362.0,Colombian Liberal Party,PLC,0.532
1992.0,COL,1577.0,Colombian Conservative Party,PCC,0.299
1992.0,COL,4852.0,Democratic Alliance - 19th of April Movement,DA M19,0.968
1992.0,COL,4853.0,National Salvation Movement,MSN,0.425
1993.0,COL,362.0,Colombian Liberal Party,PLC,0.546
1993.0,COL,1577.0,Colombian Conservative Party,PCC,0.299
1993.0,COL,4852.0,Democratic Alliance - 19th of April Movement,DA M19,0.968
1993.0,COL,4853.0,National Salvation Movement,MSN,0.425
1994.0,COL,362.0,Colombian Liberal Party,PLC,0.56
1994.0,COL,1577.0,Colombian Conservative Party,PCC,0.299
1994.0,COL,4852.0,Democratic Alliance - 19th of April Movement,DA M19,0.968
1994.0,COL,4853.0,National Salvation Movement,MSN,0.425
1995.0,COL,362.0,Colombian Liberal Party,PLC,0.54725
1995.0,COL,1577.0,Colombian Conservative Party,PCC,0.307
1995.0,COL,4852.0,Democratic Alliance - 19th of April Movement,DA M19,0.968
1995.0,COL,4853.0,National Salvation Movement,MSN,0.425
1996.0,COL,362.0,Colombian Liberal Party,PLC,0.5345
1996.0,COL,1577.0,Colombian Conservative Party,PCC,0.315
1996.0,COL,4852.0,Democratic Alliance - 19th of April Movement,DA M19,0.968
1996.0,COL,4853.0,National Salvation Movement,MSN,0.425
1997.0,COL,362.0,Colombian Liberal Party,PLC,0.52175
1997.0,COL,1577.0,Colombian Conservative Party,PCC,0.323
1997.0,COL,4852.0,Democratic Alliance - 19th of April Movement,DA M19,0.968
1997.0,COL,4853.0,National Salvation Movement,MSN,0.425
1998.0,COL,362.0,Colombian Liberal Party,PLC,0.509
1998.0,COL,1577.0,Colombian Conservative Party,PCC,0.331
1998.0,COL,3815.0,Coalition,Co,0.321
1998.0,COL,4852.0,Democratic Alliance - 19th of April Movement,DA M19,0.968
1998.0,COL,4853.0,National Salvation Movement,MSN,0.425
1999.0,COL,362.0,Colombian Liberal Party,PLC,0.511
1999.0,COL,1577.0,Colombian Conservative Party,PCC,0.32175
1999.0,COL,3815.0,Coalition,Co,0.31
1999.0,COL,4852.0,Democratic Alliance - 19th of April Movement,DA M19,0.968
1999.0,COL,4853.0,National Salvation Movement,MSN,0.425
2000.0,COL,362.0,Colombian Liberal Party,PLC,0.513
2000.0,COL,1577.0,Colombian Conservative Party,PCC,0.3125
2000.0,COL,3815.0,Coalition,Co,0.29900000000000004
2000.0,COL,4852.0,Democratic Alliance - 19th of April Movement,DA M19,0.968
2000.0,COL,4853.0,National Salvation Movement,MSN,0.425
2001.0,COL,362.0,Colombian Liberal Party,PLC,0.515
2001.0,COL,1577.0,Colombian Conservative Party,PCC,0.30325
2001.0,COL,3815.0,Coalition,Co,0.28800000000000003
2001.0,COL,4852.0,Democratic Alliance - 19th of April Movement,DA M19,0.968
2001.0,COL,4853.0,National Salvation Movement,MSN,0.425
2002.0,COL,362.0,Colombian Liberal Party,PLC,0.517
2002.0,COL,1577.0,Colombian Conservative Party,PCC,0.294
2002.0,COL,3815.0,Coalition,Co,0.277
2002.0,COL,4852.0,Democratic Alliance - 19th of April Movement,DA M19,0.968
2002.0,COL,4853.0,National Salvation Movement,MSN,0.425
2003.0,COL,362.0,Colombian Liberal Party,PLC,0.52275
2003.0,COL,1577.0,Colombian Conservative Party,PCC,0.294
2003.0,COL,3815.0,Coalition,Co,0.277
2003.0,COL,4852.0,Democratic Alliance - 19th of April Movement,DA M19,0.968
2003.0,COL,4853.0,National Salvation Movement,MSN,0.425
2004.0,COL,362.0,Colombian Liberal Party,PLC,0.5285
2004.0,COL,1577.0,Colombian Conservative Party,PCC,0.294
2004.0,COL,3815.0,Coalition,Co,0.277
2004.0,COL,4852.0,Democratic Alliance - 19th of April Movement,DA M19,0.968
2004.0,COL,4853.0,National Salvation Movement,MSN,0.425
2005.0,COL,362.0,Colombian Liberal Party,PLC,0.53425
2005.0,COL,1577.0,Colombian Conservative Party,PCC,0.294
2005.0,COL,3815.0,Coalition,Co,0.277
2005.0,COL,4852.0,Democratic Alliance - 19th of April Movement,DA M19,0.968
2005.0,COL,4853.0,National Salvation Movement,MSN,0.425
2006.0,COL,218.0,Alternative Democratic Pole,PDA,0.931
2006.0,COL,362.0,Colombian Liberal Party,PLC,0.54
2006.0,COL,561.0,Radical Change,CR,0.312
2006.0,COL,759.0,Social Party of National Unity,Partido-U,0.371
2006.0,COL,1577.0,Colombian Conservative Party,PCC,0.294
2006.0,COL,3815.0,Coalition,Co,0.277
2006.0,COL,4852.0,Democratic Alliance - 19th of April Movement,DA M19,0.968
2006.0,COL,4853.0,National Salvation Movement,MSN,0.425
2007.0,COL,218.0,Alternative Democratic Pole,PDA,0.9267500000000001
2007.0,COL,362.0,Colombian Liberal Party,PLC,0.535
2007.0,COL,561.0,Radical Change,CR,0.3035
2007.0,COL,759.0,Social Party of National Unity,Partido-U,0.37575000000000003
2007.0,COL,1577.0,Colombian Conservative Party,PCC,0.294
2007.0,COL,3815.0,Coalition,Co,0.277
2007.0,COL,4852.0,Democratic Alliance - 19th of April Movement,DA M19,0.968
2007.0,COL,4853.0,National Salvation Movement,MSN,0.425
2008.0,COL,218.0,Alternative Democratic Pole,PDA,0.9225000000000001
2008.0,COL,362.0,Colombian Liberal Party,PLC,0.53
2008.0,COL,561.0,Radical Change,CR,0.29500000000000004
2008.0,COL,759.0,Social Party of National Unity,Partido-U,0.3805
2008.0,COL,1577.0,Colombian Conservative Party,PCC,0.294
2008.0,COL,3815.0,Coalition,Co,0.277
2008.0,COL,4852.0,Democratic Alliance - 19th of April Movement,DA M19,0.968
2008.0,COL,4853.0,National Salvation Movement,MSN,0.425
2009.0,COL,218.0,Alternative Democratic Pole,PDA,0.91825
2009.0,COL,362.0,Colombian Liberal Party,PLC,0.525
2009.0,COL,561.0,Radical Change,CR,0.28650000000000003
2009.0,COL,759.0,Social Party of National Unity,Partido-U,0.38525
2009.0,COL,1577.0,Colombian Conservative Party,PCC,0.294
2009.0,COL,3815.0,Coalition,Co,0.277
2009.0,COL,4852.0,Democratic Alliance - 19th of April Movement,DA M19,0.968
2009.0,COL,4853.0,National Salvation Movement,MSN,0.425
2010.0,COL,218.0,Alternative Democratic Pole,PDA,0.914
2010.0,COL,362.0,Colombian Liberal Party,PLC,0.52
2010.0,COL,561.0,Radical Change,CR,0.278
2010.0,COL,759.0,Social Party of National Unity,Partido-U,0.39
2010.0,COL,1577.0,Colombian Conservative Party,PCC,0.294
2010.0,COL,3815.0,Coalition,Co,0.277
2010.0,COL,3817.0,National Integration Party,PIN,0.118
2010.0,COL,4852.0,Democratic Alliance - 19th of April Movement,DA M19,0.968
2010.0,COL,4853.0,National Salvation Movement,MSN,0.425
2011.0,COL,218.0,Alternative Democratic Pole,PDA,0.914
2011.0,COL,362.0,Colombian Liberal Party,PLC,0.52
2011.0,COL,561.0,Radical Change,CR,0.2735
2011.0,COL,759.0,Social Party of National Unity,Partido-U,0.395
2011.0,COL,1577.0,Colombian Conservative Party,PCC,0.29374999999999996
2011.0,COL,3815.0,Coalition,Co,0.277
2011.0,COL,3817.0,National Integration Party,PIN,0.118
2011.0,COL,4852.0,Democratic Alliance - 19th of April Movement,DA M19,0.968
2011.0,COL,4853.0,National Salvation Movement,MSN,0.425
2012.0,COL,218.0,Alternative Democratic Pole,PDA,0.914
2012.0,COL,362.0,Colombian Liberal Party,PLC,0.52
2012.0,COL,561.0,Radical Change,CR,0.269
2012.0,COL,759.0,Social Party of National Unity,Partido-U,0.4
2012.0,COL,1577.0,Colombian Conservative Party,PCC,0.2935
2012.0,COL,3815.0,Coalition,Co,0.277
2012.0,COL,3817.0,National Integration Party,PIN,0.118
2012.0,COL,4852.0,Democratic Alliance - 19th of April Movement,DA M19,0.968
2012.0,COL,4853.0,National Salvation Movement,MSN,0.425
2013.0,COL,218.0,Alternative Democratic Pole,PDA,0.914
2013.0,COL,362.0,Colombian Liberal Party,PLC,0.52
2013.0,COL,561.0,Radical Change,CR,0.2645
2013.0,COL,759.0,Social Party of National Unity,Partido-U,0.40499999999999997
2013.0,COL,1577.0,Colombian Conservative Party,PCC,0.29325
2013.0,COL,3815.0,Coalition,Co,0.277
2013.0,COL,3817.0,National Integration Party,PIN,0.118
2013.0,COL,4852.0,Democratic Alliance - 19th of April Movement,DA M19,0.968
2013.0,COL,4853.0,National Salvation Movement,MSN,0.425
2014.0,COL,218.0,Alternative Democratic Pole,PDA,0.914
2014.0,COL,362.0,Colombian Liberal Party,PLC,0.52
2014.0,COL,561.0,Radical Change,CR,0.26
2014.0,COL,759.0,Social Party of National Unity,Partido-U,0.41
2014.0,COL,1577.0,Colombian Conservative Party,PCC,0.293
2014.0,COL,3815.0,Coalition,Co,0.277
2014.0,COL,3817.0,National Integration Party,PIN,0.118
2014.0,COL,4852.0,Democratic Alliance - 19th of April Movement,DA M19,0.968
2014.0,COL,4853.0,National Salvation Movement,MSN,0.425
2014.0,COL,5879.0,Democratic Centre,CD,0.295
2015.0,COL,218.0,Alternative Democratic Pole,PDA,0.914
2015.0,COL,362.0,Colombian Liberal Party,PLC,0.51125
2015.0,COL,561.0,Radical Change,CR,0.27775
2015.0,COL,759.0,Social Party of National Unity,Partido-U,0.42524999999999996
2015.0,COL,1577.0,Colombian Conservative Party,PCC,0.3045
2015.0,COL,3815.0,Coalition,Co,0.277
2015.0,COL,3817.0,National Integration Party,PIN,0.118
2015.0,COL,4852.0,Democratic Alliance - 19th of April Movement,DA M19,0.968
2015.0,COL,4853.0,National Salvation Movement,MSN,0.425
2015.0,COL,5879.0,Democratic Centre,CD,0.31024999999999997
2016.0,COL,218.0,Alternative Democratic Pole,PDA,0.914
2016.0,COL,362.0,Colombian Liberal Party,PLC,0.5025
2016.0,COL,561.0,Radical Change,CR,0.2955
2016.0,COL,759.0,Social Party of National Unity,Partido-U,0.4405
2016.0,COL,1577.0,Colombian Conservative Party,PCC,0.316
2016.0,COL,3815.0,Coalition,Co,0.277
2016.0,COL,3817.0,National Integration Party,PIN,0.118
2016.0,COL,4852.0,Democratic Alliance - 19th of April Movement,DA M19,0.968
2016.0,COL,4853.0,National Salvation Movement,MSN,0.425
2016.0,COL,5879.0,Democratic Centre,CD,0.3255
2017.0,COL,218.0,Alternative Democratic Pole,PDA,0.914
2017.0,COL,362.0,Colombian Liberal Party,PLC,0.49375
2017.0,COL,561.0,Radical Change,CR,0.31325000000000003
2017.0,COL,759.0,Social Party of National Unity,Partido-U,0.45575
2017.0,COL,1577.0,Colombian Conservative Party,PCC,0.3275
2017.0,COL,3815.0,Coalition,Co,0.277
2017.0,COL,3817.0,National Integration Party,PIN,0.118
2017.0,COL,4852.0,Democratic Alliance - 19th of April Movement,DA M19,0.968
2017.0,COL,4853.0,National Salvation Movement,MSN,0.425
2017.0,COL,5879.0,Democratic Centre,CD,0.34075
2018.0,COL,218.0,Alternative Democratic Pole,PDA,0.914
2018.0,COL,362.0,Colombian Liberal Party,PLC,0.485
2018.0,COL,561.0,Radical Change,CR,0.331
2018.0,COL,759.0,Social Party of National Unity,Partido-U,0.471
2018.0,COL,1577.0,Colombian Conservative Party,PCC,0.339
2018.0,COL,3815.0,Coalition,Co,0.277
2018.0,COL,3817.0,National Integration Party,PIN,0.118
2018.0,COL,4852.0,Democratic Alliance - 19th of April Movement,DA M19,0.968
2018.0,COL,4853.0,National Salvation Movement,MSN,0.425
2018.0,COL,5879.0,Democratic Centre,CD,0.356
2018.0,COL,5926.0,Green Alliance,AV,0.669
2019.0,COL,218.0,Alternative Democratic Pole,PDA,0.914
2019.0,COL,362.0,Colombian Liberal Party,PLC,0.485
2019.0,COL,561.0,Radical Change,CR,0.331
2019.0,COL,759.0,Social Party of National Unity,Partido-U,0.471
2019.0,COL,1577.0,Colombian Conservative Party,PCC,0.339
2019.0,COL,3815.0,Coalition,Co,0.277
2019.0,COL,3817.0,National Integration Party,PIN,0.118
2019.0,COL,4852.0,Democratic Alliance - 19th of April Movement,DA M19,0.968
2019.0,COL,4853.0,National Salvation Movement,MSN,0.425
2019.0,COL,5879.0,Democratic Centre,CD,0.356
2019.0,COL,5926.0,Green Alliance,AV,0.669
1990.0,CRI,1199.0,Social Christian Unity Party,PUSC,0.534
1990.0,CRI,1367.0,National Liberation Party,PLN,0.379
1991.0,CRI,1199.0,Social Christian Unity Party,PUSC,0.48850000000000005
1991.0,CRI,1367.0,National Liberation Party,PLN,0.379
1992.0,CRI,1199.0,Social Christian Unity Party,PUSC,0.443
1992.0,CRI,1367.0,National Liberation Party,PLN,0.379
1993.0,CRI,1199.0,Social Christian Unity Party,PUSC,0.39749999999999996
1993.0,CRI,1367.0,National Liberation Party,PLN,0.379
1994.0,CRI,1199.0,Social Christian Unity Party,PUSC,0.352
1994.0,CRI,1367.0,National Liberation Party,PLN,0.379
1994.0,CRI,4230.0,Democratic Force,FD,0.874
1995.0,CRI,1199.0,Social Christian Unity Party,PUSC,0.39749999999999996
1995.0,CRI,1367.0,National Liberation Party,PLN,0.379
1995.0,CRI,4230.0,Democratic Force,FD,0.874
1996.0,CRI,1199.0,Social Christian Unity Party,PUSC,0.443
1996.0,CRI,1367.0,National Liberation Party,PLN,0.379
1996.0,CRI,4230.0,Democratic Force,FD,0.874
1997.0,CRI,1199.0,Social Christian Unity Party,PUSC,0.48850000000000005
1997.0,CRI,1367.0,National Liberation Party,PLN,0.379
1997.0,CRI,4230.0,Democratic Force,FD,0.874
1998.0,CRI,1199.0,Social Christian Unity Party,PUSC,0.534
1998.0,CRI,1367.0,National Liberation Party,PLN,0.379
1998.0,CRI,4230.0,Democratic Force,FD,0.874
1999.0,CRI,1199.0,Social Christian Unity Party,PUSC,0.518
1999.0,CRI,1367.0,National Liberation Party,PLN,0.36525
1999.0,CRI,4230.0,Democratic Force,FD,0.874
2000.0,CRI,1199.0,Social Christian Unity Party,PUSC,0.502
2000.0,CRI,1367.0,National Liberation Party,PLN,0.35150000000000003
2000.0,CRI,4230.0,Democratic Force,FD,0.874
2001.0,CRI,1199.0,Social Christian Unity Party,PUSC,0.486
2001.0,CRI,1367.0,National Liberation Party,PLN,0.33775
2001.0,CRI,4230.0,Democratic Force,FD,0.874
2002.0,CRI,842.0,Libertarian Movement Party,PML,0.757
2002.0,CRI,1199.0,Social Christian Unity Party,PUSC,0.47
2002.0,CRI,1247.0,Citizens' Action Party,PAC,0.764
2002.0,CRI,1367.0,National Liberation Party,PLN,0.324
2002.0,CRI,4230.0,Democratic Force,FD,0.874
2003.0,CRI,842.0,Libertarian Movement Party,PML,0.757
2003.0,CRI,1199.0,Social Christian Unity Party,PUSC,0.519
2003.0,CRI,1247.0,Citizens' Action Party,PAC,0.77
2003.0,CRI,1367.0,National Liberation Party,PLN,0.324
2003.0,CRI,4230.0,Democratic Force,FD,0.874
2004.0,CRI,842.0,Libertarian Movement Party,PML,0.757
2004.0,CRI,1199.0,Social Christian Unity Party,PUSC,0.5680000000000001
2004.0,CRI,1247.0,Citizens' Action Party,PAC,0.776
2004.0,CRI,1367.0,National Liberation Party,PLN,0.324
2004.0,CRI,4230.0,Democratic Force,FD,0.874
2005.0,CRI,842.0,Libertarian Movement Party,PML,0.757
2005.0,CRI,1199.0,Social Christian Unity Party,PUSC,0.617
2005.0,CRI,1247.0,Citizens' Action Party,PAC,0.782
2005.0,CRI,1367.0,National Liberation Party,PLN,0.324
2005.0,CRI,4230.0,Democratic Force,FD,0.874
2006.0,CRI,842.0,Libertarian Movement Party,PML,0.757
2006.0,CRI,1199.0,Social Christian Unity Party,PUSC,0.666
2006.0,CRI,1247.0,Citizens' Action Party,PAC,0.788
2006.0,CRI,1367.0,National Liberation Party,PLN,0.324
2006.0,CRI,4230.0,Democratic Force,FD,0.874
2007.0,CRI,842.0,Libertarian Movement Party,PML,0.757
2007.0,CRI,1199.0,Social Christian Unity Party,PUSC,0.666
2007.0,CRI,1247.0,Citizens' Action Party,PAC,0.7542500000000001
2007.0,CRI,1367.0,National Liberation Party,PLN,0.324
2007.0,CRI,4230.0,Democratic Force,FD,0.874
2008.0,CRI,842.0,Libertarian Movement Party,PML,0.757
2008.0,CRI,1199.0,Social Christian Unity Party,PUSC,0.666
2008.0,CRI,1247.0,Citizens' Action Party,PAC,0.7205
2008.0,CRI,1367.0,National Liberation Party,PLN,0.324
2008.0,CRI,4230.0,Democratic Force,FD,0.874
2009.0,CRI,842.0,Libertarian Movement Party,PML,0.757
2009.0,CRI,1199.0,Social Christian Unity Party,PUSC,0.666
2009.0,CRI,1247.0,Citizens' Action Party,PAC,0.68675
2009.0,CRI,1367.0,National Liberation Party,PLN,0.324
2009.0,CRI,4230.0,Democratic Force,FD,0.874
2010.0,CRI,504.0,Accessibility without Exclusion,PASE,0.757
2010.0,CRI,842.0,Libertarian Movement Party,PML,0.757
2010.0,CRI,1199.0,Social Christian Unity Party,PUSC,0.666
2010.0,CRI,1247.0,Citizens' Action Party,PAC,0.653
2010.0,CRI,1367.0,National Liberation Party,PLN,0.324
2010.0,CRI,4230.0,Democratic Force,FD,0.874
2011.0,CRI,504.0,Accessibility without Exclusion,PASE,0.757
2011.0,CRI,842.0,Libertarian Movement Party,PML,0.757
2011.0,CRI,1199.0,Social Christian Unity Party,PUSC,0.666
2011.0,CRI,1247.0,Citizens' Action Party,PAC,0.64175
2011.0,CRI,1367.0,National Liberation Party,PLN,0.324
2011.0,CRI,4230.0,Democratic Force,FD,0.874
2012.0,CRI,504.0,Accessibility without Exclusion,PASE,0.757
2012.0,CRI,842.0,Libertarian Movement Party,PML,0.757
2012.0,CRI,1199.0,Social Christian Unity Party,PUSC,0.666
2012.0,CRI,1247.0,Citizens' Action Party,PAC,0.6305000000000001
2012.0,CRI,1367.0,National Liberation Party,PLN,0.324
2012.0,CRI,4230.0,Democratic Force,FD,0.874
2013.0,CRI,504.0,Accessibility without Exclusion,PASE,0.757
2013.0,CRI,842.0,Libertarian Movement Party,PML,0.757
2013.0,CRI,1199.0,Social Christian Unity Party,PUSC,0.666
2013.0,CRI,1247.0,Citizens' Action Party,PAC,0.61925
2013.0,CRI,1367.0,National Liberation Party,PLN,0.324
2013.0,CRI,4230.0,Democratic Force,FD,0.874
2014.0,CRI,504.0,Accessibility without Exclusion,PASE,0.757
2014.0,CRI,842.0,Libertarian Movement Party,PML,0.757
2014.0,CRI,1199.0,Social Christian Unity Party,PUSC,0.666
2014.0,CRI,1247.0,Citizens' Action Party,PAC,0.608
2014.0,CRI,1252.0,Broad Front,FA,0.897
2014.0,CRI,1367.0,National Liberation Party,PLN,0.324
2014.0,CRI,4230.0,Democratic Force,FD,0.874
2015.0,CRI,504.0,Accessibility without Exclusion,PASE,0.757
2015.0,CRI,842.0,Libertarian Movement Party,PML,0.757
2015.0,CRI,1199.0,Social Christian Unity Party,PUSC,0.666
2015.0,CRI,1247.0,Citizens' Action Party,PAC,0.608
2015.0,CRI,1252.0,Broad Front,FA,0.897
2015.0,CRI,1367.0,National Liberation Party,PLN,0.3365
2015.0,CRI,4230.0,Democratic Force,FD,0.874
2016.0,CRI,504.0,Accessibility without Exclusion,PASE,0.757
2016.0,CRI,842.0,Libertarian Movement Party,PML,0.757
2016.0,CRI,1199.0,Social Christian Unity Party,PUSC,0.666
2016.0,CRI,1247.0,Citizens' Action Party,PAC,0.608
2016.0,CRI,1252.0,Broad Front,FA,0.897
2016.0,CRI,1367.0,National Liberation Party,PLN,0.349
2016.0,CRI,4230.0,Democratic Force,FD,0.874
2017.0,CRI,504.0,Accessibility without Exclusion,PASE,0.757
2017.0,CRI,842.0,Libertarian Movement Party,PML,0.757
2017.0,CRI,1199.0,Social Christian Unity Party,PUSC,0.666
2017.0,CRI,1247.0,Citizens' Action Party,PAC,0.608
2017.0,CRI,1252.0,Broad Front,FA,0.897
2017.0,CRI,1367.0,National Liberation Party,PLN,0.3615
2017.0,CRI,4230.0,Democratic Force,FD,0.874
2018.0,CRI,257.0,National Restoration Party,PRN,0.775
2018.0,CRI,504.0,Accessibility without Exclusion,PASE,0.757
2018.0,CRI,842.0,Libertarian Movement Party,PML,0.757
2018.0,CRI,1199.0,Social Christian Unity Party,PUSC,0.666
2018.0,CRI,1247.0,Citizens' Action Party,PAC,0.608
2018.0,CRI,1252.0,Broad Front,FA,0.897
2018.0,CRI,1367.0,National Liberation Party,PLN,0.374
2018.0,CRI,4230.0,Democratic Force,FD,0.874
2018.0,CRI,4418.0,National Integration Party,PIN,0.71
2019.0,CRI,257.0,National Restoration Party,PRN,0.775
2019.0,CRI,504.0,Accessibility without Exclusion,PASE,0.757
2019.0,CRI,842.0,Libertarian Movement Party,PML,0.757
2019.0,CRI,1199.0,Social Christian Unity Party,PUSC,0.666
2019.0,CRI,1247.0,Citizens' Action Party,PAC,0.608
2019.0,CRI,1252.0,Broad Front,FA,0.897
2019.0,CRI,1367.0,National Liberation Party,PLN,0.374
2019.0,CRI,4230.0,Democratic Force,FD,0.874
2019.0,CRI,4418.0,National Integration Party,PIN,0.71
1993.0,CUB,4892.0,Communist Party of Cuba,PCC,0.804
1994.0,CUB,4892.0,Communist Party of Cuba,PCC,0.804
1995.0,CUB,4892.0,Communist Party of Cuba,PCC,0.804
1996.0,CUB,4892.0,Communist Party of Cuba,PCC,0.804
1997.0,CUB,4892.0,Communist Party of Cuba,PCC,0.804
1998.0,CUB,4892.0,Communist Party of Cuba,PCC,0.804
1999.0,CUB,4892.0,Communist Party of Cuba,PCC,0.8014
2000.0,CUB,4892.0,Communist Party of Cuba,PCC,0.7988000000000001
2001.0,CUB,4892.0,Communist Party of Cuba,PCC,0.7962
2002.0,CUB,4892.0,Communist Party of Cuba,PCC,0.7936000000000001
2003.0,CUB,4892.0,Communist Party of Cuba,PCC,0.791
2004.0,CUB,4892.0,Communist Party of Cuba,PCC,0.7912
2005.0,CUB,4892.0,Communist Party of Cuba,PCC,0.7914
2006.0,CUB,4892.0,Communist Party of Cuba,PCC,0.7916000000000001
2007.0,CUB,4892.0,Communist Party of Cuba,PCC,0.7918000000000001
2008.0,CUB,4892.0,Communist Party of Cuba,PCC,0.792
2009.0,CUB,4892.0,Communist Party of Cuba,PCC,0.7918000000000001
2010.0,CUB,4892.0,Communist Party of Cuba,PCC,0.7916000000000001
2011.0,CUB,4892.0,Communist Party of Cuba,PCC,0.7914
2012.0,CUB,4892.0,Communist Party of Cuba,PCC,0.7912
2013.0,CUB,4892.0,Communist Party of Cuba,PCC,0.791
2014.0,CUB,4892.0,Communist Party of Cuba,PCC,0.791
2015.0,CUB,4892.0,Communist Party of Cuba,PCC,0.791
2016.0,CUB,4892.0,Communist Party of Cuba,PCC,0.791
2017.0,CUB,4892.0,Communist Party of Cuba,PCC,0.791
2018.0,CUB,4892.0,Communist Party of Cuba,PCC,0.791
2019.0,CUB,4892.0,Communist Party of Cuba,PCC,0.791
1990.0,DOM,194.0,Social Christian Reformist Party,PRSC,0.099
1990.0,DOM,1225.0,Dominican Liberation Party,PLD,0.625
1990.0,DOM,1441.0,Dominican Revolutionary Party,PRD,0.51
1990.0,DOM,4194.0,Independent Revolutionary Party,PRI,0.271
1991.0,DOM,194.0,Social Christian Reformist Party,PRSC,0.092
1991.0,DOM,1225.0,Dominican Liberation Party,PLD,0.5785
1991.0,DOM,1441.0,Dominican Revolutionary Party,PRD,0.48250000000000004
1991.0,DOM,4194.0,Independent Revolutionary Party,PRI,0.271
1992.0,DOM,194.0,Social Christian Reformist Party,PRSC,0.08499999999999999
1992.0,DOM,1225.0,Dominican Liberation Party,PLD,0.532
1992.0,DOM,1441.0,Dominican Revolutionary Party,PRD,0.455
1992.0,DOM,4194.0,Independent Revolutionary Party,PRI,0.271
1993.0,DOM,194.0,Social Christian Reformist Party,PRSC,0.078
1993.0,DOM,1225.0,Dominican Liberation Party,PLD,0.4855
1993.0,DOM,1441.0,Dominican Revolutionary Party,PRD,0.4275
1993.0,DOM,4194.0,Independent Revolutionary Party,PRI,0.271
1994.0,DOM,194.0,Social Christian Reformist Party,PRSC,0.071
1994.0,DOM,1225.0,Dominican Liberation Party,PLD,0.439
1994.0,DOM,1441.0,Dominican Revolutionary Party,PRD,0.4
1994.0,DOM,4194.0,Independent Revolutionary Party,PRI,0.271
1995.0,DOM,194.0,Social Christian Reformist Party,PRSC,0.08925
1995.0,DOM,1225.0,Dominican Liberation Party,PLD,0.37324999999999997
1995.0,DOM,1441.0,Dominican Revolutionary Party,PRD,0.3855
1995.0,DOM,4194.0,Independent Revolutionary Party,PRI,0.271
1996.0,DOM,194.0,Social Christian Reformist Party,PRSC,0.10749999999999998
1996.0,DOM,1225.0,Dominican Liberation Party,PLD,0.3075
1996.0,DOM,1441.0,Dominican Revolutionary Party,PRD,0.371
1996.0,DOM,4194.0,Independent Revolutionary Party,PRI,0.271
1997.0,DOM,194.0,Social Christian Reformist Party,PRSC,0.12574999999999997
1997.0,DOM,1225.0,Dominican Liberation Party,PLD,0.24175
1997.0,DOM,1441.0,Dominican Revolutionary Party,PRD,0.35650000000000004
1997.0,DOM,4194.0,Independent Revolutionary Party,PRI,0.271
1998.0,DOM,194.0,Social Christian Reformist Party,PRSC,0.144
1998.0,DOM,1225.0,Dominican Liberation Party,PLD,0.176
1998.0,DOM,1441.0,Dominican Revolutionary Party,PRD,0.342
1998.0,DOM,4194.0,Independent Revolutionary Party,PRI,0.271
1999.0,DOM,194.0,Social Christian Reformist Party,PRSC,0.1545
1999.0,DOM,1225.0,Dominican Liberation Party,PLD,0.182
1999.0,DOM,1441.0,Dominican Revolutionary Party,PRD,0.34400000000000003
1999.0,DOM,4194.0,Independent Revolutionary Party,PRI,0.271
2000.0,DOM,194.0,Social Christian Reformist Party,PRSC,0.16499999999999998
2000.0,DOM,1225.0,Dominican Liberation Party,PLD,0.188
2000.0,DOM,1441.0,Dominican Revolutionary Party,PRD,0.346
2000.0,DOM,4194.0,Independent Revolutionary Party,PRI,0.271
2001.0,DOM,194.0,Social Christian Reformist Party,PRSC,0.1755
2001.0,DOM,1225.0,Dominican Liberation Party,PLD,0.194
2001.0,DOM,1441.0,Dominican Revolutionary Party,PRD,0.348
2001.0,DOM,4194.0,Independent Revolutionary Party,PRI,0.271
2002.0,DOM,194.0,Social Christian Reformist Party,PRSC,0.186
2002.0,DOM,1225.0,Dominican Liberation Party,PLD,0.2
2002.0,DOM,1441.0,Dominican Revolutionary Party,PRD,0.35
2002.0,DOM,4194.0,Independent Revolutionary Party,PRI,0.271
2003.0,DOM,194.0,Social Christian Reformist Party,PRSC,0.1895
2003.0,DOM,1225.0,Dominican Liberation Party,PLD,0.1965
2003.0,DOM,1441.0,Dominican Revolutionary Party,PRD,0.34625
2003.0,DOM,4194.0,Independent Revolutionary Party,PRI,0.271
2004.0,DOM,194.0,Social Christian Reformist Party,PRSC,0.193
2004.0,DOM,1225.0,Dominican Liberation Party,PLD,0.193
2004.0,DOM,1441.0,Dominican Revolutionary Party,PRD,0.3425
2004.0,DOM,4194.0,Independent Revolutionary Party,PRI,0.271
2005.0,DOM,194.0,Social Christian Reformist Party,PRSC,0.1965
2005.0,DOM,1225.0,Dominican Liberation Party,PLD,0.1895
2005.0,DOM,1441.0,Dominican Revolutionary Party,PRD,0.33875
2005.0,DOM,4194.0,Independent Revolutionary Party,PRI,0.271
2006.0,DOM,194.0,Social Christian Reformist Party,PRSC,0.2
2006.0,DOM,1225.0,Dominican Liberation Party,PLD,0.186
2006.0,DOM,1441.0,Dominican Revolutionary Party,PRD,0.335
2006.0,DOM,4194.0,Independent Revolutionary Party,PRI,0.271
2007.0,DOM,194.0,Social Christian Reformist Party,PRSC,0.19725
2007.0,DOM,1225.0,Dominican Liberation Party,PLD,0.17175
2007.0,DOM,1441.0,Dominican Revolutionary Party,PRD,0.33475
2007.0,DOM,4194.0,Independent Revolutionary Party,PRI,0.271
2008.0,DOM,194.0,Social Christian Reformist Party,PRSC,0.1945
2008.0,DOM,1225.0,Dominican Liberation Party,PLD,0.1575
2008.0,DOM,1441.0,Dominican Revolutionary Party,PRD,0.3345
2008.0,DOM,4194.0,Independent Revolutionary Party,PRI,0.271
2009.0,DOM,194.0,Social Christian Reformist Party,PRSC,0.19175
2009.0,DOM,1225.0,Dominican Liberation Party,PLD,0.14325
2009.0,DOM,1441.0,Dominican Revolutionary Party,PRD,0.33425000000000005
2009.0,DOM,4194.0,Independent Revolutionary Party,PRI,0.271
2010.0,DOM,194.0,Social Christian Reformist Party,PRSC,0.189
2010.0,DOM,1225.0,Dominican Liberation Party,PLD,0.129
2010.0,DOM,1441.0,Dominican Revolutionary Party,PRD,0.334
2010.0,DOM,4194.0,Independent Revolutionary Party,PRI,0.271
2011.0,DOM,194.0,Social Christian Reformist Party,PRSC,0.18133333333333335
2011.0,DOM,1225.0,Dominican Liberation Party,PLD,0.12966666666666668
2011.0,DOM,1441.0,Dominican Revolutionary Party,PRD,0.3205
2011.0,DOM,4194.0,Independent Revolutionary Party,PRI,0.271
2012.0,DOM,194.0,Social Christian Reformist Party,PRSC,0.17366666666666666
2012.0,DOM,1225.0,Dominican Liberation Party,PLD,0.13033333333333333
2012.0,DOM,1441.0,Dominican Revolutionary Party,PRD,0.307
2012.0,DOM,4194.0,Independent Revolutionary Party,PRI,0.271
2013.0,DOM,194.0,Social Christian Reformist Party,PRSC,0.16599999999999998
2013.0,DOM,1225.0,Dominican Liberation Party,PLD,0.131
2013.0,DOM,1441.0,Dominican Revolutionary Party,PRD,0.2935
2013.0,DOM,4194.0,Independent Revolutionary Party,PRI,0.271
2014.0,DOM,194.0,Social Christian Reformist Party,PRSC,0.15833333333333333
2014.0,DOM,1225.0,Dominican Liberation Party,PLD,0.13166666666666668
2014.0,DOM,1441.0,Dominican Revolutionary Party,PRD,0.28
2014.0,DOM,4194.0,Independent Revolutionary Party,PRI,0.271
2015.0,DOM,194.0,Social Christian Reformist Party,PRSC,0.15066666666666667
2015.0,DOM,1225.0,Dominican Liberation Party,PLD,0.13233333333333333
2015.0,DOM,1441.0,Dominican Revolutionary Party,PRD,0.2665
2015.0,DOM,4194.0,Independent Revolutionary Party,PRI,0.271
2016.0,DOM,194.0,Social Christian Reformist Party,PRSC,0.143
2016.0,DOM,1225.0,Dominican Liberation Party,PLD,0.133
2016.0,DOM,1441.0,Dominican Revolutionary Party,PRD,0.253
2016.0,DOM,4194.0,Independent Revolutionary Party,PRI,0.271
2016.0,DOM,7544.0,Modern Revolutionary Party,PRM,0.331
2017.0,DOM,194.0,Social Christian Reformist Party,PRSC,0.143
2017.0,DOM,1225.0,Dominican Liberation Party,PLD,0.133
2017.0,DOM,1441.0,Dominican Revolutionary Party,PRD,0.253
2017.0,DOM,4194.0,Independent Revolutionary Party,PRI,0.271
2017.0,DOM,7544.0,Modern Revolutionary Party,PRM,0.331
2018.0,DOM,194.0,Social Christian Reformist Party,PRSC,0.143
2018.0,DOM,1225.0,Dominican Liberation Party,PLD,0.133
2018.0,DOM,1441.0,Dominican Revolutionary Party,PRD,0.253
2018.0,DOM,4194.0,Independent Revolutionary Party,PRI,0.271
2018.0,DOM,7544.0,Modern Revolutionary Party,PRM,0.331
2019.0,DOM,194.0,Social Christian Reformist Party,PRSC,0.143
2019.0,DOM,1225.0,Dominican Liberation Party,PLD,0.133
2019.0,DOM,1441.0,Dominican Revolutionary Party,PRD,0.253
2019.0,DOM,4194.0,Independent Revolutionary Party,PRI,0.271
2019.0,DOM,7544.0,Modern Revolutionary Party,PRM,0.331
1990.0,ECU,797.0,Democratic Left,ID,0.382
1990.0,ECU,885.0,Ecuadorian Socialist Party,PSE,0.631
1990.0,ECU,950.0,Social Christian Party [Movement],PSC,0.255
1990.0,ECU,1405.0,Christian Democratic Union / Popular Democracy,UDC/DP,0.34
1990.0,ECU,1450.0,Ecuadorian Roldosist Party,PRE,0.943
1990.0,ECU,1521.0,Democratic People's Movement,MPD,0.699
1990.0,ECU,4198.0,Alfarista Radical Front,FRA,0.339
1990.0,ECU,4270.0,Radical Liberal Party,PLRE,0.272
1990.0,ECU,4348.0,Concentration of Popular Forces,CFP,0.769
1990.0,ECU,7487.0,Broad Front of the Left,FADI,0.743
1991.0,ECU,797.0,Democratic Left,ID,0.3765
1991.0,ECU,885.0,Ecuadorian Socialist Party,PSE,0.631
1991.0,ECU,950.0,Social Christian Party [Movement],PSC,0.255
1991.0,ECU,1405.0,Christian Democratic Union / Popular Democracy,UDC/DP,0.329
1991.0,ECU,1450.0,Ecuadorian Roldosist Party,PRE,0.9259999999999999
1991.0,ECU,1521.0,Democratic People's Movement,MPD,0.6930000000000001
1991.0,ECU,4198.0,Alfarista Radical Front,FRA,0.3265
1991.0,ECU,4270.0,Radical Liberal Party,PLRE,0.272
1991.0,ECU,4348.0,Concentration of Popular Forces,CFP,0.769
1991.0,ECU,7487.0,Broad Front of the Left,FADI,0.743
1992.0,ECU,797.0,Democratic Left,ID,0.371
1992.0,ECU,885.0,Ecuadorian Socialist Party,PSE,0.631
1992.0,ECU,950.0,Social Christian Party [Movement],PSC,0.255
1992.0,ECU,1405.0,Christian Democratic Union / Popular Democracy,UDC/DP,0.318
1992.0,ECU,1450.0,Ecuadorian Roldosist Party,PRE,0.909
1992.0,ECU,1521.0,Democratic People's Movement,MPD,0.687
1992.0,ECU,4198.0,Alfarista Radical Front,FRA,0.314
1992.0,ECU,4270.0,Radical Liberal Party,PLRE,0.272
1992.0,ECU,4271.0,Republican Unity Party,PUR,0.2
1992.0,ECU,4348.0,Concentration of Popular Forces,CFP,0.769
1992.0,ECU,4349.0,Ecuadorian Conservative Party,PCE,0.124
1992.0,ECU,7487.0,Broad Front of the Left,FADI,0.743
1993.0,ECU,797.0,Democratic Left,ID,0.371
1993.0,ECU,885.0,Ecuadorian Socialist Party,PSE,0.631
1993.0,ECU,950.0,Social Christian Party [Movement],PSC,0.255
1993.0,ECU,1405.0,Christian Democratic Union / Popular Democracy,UDC/DP,0.29700000000000004
1993.0,ECU,1450.0,Ecuadorian Roldosist Party,PRE,0.909
1993.0,ECU,1521.0,Democratic People's Movement,MPD,0.687
1993.0,ECU,4198.0,Alfarista Radical Front,FRA,0.314
1993.0,ECU,4270.0,Radical Liberal Party,PLRE,0.272
1993.0,ECU,4271.0,Republican Unity Party,PUR,0.2
1993.0,ECU,4348.0,Concentration of Popular Forces,CFP,0.769
1993.0,ECU,4349.0,Ecuadorian Conservative Party,PCE,0.124
1993.0,ECU,7487.0,Broad Front of the Left,FADI,0.743
1994.0,ECU,797.0,Democratic Left,ID,0.371
1994.0,ECU,885.0,Ecuadorian Socialist Party,PSE,0.631
1994.0,ECU,950.0,Social Christian Party [Movement],PSC,0.255
1994.0,ECU,1405.0,Christian Democratic Union / Popular Democracy,UDC/DP,0.276
1994.0,ECU,1450.0,Ecuadorian Roldosist Party,PRE,0.909
1994.0,ECU,1521.0,Democratic People's Movement,MPD,0.687
1994.0,ECU,4198.0,Alfarista Radical Front,FRA,0.314
1994.0,ECU,4270.0,Radical Liberal Party,PLRE,0.272
1994.0,ECU,4271.0,Republican Unity Party,PUR,0.2
1994.0,ECU,4347.0,Ecuadorian Revolutionary Popular Action Party,PAPRE,0.512
1994.0,ECU,4348.0,Concentration of Popular Forces,CFP,0.769
1994.0,ECU,4349.0,Ecuadorian Conservative Party,PCE,0.124
1994.0,ECU,7487.0,Broad Front of the Left,FADI,0.743
1995.0,ECU,797.0,Democratic Left,ID,0.371
1995.0,ECU,885.0,Ecuadorian Socialist Party,PSE,0.623
1995.0,ECU,950.0,Social Christian Party [Movement],PSC,0.2585
1995.0,ECU,1405.0,Christian Democratic Union / Popular Democracy,UDC/DP,0.276
1995.0,ECU,1450.0,Ecuadorian Roldosist Party,PRE,0.909
1995.0,ECU,1521.0,Democratic People's Movement,MPD,0.682
1995.0,ECU,4198.0,Alfarista Radical Front,FRA,0.314
1995.0,ECU,4270.0,Radical Liberal Party,PLRE,0.272
1995.0,ECU,4271.0,Republican Unity Party,PUR,0.2
1995.0,ECU,4347.0,Ecuadorian Revolutionary Popular Action Party,PAPRE,0.512
1995.0,ECU,4348.0,Concentration of Popular Forces,CFP,0.769
1995.0,ECU,4349.0,Ecuadorian Conservative Party,PCE,0.11925
1995.0,ECU,7487.0,Broad Front of the Left,FADI,0.743
1996.0,ECU,797.0,Democratic Left,ID,0.371
1996.0,ECU,827.0,Pachakutik Plurinational Unity Movement ? New Country,MUPP-NP,0.726
1996.0,ECU,885.0,Ecuadorian Socialist Party,PSE,0.615
1996.0,ECU,950.0,Social Christian Party [Movement],PSC,0.262
1996.0,ECU,1405.0,Christian Democratic Union / Popular Democracy,UDC/DP,0.276
1996.0,ECU,1450.0,Ecuadorian Roldosist Party,PRE,0.909
1996.0,ECU,1521.0,Democratic People's Movement,MPD,0.677
1996.0,ECU,4198.0,Alfarista Radical Front,FRA,0.314
1996.0,ECU,4270.0,Radical Liberal Party,PLRE,0.272
1996.0,ECU,4271.0,Republican Unity Party,PUR,0.2
1996.0,ECU,4347.0,Ecuadorian Revolutionary Popular Action Party,PAPRE,0.512
1996.0,ECU,4348.0,Concentration of Popular Forces,CFP,0.769
1996.0,ECU,4349.0,Ecuadorian Conservative Party,PCE,0.11449999999999999
1996.0,ECU,7487.0,Broad Front of the Left,FADI,0.743
1996.0,ECU,93535.0,alliance: PLR/FRA Alliance,PLR/FRA Alli...,0.271
1997.0,ECU,797.0,Democratic Left,ID,0.3665
1997.0,ECU,827.0,Pachakutik Plurinational Unity Movement ? New Country,MUPP-NP,0.727
1997.0,ECU,885.0,Ecuadorian Socialist Party,PSE,0.607
1997.0,ECU,950.0,Social Christian Party [Movement],PSC,0.2595
1997.0,ECU,1405.0,Christian Democratic Union / Popular Democracy,UDC/DP,0.276
1997.0,ECU,1450.0,Ecuadorian Roldosist Party,PRE,0.89
1997.0,ECU,1521.0,Democratic People's Movement,MPD,0.677
1997.0,ECU,4198.0,Alfarista Radical Front,FRA,0.314
1997.0,ECU,4270.0,Radical Liberal Party,PLRE,0.272
1997.0,ECU,4271.0,Republican Unity Party,PUR,0.2
1997.0,ECU,4347.0,Ecuadorian Revolutionary Popular Action Party,PAPRE,0.512
1997.0,ECU,4348.0,Concentration of Popular Forces,CFP,0.769
1997.0,ECU,4349.0,Ecuadorian Conservative Party,PCE,0.10975
1997.0,ECU,6388.0,New People,GN,0.289
1997.0,ECU,7487.0,Broad Front of the Left,FADI,0.743
1997.0,ECU,7725.0,Pachakutic Movement,MP,0.505
1997.0,ECU,7726.0,New Country,NP,0.511
1997.0,ECU,93535.0,alliance: PLR/FRA Alliance,PLR/FRA Alli...,0.271
1997.0,ECU,93536.0,alliance: PL/FRA,PL/FRA,0.257
1998.0,ECU,797.0,Democratic Left,ID,0.362
1998.0,ECU,827.0,Pachakutik Plurinational Unity Movement ? New Country,MUPP-NP,0.728
1998.0,ECU,885.0,Ecuadorian Socialist Party,PSE,0.607
1998.0,ECU,950.0,Social Christian Party [Movement],PSC,0.257
1998.0,ECU,1405.0,Christian Democratic Union / Popular Democracy,UDC/DP,0.276
1998.0,ECU,1450.0,Ecuadorian Roldosist Party,PRE,0.89
1998.0,ECU,1521.0,Democratic People's Movement,MPD,0.677
1998.0,ECU,4198.0,Alfarista Radical Front,FRA,0.314
1998.0,ECU,4270.0,Radical Liberal Party,PLRE,0.272
1998.0,ECU,4271.0,Republican Unity Party,PUR,0.2
1998.0,ECU,4347.0,Ecuadorian Revolutionary Popular Action Party,PAPRE,0.512
1998.0,ECU,4348.0,Concentration of Popular Forces,CFP,0.769
1998.0,ECU,4349.0,Ecuadorian Conservative Party,PCE,0.105
1998.0,ECU,6388.0,New People,GN,0.289
1998.0,ECU,7487.0,Broad Front of the Left,FADI,0.743
1998.0,ECU,7725.0,Pachakutic Movement,MP,0.505
1998.0,ECU,7726.0,New Country,NP,0.511
1998.0,ECU,93535.0,alliance: PLR/FRA Alliance,PLR/FRA Alli...,0.271
1998.0,ECU,93536.0,alliance: PL/FRA,PL/FRA,0.257
1999.0,ECU,797.0,Democratic Left,ID,0.35125
1999.0,ECU,827.0,Pachakutik Plurinational Unity Movement ? New Country,MUPP-NP,0.7244999999999999
1999.0,ECU,885.0,Ecuadorian Socialist Party,PSE,0.607
1999.0,ECU,950.0,Social Christian Party [Movement],PSC,0.257
1999.0,ECU,1405.0,Christian Democratic Union / Popular Democracy,UDC/DP,0.27225
1999.0,ECU,1450.0,Ecuadorian Roldosist Party,PRE,0.885
1999.0,ECU,1521.0,Democratic People's Movement,MPD,0.677
1999.0,ECU,4198.0,Alfarista Radical Front,FRA,0.314
1999.0,ECU,4270.0,Radical Liberal Party,PLRE,0.272
1999.0,ECU,4271.0,Republican Unity Party,PUR,0.2
1999.0,ECU,4347.0,Ecuadorian Revolutionary Popular Action Party,PAPRE,0.512
1999.0,ECU,4348.0,Concentration of Popular Forces,CFP,0.769
1999.0,ECU,4349.0,Ecuadorian Conservative Party,PCE,0.105
1999.0,ECU,6388.0,New People,GN,0.289
1999.0,ECU,7487.0,Broad Front of the Left,FADI,0.743
1999.0,ECU,7725.0,Pachakutic Movement,MP,0.505
1999.0,ECU,7726.0,New Country,NP,0.511
1999.0,ECU,93535.0,alliance: PLR/FRA Alliance,PLR/FRA Alli...,0.271
1999.0,ECU,93536.0,alliance: PL/FRA,PL/FRA,0.257
2000.0,ECU,797.0,Democratic Left,ID,0.3405
2000.0,ECU,827.0,Pachakutik Plurinational Unity Movement ? New Country,MUPP-NP,0.721
2000.0,ECU,885.0,Ecuadorian Socialist Party,PSE,0.607
2000.0,ECU,950.0,Social Christian Party [Movement],PSC,0.257
2000.0,ECU,1405.0,Christian Democratic Union / Popular Democracy,UDC/DP,0.2685
2000.0,ECU,1450.0,Ecuadorian Roldosist Party,PRE,0.88
2000.0,ECU,1521.0,Democratic People's Movement,MPD,0.677
2000.0,ECU,4198.0,Alfarista Radical Front,FRA,0.314
2000.0,ECU,4270.0,Radical Liberal Party,PLRE,0.272
2000.0,ECU,4271.0,Republican Unity Party,PUR,0.2
2000.0,ECU,4347.0,Ecuadorian Revolutionary Popular Action Party,PAPRE,0.512
2000.0,ECU,4348.0,Concentration of Popular Forces,CFP,0.769
2000.0,ECU,4349.0,Ecuadorian Conservative Party,PCE,0.105
2000.0,ECU,6388.0,New People,GN,0.289
2000.0,ECU,7487.0,Broad Front of the Left,FADI,0.743
2000.0,ECU,7725.0,Pachakutic Movement,MP,0.505
2000.0,ECU,7726.0,New Country,NP,0.511
2000.0,ECU,93535.0,alliance: PLR/FRA Alliance,PLR/FRA Alli...,0.271
2000.0,ECU,93536.0,alliance: PL/FRA,PL/FRA,0.257
2001.0,ECU,797.0,Democratic Left,ID,0.32975
2001.0,ECU,827.0,Pachakutik Plurinational Unity Movement ? New Country,MUPP-NP,0.7175
2001.0,ECU,885.0,Ecuadorian Socialist Party,PSE,0.607
2001.0,ECU,950.0,Social Christian Party [Movement],PSC,0.257
2001.0,ECU,1405.0,Christian Democratic Union / Popular Democracy,UDC/DP,0.26475000000000004
2001.0,ECU,1450.0,Ecuadorian Roldosist Party,PRE,0.875
2001.0,ECU,1521.0,Democratic People's Movement,MPD,0.677
2001.0,ECU,4198.0,Alfarista Radical Front,FRA,0.314
2001.0,ECU,4270.0,Radical Liberal Party,PLRE,0.272
2001.0,ECU,4271.0,Republican Unity Party,PUR,0.2
2001.0,ECU,4347.0,Ecuadorian Revolutionary Popular Action Party,PAPRE,0.512
2001.0,ECU,4348.0,Concentration of Popular Forces,CFP,0.769
2001.0,ECU,4349.0,Ecuadorian Conservative Party,PCE,0.105
2001.0,ECU,6388.0,New People,GN,0.289
2001.0,ECU,7487.0,Broad Front of the Left,FADI,0.743
2001.0,ECU,7725.0,Pachakutic Movement,MP,0.505
2001.0,ECU,7726.0,New Country,NP,0.511
2001.0,ECU,93535.0,alliance: PLR/FRA Alliance,PLR/FRA Alli...,0.271
2001.0,ECU,93536.0,alliance: PL/FRA,PL/FRA,0.257
2002.0,ECU,246.0,Patriotic Society Party,PSP,0.739
2002.0,ECU,797.0,Democratic Left,ID,0.319
2002.0,ECU,827.0,Pachakutik Plurinational Unity Movement ? New Country,MUPP-NP,0.714
2002.0,ECU,885.0,Ecuadorian Socialist Party,PSE,0.607
2002.0,ECU,950.0,Social Christian Party [Movement],PSC,0.257
2002.0,ECU,1131.0,Institutional Renewal Party of National Action,PRIAN,0.45
2002.0,ECU,1405.0,Christian Democratic Union / Popular Democracy,UDC/DP,0.261
2002.0,ECU,1450.0,Ecuadorian Roldosist Party,PRE,0.87
2002.0,ECU,1521.0,Democratic People's Movement,MPD,0.677
2002.0,ECU,4198.0,Alfarista Radical Front,FRA,0.314
2002.0,ECU,4270.0,Radical Liberal Party,PLRE,0.272
2002.0,ECU,4271.0,Republican Unity Party,PUR,0.2
2002.0,ECU,4347.0,Ecuadorian Revolutionary Popular Action Party,PAPRE,0.512
2002.0,ECU,4348.0,Concentration of Popular Forces,CFP,0.769
2002.0,ECU,4349.0,Ecuadorian Conservative Party,PCE,0.105
2002.0,ECU,6388.0,New People,GN,0.289
2002.0,ECU,7487.0,Broad Front of the Left,FADI,0.743
2002.0,ECU,7490.0,Solidarity Fatherland Movement,MPS,0.381
2002.0,ECU,7491.0,Liberty Party // Freedom Party,PL,0.313
2002.0,ECU,7725.0,Pachakutic Movement,MP,0.505
2002.0,ECU,7726.0,New Country,NP,0.511
2002.0,ECU,93535.0,alliance: PLR/FRA Alliance,PLR/FRA Alli...,0.271
2002.0,ECU,93536.0,alliance: PL/FRA,PL/FRA,0.257
2003.0,ECU,246.0,Patriotic Society Party,PSP,0.7355
2003.0,ECU,797.0,Democratic Left,ID,0.319
2003.0,ECU,827.0,Pachakutik Plurinational Unity Movement ? New Country,MUPP-NP,0.714
2003.0,ECU,885.0,Ecuadorian Socialist Party,PSE,0.607
2003.0,ECU,950.0,Social Christian Party [Movement],PSC,0.257
2003.0,ECU,1131.0,Institutional Renewal Party of National Action,PRIAN,0.45
2003.0,ECU,1405.0,Christian Democratic Union / Popular Democracy,UDC/DP,0.25725
2003.0,ECU,1450.0,Ecuadorian Roldosist Party,PRE,0.87
2003.0,ECU,1521.0,Democratic People's Movement,MPD,0.677
2003.0,ECU,4198.0,Alfarista Radical Front,FRA,0.314
2003.0,ECU,4270.0,Radical Liberal Party,PLRE,0.272
2003.0,ECU,4271.0,Republican Unity Party,PUR,0.2
2003.0,ECU,4347.0,Ecuadorian Revolutionary Popular Action Party,PAPRE,0.512
2003.0,ECU,4348.0,Concentration of Popular Forces,CFP,0.769
2003.0,ECU,4349.0,Ecuadorian Conservative Party,PCE,0.105
2003.0,ECU,6388.0,New People,GN,0.289
2003.0,ECU,7487.0,Broad Front of the Left,FADI,0.743
2003.0,ECU,7490.0,Solidarity Fatherland Movement,MPS,0.381
2003.0,ECU,7491.0,Liberty Party // Freedom Party,PL,0.313
2003.0,ECU,7725.0,Pachakutic Movement,MP,0.505
2003.0,ECU,7726.0,New Country,NP,0.511
2003.0,ECU,93535.0,alliance: PLR/FRA Alliance,PLR/FRA Alli...,0.271
2003.0,ECU,93536.0,alliance: PL/FRA,PL/FRA,0.257
2004.0,ECU,246.0,Patriotic Society Party,PSP,0.732
2004.0,ECU,797.0,Democratic Left,ID,0.319
2004.0,ECU,827.0,Pachakutik Plurinational Unity Movement ? New Country,MUPP-NP,0.714
2004.0,ECU,885.0,Ecuadorian Socialist Party,PSE,0.607
2004.0,ECU,950.0,Social Christian Party [Movement],PSC,0.257
2004.0,ECU,1131.0,Institutional Renewal Party of National Action,PRIAN,0.45
2004.0,ECU,1405.0,Christian Democratic Union / Popular Democracy,UDC/DP,0.2535
2004.0,ECU,1450.0,Ecuadorian Roldosist Party,PRE,0.87
2004.0,ECU,1521.0,Democratic People's Movement,MPD,0.677
2004.0,ECU,4198.0,Alfarista Radical Front,FRA,0.314
2004.0,ECU,4270.0,Radical Liberal Party,PLRE,0.272
2004.0,ECU,4271.0,Republican Unity Party,PUR,0.2
2004.0,ECU,4347.0,Ecuadorian Revolutionary Popular Action Party,PAPRE,0.512
2004.0,ECU,4348.0,Concentration of Popular Forces,CFP,0.769
2004.0,ECU,4349.0,Ecuadorian Conservative Party,PCE,0.105
2004.0,ECU,6388.0,New People,GN,0.289
2004.0,ECU,7487.0,Broad Front of the Left,FADI,0.743
2004.0,ECU,7490.0,Solidarity Fatherland Movement,MPS,0.381
2004.0,ECU,7491.0,Liberty Party // Freedom Party,PL,0.313
2004.0,ECU,7725.0,Pachakutic Movement,MP,0.505
2004.0,ECU,7726.0,New Country,NP,0.511
2004.0,ECU,93535.0,alliance: PLR/FRA Alliance,PLR/FRA Alli...,0.271
2004.0,ECU,93536.0,alliance: PL/FRA,PL/FRA,0.257
2005.0,ECU,246.0,Patriotic Society Party,PSP,0.7284999999999999
2005.0,ECU,797.0,Democratic Left,ID,0.319
2005.0,ECU,827.0,Pachakutik Plurinational Unity Movement ? New Country,MUPP-NP,0.714
2005.0,ECU,885.0,Ecuadorian Socialist Party,PSE,0.607
2005.0,ECU,950.0,Social Christian Party [Movement],PSC,0.257
2005.0,ECU,1131.0,Institutional Renewal Party of National Action,PRIAN,0.45
2005.0,ECU,1405.0,Christian Democratic Union / Popular Democracy,UDC/DP,0.24975
2005.0,ECU,1450.0,Ecuadorian Roldosist Party,PRE,0.87
2005.0,ECU,1521.0,Democratic People's Movement,MPD,0.677
2005.0,ECU,4198.0,Alfarista Radical Front,FRA,0.314
2005.0,ECU,4270.0,Radical Liberal Party,PLRE,0.272
2005.0,ECU,4271.0,Republican Unity Party,PUR,0.2
2005.0,ECU,4347.0,Ecuadorian Revolutionary Popular Action Party,PAPRE,0.512
2005.0,ECU,4348.0,Concentration of Popular Forces,CFP,0.769
2005.0,ECU,4349.0,Ecuadorian Conservative Party,PCE,0.105
2005.0,ECU,6388.0,New People,GN,0.289
2005.0,ECU,7487.0,Broad Front of the Left,FADI,0.743
2005.0,ECU,7490.0,Solidarity Fatherland Movement,MPS,0.381
2005.0,ECU,7491.0,Liberty Party // Freedom Party,PL,0.313
2005.0,ECU,7725.0,Pachakutic Movement,MP,0.505
2005.0,ECU,7726.0,New Country,NP,0.511
2005.0,ECU,93535.0,alliance: PLR/FRA Alliance,PLR/FRA Alli...,0.271
2005.0,ECU,93536.0,alliance: PL/FRA,PL/FRA,0.257
2006.0,ECU,246.0,Patriotic Society Party,PSP,0.725
2006.0,ECU,797.0,Democratic Left,ID,0.319
2006.0,ECU,827.0,Pachakutik Plurinational Unity Movement ? New Country,MUPP-NP,0.714
2006.0,ECU,885.0,Ecuadorian Socialist Party,PSE,0.607
2006.0,ECU,950.0,Social Christian Party [Movement],PSC,0.257
2006.0,ECU,1131.0,Institutional Renewal Party of National Action,PRIAN,0.45
2006.0,ECU,1405.0,Christian Democratic Union / Popular Democracy,UDC/DP,0.246
2006.0,ECU,1450.0,Ecuadorian Roldosist Party,PRE,0.87
2006.0,ECU,1521.0,Democratic People's Movement,MPD,0.677
2006.0,ECU,4198.0,Alfarista Radical Front,FRA,0.314
2006.0,ECU,4270.0,Radical Liberal Party,PLRE,0.272
2006.0,ECU,4271.0,Republican Unity Party,PUR,0.2
2006.0,ECU,4347.0,Ecuadorian Revolutionary Popular Action Party,PAPRE,0.512
2006.0,ECU,4348.0,Concentration of Popular Forces,CFP,0.769
2006.0,ECU,4349.0,Ecuadorian Conservative Party,PCE,0.105
2006.0,ECU,6388.0,New People,GN,0.289
2006.0,ECU,7487.0,Broad Front of the Left,FADI,0.743
2006.0,ECU,7490.0,Solidarity Fatherland Movement,MPS,0.381
2006.0,ECU,7491.0,Liberty Party // Freedom Party,PL,0.313
2006.0,ECU,7725.0,Pachakutic Movement,MP,0.505
2006.0,ECU,7726.0,New Country,NP,0.511
2006.0,ECU,93535.0,alliance: PLR/FRA Alliance,PLR/FRA Alli...,0.271
2006.0,ECU,93536.0,alliance: PL/FRA,PL/FRA,0.257
2007.0,ECU,246.0,Patriotic Society Party,PSP,0.672
2007.0,ECU,797.0,Democratic Left,ID,0.319
2007.0,ECU,827.0,Pachakutik Plurinational Unity Movement ? New Country,MUPP-NP,0.714
2007.0,ECU,885.0,Ecuadorian Socialist Party,PSE,0.607
2007.0,ECU,950.0,Social Christian Party [Movement],PSC,0.25333333333333335
2007.0,ECU,1131.0,Institutional Renewal Party of National Action,PRIAN,0.45
2007.0,ECU,1405.0,Christian Democratic Union / Popular Democracy,UDC/DP,0.246
2007.0,ECU,1450.0,Ecuadorian Roldosist Party,PRE,0.8693333333333333
2007.0,ECU,1521.0,Democratic People's Movement,MPD,0.671
2007.0,ECU,4044.0,PAIS Alliance,PAIS,0.977
2007.0,ECU,4198.0,Alfarista Radical Front,FRA,0.314
2007.0,ECU,4270.0,Radical Liberal Party,PLRE,0.272
2007.0,ECU,4271.0,Republican Unity Party,PUR,0.2
2007.0,ECU,4347.0,Ecuadorian Revolutionary Popular Action Party,PAPRE,0.512
2007.0,ECU,4348.0,Concentration of Popular Forces,CFP,0.769
2007.0,ECU,4349.0,Ecuadorian Conservative Party,PCE,0.105
2007.0,ECU,6388.0,New People,GN,0.289
2007.0,ECU,7487.0,Broad Front of the Left,FADI,0.743
2007.0,ECU,7490.0,Solidarity Fatherland Movement,MPS,0.381
2007.0,ECU,7491.0,Liberty Party // Freedom Party,PL,0.313
2007.0,ECU,7725.0,Pachakutic Movement,MP,0.505
2007.0,ECU,7726.0,New Country,NP,0.511
2007.0,ECU,93535.0,alliance: PLR/FRA Alliance,PLR/FRA Alli...,0.271
2007.0,ECU,93536.0,alliance: PL/FRA,PL/FRA,0.257
2008.0,ECU,246.0,Patriotic Society Party,PSP,0.664
2008.0,ECU,797.0,Democratic Left,ID,0.319
2008.0,ECU,827.0,Pachakutik Plurinational Unity Movement ? New Country,MUPP-NP,0.714
2008.0,ECU,885.0,Ecuadorian Socialist Party,PSE,0.607
2008.0,ECU,950.0,Social Christian Party [Movement],PSC,0.24966666666666668
2008.0,ECU,1131.0,Institutional Renewal Party of National Action,PRIAN,0.45
2008.0,ECU,1405.0,Christian Democratic Union / Popular Democracy,UDC/DP,0.246
2008.0,ECU,1450.0,Ecuadorian Roldosist Party,PRE,0.8686666666666667
2008.0,ECU,1521.0,Democratic People's Movement,MPD,0.665
2008.0,ECU,4044.0,PAIS Alliance,PAIS,0.9724999999999999
2008.0,ECU,4198.0,Alfarista Radical Front,FRA,0.314
2008.0,ECU,4270.0,Radical Liberal Party,PLRE,0.272
2008.0,ECU,4271.0,Republican Unity Party,PUR,0.2
2008.0,ECU,4347.0,Ecuadorian Revolutionary Popular Action Party,PAPRE,0.512
2008.0,ECU,4348.0,Concentration of Popular Forces,CFP,0.769
2008.0,ECU,4349.0,Ecuadorian Conservative Party,PCE,0.105
2008.0,ECU,6388.0,New People,GN,0.289
2008.0,ECU,7487.0,Broad Front of the Left,FADI,0.743
2008.0,ECU,7490.0,Solidarity Fatherland Movement,MPS,0.381
2008.0,ECU,7491.0,Liberty Party // Freedom Party,PL,0.313
2008.0,ECU,7725.0,Pachakutic Movement,MP,0.505
2008.0,ECU,7726.0,New Country,NP,0.511
2008.0,ECU,93535.0,alliance: PLR/FRA Alliance,PLR/FRA Alli...,0.271
2008.0,ECU,93536.0,alliance: PL/FRA,PL/FRA,0.257
2009.0,ECU,246.0,Patriotic Society Party,PSP,0.656
2009.0,ECU,797.0,Democratic Left,ID,0.319
2009.0,ECU,827.0,Pachakutik Plurinational Unity Movement ? New Country,MUPP-NP,0.714
2009.0,ECU,885.0,Ecuadorian Socialist Party,PSE,0.607
2009.0,ECU,950.0,Social Christian Party [Movement],PSC,0.246
2009.0,ECU,1131.0,Institutional Renewal Party of National Action,PRIAN,0.45
2009.0,ECU,1405.0,Christian Democratic Union / Popular Democracy,UDC/DP,0.246
2009.0,ECU,1450.0,Ecuadorian Roldosist Party,PRE,0.868
2009.0,ECU,1521.0,Democratic People's Movement,MPD,0.659
2009.0,ECU,4044.0,PAIS Alliance,PAIS,0.968
2009.0,ECU,4198.0,Alfarista Radical Front,FRA,0.314
2009.0,ECU,4270.0,Radical Liberal Party,PLRE,0.272
2009.0,ECU,4271.0,Republican Unity Party,PUR,0.2
2009.0,ECU,4347.0,Ecuadorian Revolutionary Popular Action Party,PAPRE,0.512
2009.0,ECU,4348.0,Concentration of Popular Forces,CFP,0.769
2009.0,ECU,4349.0,Ecuadorian Conservative Party,PCE,0.105
2009.0,ECU,6388.0,New People,GN,0.289
2009.0,ECU,7487.0,Broad Front of the Left,FADI,0.743
2009.0,ECU,7490.0,Solidarity Fatherland Movement,MPS,0.381
2009.0,ECU,7491.0,Liberty Party // Freedom Party,PL,0.313
2009.0,ECU,7725.0,Pachakutic Movement,MP,0.505
2009.0,ECU,7726.0,New Country,NP,0.511
2009.0,ECU,93535.0,alliance: PLR/FRA Alliance,PLR/FRA Alli...,0.271
2009.0,ECU,93536.0,alliance: PL/FRA,PL/FRA,0.257
2010.0,ECU,246.0,Patriotic Society Party,PSP,0.656
2010.0,ECU,797.0,Democratic Left,ID,0.319
2010.0,ECU,827.0,Pachakutik Plurinational Unity Movement ? New Country,MUPP-NP,0.714
2010.0,ECU,885.0,Ecuadorian Socialist Party,PSE,0.607
2010.0,ECU,950.0,Social Christian Party [Movement],PSC,0.246
2010.0,ECU,1131.0,Institutional Renewal Party of National Action,PRIAN,0.45
2010.0,ECU,1405.0,Christian Democratic Union / Popular Democracy,UDC/DP,0.246
2010.0,ECU,1450.0,Ecuadorian Roldosist Party,PRE,0.868
2010.0,ECU,1521.0,Democratic People's Movement,MPD,0.659
2010.0,ECU,4044.0,PAIS Alliance,PAIS,0.9662499999999999
2010.0,ECU,4198.0,Alfarista Radical Front,FRA,0.314
2010.0,ECU,4270.0,Radical Liberal Party,PLRE,0.272
2010.0,ECU,4271.0,Republican Unity Party,PUR,0.2
2010.0,ECU,4347.0,Ecuadorian Revolutionary Popular Action Party,PAPRE,0.512
2010.0,ECU,4348.0,Concentration of Popular Forces,CFP,0.769
2010.0,ECU,4349.0,Ecuadorian Conservative Party,PCE,0.105
2010.0,ECU,6388.0,New People,GN,0.289
2010.0,ECU,7487.0,Broad Front of the Left,FADI,0.743
2010.0,ECU,7490.0,Solidarity Fatherland Movement,MPS,0.381
2010.0,ECU,7491.0,Liberty Party // Freedom Party,PL,0.313
2010.0,ECU,7725.0,Pachakutic Movement,MP,0.505
2010.0,ECU,7726.0,New Country,NP,0.511
2010.0,ECU,93535.0,alliance: PLR/FRA Alliance,PLR/FRA Alli...,0.271
2010.0,ECU,93536.0,alliance: PL/FRA,PL/FRA,0.257
2011.0,ECU,246.0,Patriotic Society Party,PSP,0.656
2011.0,ECU,797.0,Democratic Left,ID,0.319
2011.0,ECU,827.0,Pachakutik Plurinational Unity Movement ? New Country,MUPP-NP,0.714
2011.0,ECU,885.0,Ecuadorian Socialist Party,PSE,0.607
2011.0,ECU,950.0,Social Christian Party [Movement],PSC,0.246
2011.0,ECU,1131.0,Institutional Renewal Party of National Action,PRIAN,0.45
2011.0,ECU,1405.0,Christian Democratic Union / Popular Democracy,UDC/DP,0.246
2011.0,ECU,1450.0,Ecuadorian Roldosist Party,PRE,0.868
2011.0,ECU,1521.0,Democratic People's Movement,MPD,0.659
2011.0,ECU,4044.0,PAIS Alliance,PAIS,0.9644999999999999
2011.0,ECU,4198.0,Alfarista Radical Front,FRA,0.314
2011.0,ECU,4270.0,Radical Liberal Party,PLRE,0.272
2011.0,ECU,4271.0,Republican Unity Party,PUR,0.2
2011.0,ECU,4347.0,Ecuadorian Revolutionary Popular Action Party,PAPRE,0.512
2011.0,ECU,4348.0,Concentration of Popular Forces,CFP,0.769
2011.0,ECU,4349.0,Ecuadorian Conservative Party,PCE,0.105
2011.0,ECU,6388.0,New People,GN,0.289
2011.0,ECU,7487.0,Broad Front of the Left,FADI,0.743
2011.0,ECU,7490.0,Solidarity Fatherland Movement,MPS,0.381
2011.0,ECU,7491.0,Liberty Party // Freedom Party,PL,0.313
2011.0,ECU,7725.0,Pachakutic Movement,MP,0.505
2011.0,ECU,7726.0,New Country,NP,0.511
2011.0,ECU,93535.0,alliance: PLR/FRA Alliance,PLR/FRA Alli...,0.271
2011.0,ECU,93536.0,alliance: PL/FRA,PL/FRA,0.257
2012.0,ECU,246.0,Patriotic Society Party,PSP,0.656
2012.0,ECU,797.0,Democratic Left,ID,0.319
2012.0,ECU,827.0,Pachakutik Plurinational Unity Movement ? New Country,MUPP-NP,0.714
2012.0,ECU,885.0,Ecuadorian Socialist Party,PSE,0.607
2012.0,ECU,950.0,Social Christian Party [Movement],PSC,0.246
2012.0,ECU,1131.0,Institutional Renewal Party of National Action,PRIAN,0.45
2012.0,ECU,1405.0,Christian Democratic Union / Popular Democracy,UDC/DP,0.246
2012.0,ECU,1450.0,Ecuadorian Roldosist Party,PRE,0.868
2012.0,ECU,1521.0,Democratic People's Movement,MPD,0.659
2012.0,ECU,4044.0,PAIS Alliance,PAIS,0.96275
2012.0,ECU,4198.0,Alfarista Radical Front,FRA,0.314
2012.0,ECU,4270.0,Radical Liberal Party,PLRE,0.272
2012.0,ECU,4271.0,Republican Unity Party,PUR,0.2
2012.0,ECU,4347.0,Ecuadorian Revolutionary Popular Action Party,PAPRE,0.512
2012.0,ECU,4348.0,Concentration of Popular Forces,CFP,0.769
2012.0,ECU,4349.0,Ecuadorian Conservative Party,PCE,0.105
2012.0,ECU,6388.0,New People,GN,0.289
2012.0,ECU,7487.0,Broad Front of the Left,FADI,0.743
2012.0,ECU,7490.0,Solidarity Fatherland Movement,MPS,0.381
2012.0,ECU,7491.0,Liberty Party // Freedom Party,PL,0.313
2012.0,ECU,7725.0,Pachakutic Movement,MP,0.505
2012.0,ECU,7726.0,New Country,NP,0.511
2012.0,ECU,93535.0,alliance: PLR/FRA Alliance,PLR/FRA Alli...,0.271
2012.0,ECU,93536.0,alliance: PL/FRA,PL/FRA,0.257
2013.0,ECU,246.0,Patriotic Society Party,PSP,0.656
2013.0,ECU,797.0,Democratic Left,ID,0.319
2013.0,ECU,827.0,Pachakutik Plurinational Unity Movement ? New Country,MUPP-NP,0.714
2013.0,ECU,885.0,Ecuadorian Socialist Party,PSE,0.607
2013.0,ECU,950.0,Social Christian Party [Movement],PSC,0.246
2013.0,ECU,1131.0,Institutional Renewal Party of National Action,PRIAN,0.45
2013.0,ECU,1405.0,Christian Democratic Union / Popular Democracy,UDC/DP,0.246
2013.0,ECU,1450.0,Ecuadorian Roldosist Party,PRE,0.868
2013.0,ECU,1521.0,Democratic People's Movement,MPD,0.659
2013.0,ECU,4044.0,PAIS Alliance,PAIS,0.961
2013.0,ECU,4198.0,Alfarista Radical Front,FRA,0.314
2013.0,ECU,4199.0,Advance Party,PA,0.265
2013.0,ECU,4269.0,"Grow, Creating Opportunities Movement",CREO,0.089
2013.0,ECU,4270.0,Radical Liberal Party,PLRE,0.272
2013.0,ECU,4271.0,Republican Unity Party,PUR,0.2
2013.0,ECU,4347.0,Ecuadorian Revolutionary Popular Action Party,PAPRE,0.512
2013.0,ECU,4348.0,Concentration of Popular Forces,CFP,0.769
2013.0,ECU,4349.0,Ecuadorian Conservative Party,PCE,0.105
2013.0,ECU,6388.0,New People,GN,0.289
2013.0,ECU,7487.0,Broad Front of the Left,FADI,0.743
2013.0,ECU,7490.0,Solidarity Fatherland Movement,MPS,0.381
2013.0,ECU,7491.0,Liberty Party // Freedom Party,PL,0.313
2013.0,ECU,7725.0,Pachakutic Movement,MP,0.505
2013.0,ECU,7726.0,New Country,NP,0.511
2013.0,ECU,93535.0,alliance: PLR/FRA Alliance,PLR/FRA Alli...,0.271
2013.0,ECU,93536.0,alliance: PL/FRA,PL/FRA,0.257
2013.0,ECU,93537.0,alliance: Multinational Union of the Left,Multinationa...,0.444
2014.0,ECU,246.0,Patriotic Society Party,PSP,0.656
2014.0,ECU,797.0,Democratic Left,ID,0.319
2014.0,ECU,827.0,Pachakutik Plurinational Unity Movement ? New Country,MUPP-NP,0.714
2014.0,ECU,885.0,Ecuadorian Socialist Party,PSE,0.607
2014.0,ECU,950.0,Social Christian Party [Movement],PSC,0.246
2014.0,ECU,1131.0,Institutional Renewal Party of National Action,PRIAN,0.45
2014.0,ECU,1405.0,Christian Democratic Union / Popular Democracy,UDC/DP,0.246
2014.0,ECU,1450.0,Ecuadorian Roldosist Party,PRE,0.868
2014.0,ECU,1521.0,Democratic People's Movement,MPD,0.659
2014.0,ECU,4044.0,PAIS Alliance,PAIS,0.94225
2014.0,ECU,4198.0,Alfarista Radical Front,FRA,0.314
2014.0,ECU,4199.0,Advance Party,PA,0.265
2014.0,ECU,4269.0,"Grow, Creating Opportunities Movement",CREO,0.09
2014.0,ECU,4270.0,Radical Liberal Party,PLRE,0.272
2014.0,ECU,4271.0,Republican Unity Party,PUR,0.2
2014.0,ECU,4347.0,Ecuadorian Revolutionary Popular Action Party,PAPRE,0.512
2014.0,ECU,4348.0,Concentration of Popular Forces,CFP,0.769
2014.0,ECU,4349.0,Ecuadorian Conservative Party,PCE,0.105
2014.0,ECU,6388.0,New People,GN,0.289
2014.0,ECU,7487.0,Broad Front of the Left,FADI,0.743
2014.0,ECU,7490.0,Solidarity Fatherland Movement,MPS,0.381
2014.0,ECU,7491.0,Liberty Party // Freedom Party,PL,0.313
2014.0,ECU,7725.0,Pachakutic Movement,MP,0.505
2014.0,ECU,7726.0,New Country,NP,0.511
2014.0,ECU,93535.0,alliance: PLR/FRA Alliance,PLR/FRA Alli...,0.271
2014.0,ECU,93536.0,alliance: PL/FRA,PL/FRA,0.257
2014.0,ECU,93537.0,alliance: Multinational Union of the Left,Multinationa...,0.444
2015.0,ECU,246.0,Patriotic Society Party,PSP,0.656
2015.0,ECU,797.0,Democratic Left,ID,0.319
2015.0,ECU,827.0,Pachakutik Plurinational Unity Movement ? New Country,MUPP-NP,0.714
2015.0,ECU,885.0,Ecuadorian Socialist Party,PSE,0.607
2015.0,ECU,950.0,Social Christian Party [Movement],PSC,0.246
2015.0,ECU,1131.0,Institutional Renewal Party of National Action,PRIAN,0.45
2015.0,ECU,1405.0,Christian Democratic Union / Popular Democracy,UDC/DP,0.246
2015.0,ECU,1450.0,Ecuadorian Roldosist Party,PRE,0.868
2015.0,ECU,1521.0,Democratic People's Movement,MPD,0.659
2015.0,ECU,4044.0,PAIS Alliance,PAIS,0.9235
2015.0,ECU,4198.0,Alfarista Radical Front,FRA,0.314
2015.0,ECU,4199.0,Advance Party,PA,0.265
2015.0,ECU,4269.0,"Grow, Creating Opportunities Movement",CREO,0.091
2015.0,ECU,4270.0,Radical Liberal Party,PLRE,0.272
2015.0,ECU,4271.0,Republican Unity Party,PUR,0.2
2015.0,ECU,4347.0,Ecuadorian Revolutionary Popular Action Party,PAPRE,0.512
2015.0,ECU,4348.0,Concentration of Popular Forces,CFP,0.769
2015.0,ECU,4349.0,Ecuadorian Conservative Party,PCE,0.105
2015.0,ECU,6388.0,New People,GN,0.289
2015.0,ECU,7487.0,Broad Front of the Left,FADI,0.743
2015.0,ECU,7490.0,Solidarity Fatherland Movement,MPS,0.381
2015.0,ECU,7491.0,Liberty Party // Freedom Party,PL,0.313
2015.0,ECU,7725.0,Pachakutic Movement,MP,0.505
2015.0,ECU,7726.0,New Country,NP,0.511
2015.0,ECU,93535.0,alliance: PLR/FRA Alliance,PLR/FRA Alli...,0.271
2015.0,ECU,93536.0,alliance: PL/FRA,PL/FRA,0.257
2015.0,ECU,93537.0,alliance: Multinational Union of the Left,Multinationa...,0.444
2016.0,ECU,246.0,Patriotic Society Party,PSP,0.656
2016.0,ECU,797.0,Democratic Left,ID,0.319
2016.0,ECU,827.0,Pachakutik Plurinational Unity Movement ? New Country,MUPP-NP,0.714
2016.0,ECU,885.0,Ecuadorian Socialist Party,PSE,0.607
2016.0,ECU,950.0,Social Christian Party [Movement],PSC,0.246
2016.0,ECU,1131.0,Institutional Renewal Party of National Action,PRIAN,0.45
2016.0,ECU,1405.0,Christian Democratic Union / Popular Democracy,UDC/DP,0.246
2016.0,ECU,1450.0,Ecuadorian Roldosist Party,PRE,0.868
2016.0,ECU,1521.0,Democratic People's Movement,MPD,0.659
2016.0,ECU,4044.0,PAIS Alliance,PAIS,0.9047499999999999
2016.0,ECU,4198.0,Alfarista Radical Front,FRA,0.314
2016.0,ECU,4199.0,Advance Party,PA,0.265
2016.0,ECU,4269.0,"Grow, Creating Opportunities Movement",CREO,0.092
2016.0,ECU,4270.0,Radical Liberal Party,PLRE,0.272
2016.0,ECU,4271.0,Republican Unity Party,PUR,0.2
2016.0,ECU,4347.0,Ecuadorian Revolutionary Popular Action Party,PAPRE,0.512
2016.0,ECU,4348.0,Concentration of Popular Forces,CFP,0.769
2016.0,ECU,4349.0,Ecuadorian Conservative Party,PCE,0.105
2016.0,ECU,6388.0,New People,GN,0.289
2016.0,ECU,7487.0,Broad Front of the Left,FADI,0.743
2016.0,ECU,7490.0,Solidarity Fatherland Movement,MPS,0.381
2016.0,ECU,7491.0,Liberty Party // Freedom Party,PL,0.313
2016.0,ECU,7725.0,Pachakutic Movement,MP,0.505
2016.0,ECU,7726.0,New Country,NP,0.511
2016.0,ECU,93535.0,alliance: PLR/FRA Alliance,PLR/FRA Alli...,0.271
2016.0,ECU,93536.0,alliance: PL/FRA,PL/FRA,0.257
2016.0,ECU,93537.0,alliance: Multinational Union of the Left,Multinationa...,0.444
2017.0,ECU,246.0,Patriotic Society Party,PSP,0.656
2017.0,ECU,797.0,Democratic Left,ID,0.319
2017.0,ECU,827.0,Pachakutik Plurinational Unity Movement ? New Country,MUPP-NP,0.714
2017.0,ECU,885.0,Ecuadorian Socialist Party,PSE,0.607
2017.0,ECU,950.0,Social Christian Party [Movement],PSC,0.246
2017.0,ECU,1131.0,Institutional Renewal Party of National Action,PRIAN,0.45
2017.0,ECU,1405.0,Christian Democratic Union / Popular Democracy,UDC/DP,0.246
2017.0,ECU,1450.0,Ecuadorian Roldosist Party,PRE,0.868
2017.0,ECU,1521.0,Democratic People's Movement,MPD,0.659
2017.0,ECU,4044.0,PAIS Alliance,PAIS,0.886
2017.0,ECU,4198.0,Alfarista Radical Front,FRA,0.314
2017.0,ECU,4199.0,Advance Party,PA,0.265
2017.0,ECU,4269.0,"Grow, Creating Opportunities Movement",CREO,0.093
2017.0,ECU,4270.0,Radical Liberal Party,PLRE,0.272
2017.0,ECU,4271.0,Republican Unity Party,PUR,0.2
2017.0,ECU,4347.0,Ecuadorian Revolutionary Popular Action Party,PAPRE,0.512
2017.0,ECU,4348.0,Concentration of Popular Forces,CFP,0.769
2017.0,ECU,4349.0,Ecuadorian Conservative Party,PCE,0.105
2017.0,ECU,6388.0,New People,GN,0.289
2017.0,ECU,7487.0,Broad Front of the Left,FADI,0.743
2017.0,ECU,7490.0,Solidarity Fatherland Movement,MPS,0.381
2017.0,ECU,7491.0,Liberty Party // Freedom Party,PL,0.313
2017.0,ECU,7725.0,Pachakutic Movement,MP,0.505
2017.0,ECU,7726.0,New Country,NP,0.511
2017.0,ECU,93535.0,alliance: PLR/FRA Alliance,PLR/FRA Alli...,0.271
2017.0,ECU,93536.0,alliance: PL/FRA,PL/FRA,0.257
2017.0,ECU,93537.0,alliance: Multinational Union of the Left,Multinationa...,0.444
2018.0,ECU,246.0,Patriotic Society Party,PSP,0.656
2018.0,ECU,797.0,Democratic Left,ID,0.319
2018.0,ECU,827.0,Pachakutik Plurinational Unity Movement ? New Country,MUPP-NP,0.714
2018.0,ECU,885.0,Ecuadorian Socialist Party,PSE,0.607
2018.0,ECU,950.0,Social Christian Party [Movement],PSC,0.246
2018.0,ECU,1131.0,Institutional Renewal Party of National Action,PRIAN,0.45
2018.0,ECU,1405.0,Christian Democratic Union / Popular Democracy,UDC/DP,0.246
2018.0,ECU,1450.0,Ecuadorian Roldosist Party,PRE,0.868
2018.0,ECU,1521.0,Democratic People's Movement,MPD,0.659
2018.0,ECU,4044.0,PAIS Alliance,PAIS,0.886
2018.0,ECU,4198.0,Alfarista Radical Front,FRA,0.314
2018.0,ECU,4199.0,Advance Party,PA,0.265
2018.0,ECU,4269.0,"Grow, Creating Opportunities Movement",CREO,0.093
2018.0,ECU,4270.0,Radical Liberal Party,PLRE,0.272
2018.0,ECU,4271.0,Republican Unity Party,PUR,0.2
2018.0,ECU,4347.0,Ecuadorian Revolutionary Popular Action Party,PAPRE,0.512
2018.0,ECU,4348.0,Concentration of Popular Forces,CFP,0.769
2018.0,ECU,4349.0,Ecuadorian Conservative Party,PCE,0.105
2018.0,ECU,6388.0,New People,GN,0.289
2018.0,ECU,7487.0,Broad Front of the Left,FADI,0.743
2018.0,ECU,7490.0,Solidarity Fatherland Movement,MPS,0.381
2018.0,ECU,7491.0,Liberty Party // Freedom Party,PL,0.313
2018.0,ECU,7725.0,Pachakutic Movement,MP,0.505
2018.0,ECU,7726.0,New Country,NP,0.511
2018.0,ECU,93535.0,alliance: PLR/FRA Alliance,PLR/FRA Alli...,0.271
2018.0,ECU,93536.0,alliance: PL/FRA,PL/FRA,0.257
2018.0,ECU,93537.0,alliance: Multinational Union of the Left,Multinationa...,0.444
2019.0,ECU,246.0,Patriotic Society Party,PSP,0.656
2019.0,ECU,797.0,Democratic Left,ID,0.319
2019.0,ECU,827.0,Pachakutik Plurinational Unity Movement ? New Country,MUPP-NP,0.714
2019.0,ECU,885.0,Ecuadorian Socialist Party,PSE,0.607
2019.0,ECU,950.0,Social Christian Party [Movement],PSC,0.246
2019.0,ECU,1131.0,Institutional Renewal Party of National Action,PRIAN,0.45
2019.0,ECU,1405.0,Christian Democratic Union / Popular Democracy,UDC/DP,0.246
2019.0,ECU,1450.0,Ecuadorian Roldosist Party,PRE,0.868
2019.0,ECU,1521.0,Democratic People's Movement,MPD,0.659
2019.0,ECU,4044.0,PAIS Alliance,PAIS,0.886
2019.0,ECU,4198.0,Alfarista Radical Front,FRA,0.314
2019.0,ECU,4199.0,Advance Party,PA,0.265
2019.0,ECU,4269.0,"Grow, Creating Opportunities Movement",CREO,0.093
2019.0,ECU,4270.0,Radical Liberal Party,PLRE,0.272
2019.0,ECU,4271.0,Republican Unity Party,PUR,0.2
2019.0,ECU,4347.0,Ecuadorian Revolutionary Popular Action Party,PAPRE,0.512
2019.0,ECU,4348.0,Concentration of Popular Forces,CFP,0.769
2019.0,ECU,4349.0,Ecuadorian Conservative Party,PCE,0.105
2019.0,ECU,6388.0,New People,GN,0.289
2019.0,ECU,7487.0,Broad Front of the Left,FADI,0.743
2019.0,ECU,7490.0,Solidarity Fatherland Movement,MPS,0.381
2019.0,ECU,7491.0,Liberty Party // Freedom Party,PL,0.313
2019.0,ECU,7725.0,Pachakutic Movement,MP,0.505
2019.0,ECU,7726.0,New Country,NP,0.511
2019.0,ECU,93535.0,alliance: PLR/FRA Alliance,PLR/FRA Alli...,0.271
2019.0,ECU,93536.0,alliance: PL/FRA,PL/FRA,0.257
2019.0,ECU,93537.0,alliance: Multinational Union of the Left,Multinationa...,0.444
1990.0,GTM,941.0,Guatemalan Republican Front,FRG,0.474
1990.0,GTM,1035.0,National Advancement Party,PAN,0.122
1990.0,GTM,1322.0,Guatemalan Christian Democracy,DCG,0.613
1990.0,GTM,4333.0,National Center Union,UCN,0.312
1990.0,GTM,4334.0,National Liberation Movement Party,MLN,0.122
1990.0,GTM,5505.0,Solidarity Action Movement,MAS,0.386
1991.0,GTM,941.0,Guatemalan Republican Front,FRG,0.474
1991.0,GTM,1035.0,National Advancement Party,PAN,0.122
1991.0,GTM,1322.0,Guatemalan Christian Democracy,DCG,0.59575
1991.0,GTM,4333.0,National Center Union,UCN,0.30425
1991.0,GTM,4334.0,National Liberation Movement Party,MLN,0.122
1991.0,GTM,5505.0,Solidarity Action Movement,MAS,0.386
1992.0,GTM,941.0,Guatemalan Republican Front,FRG,0.474
1992.0,GTM,1035.0,National Advancement Party,PAN,0.122
1992.0,GTM,1322.0,Guatemalan Christian Democracy,DCG,0.5785
1992.0,GTM,4333.0,National Center Union,UCN,0.2965
1992.0,GTM,4334.0,National Liberation Movement Party,MLN,0.122
1992.0,GTM,5505.0,Solidarity Action Movement,MAS,0.386
1993.0,GTM,941.0,Guatemalan Republican Front,FRG,0.474
1993.0,GTM,1035.0,National Advancement Party,PAN,0.122
1993.0,GTM,1322.0,Guatemalan Christian Democracy,DCG,0.56125
1993.0,GTM,4333.0,National Center Union,UCN,0.28875
1993.0,GTM,4334.0,National Liberation Movement Party,MLN,0.122
1993.0,GTM,5505.0,Solidarity Action Movement,MAS,0.386
1994.0,GTM,941.0,Guatemalan Republican Front,FRG,0.474
1994.0,GTM,1035.0,National Advancement Party,PAN,0.122
1994.0,GTM,1322.0,Guatemalan Christian Democracy,DCG,0.544
1994.0,GTM,4333.0,National Center Union,UCN,0.281
1994.0,GTM,4334.0,National Liberation Movement Party,MLN,0.122
1994.0,GTM,5505.0,Solidarity Action Movement,MAS,0.386
1995.0,GTM,941.0,Guatemalan Republican Front,FRG,0.474
1995.0,GTM,1035.0,National Advancement Party,PAN,0.084
1995.0,GTM,1322.0,Guatemalan Christian Democracy,DCG,0.544
1995.0,GTM,4333.0,National Center Union,UCN,0.281
1995.0,GTM,4334.0,National Liberation Movement Party,MLN,0.122
1995.0,GTM,4336.0,Democratic Front New Guatemala,FDNG,0.83
1995.0,GTM,5505.0,Solidarity Action Movement,MAS,0.386
1996.0,GTM,941.0,Guatemalan Republican Front,FRG,0.50675
1996.0,GTM,1035.0,National Advancement Party,PAN,0.084
1996.0,GTM,1322.0,Guatemalan Christian Democracy,DCG,0.5315000000000001
1996.0,GTM,4333.0,National Center Union,UCN,0.2868125
1996.0,GTM,4334.0,National Liberation Movement Party,MLN,0.122
1996.0,GTM,4336.0,Democratic Front New Guatemala,FDNG,0.83
1996.0,GTM,5505.0,Solidarity Action Movement,MAS,0.386
1997.0,GTM,941.0,Guatemalan Republican Front,FRG,0.5395
1997.0,GTM,1035.0,National Advancement Party,PAN,0.084
1997.0,GTM,1322.0,Guatemalan Christian Democracy,DCG,0.519
1997.0,GTM,4333.0,National Center Union,UCN,0.292625
1997.0,GTM,4334.0,National Liberation Movement Party,MLN,0.122
1997.0,GTM,4336.0,Democratic Front New Guatemala,FDNG,0.83
1997.0,GTM,5505.0,Solidarity Action Movement,MAS,0.386
1998.0,GTM,941.0,Guatemalan Republican Front,FRG,0.5722499999999999
1998.0,GTM,1035.0,National Advancement Party,PAN,0.084
1998.0,GTM,1322.0,Guatemalan Christian Democracy,DCG,0.5065
1998.0,GTM,4333.0,National Center Union,UCN,0.2984375
1998.0,GTM,4334.0,National Liberation Movement Party,MLN,0.122
1998.0,GTM,4336.0,Democratic Front New Guatemala,FDNG,0.83
1998.0,GTM,5505.0,Solidarity Action Movement,MAS,0.386
1999.0,GTM,941.0,Guatemalan Republican Front,FRG,0.605
1999.0,GTM,1035.0,National Advancement Party,PAN,0.084
1999.0,GTM,1322.0,Guatemalan Christian Democracy,DCG,0.494
1999.0,GTM,4333.0,National Center Union,UCN,0.30425
1999.0,GTM,4334.0,National Liberation Movement Party,MLN,0.122
1999.0,GTM,4336.0,Democratic Front New Guatemala,FDNG,0.83
1999.0,GTM,4423.0,Progressive Liberator Party,PLP,0.218
1999.0,GTM,5505.0,Solidarity Action Movement,MAS,0.386
1999.0,GTM,6337.0,National Alliance,AN,0.896
2000.0,GTM,941.0,Guatemalan Republican Front,FRG,0.59975
2000.0,GTM,1035.0,National Advancement Party,PAN,0.094
2000.0,GTM,1322.0,Guatemalan Christian Democracy,DCG,0.494
2000.0,GTM,4333.0,National Center Union,UCN,0.3100625
2000.0,GTM,4334.0,National Liberation Movement Party,MLN,0.122
2000.0,GTM,4336.0,Democratic Front New Guatemala,FDNG,0.83
2000.0,GTM,4423.0,Progressive Liberator Party,PLP,0.218
2000.0,GTM,5505.0,Solidarity Action Movement,MAS,0.386
2000.0,GTM,6337.0,National Alliance,AN,0.896
2001.0,GTM,941.0,Guatemalan Republican Front,FRG,0.5945
2001.0,GTM,1035.0,National Advancement Party,PAN,0.10400000000000001
2001.0,GTM,1322.0,Guatemalan Christian Democracy,DCG,0.494
2001.0,GTM,4333.0,National Center Union,UCN,0.315875
2001.0,GTM,4334.0,National Liberation Movement Party,MLN,0.122
2001.0,GTM,4336.0,Democratic Front New Guatemala,FDNG,0.83
2001.0,GTM,4423.0,Progressive Liberator Party,PLP,0.218
2001.0,GTM,5505.0,Solidarity Action Movement,MAS,0.386
2001.0,GTM,6337.0,National Alliance,AN,0.896
2002.0,GTM,941.0,Guatemalan Republican Front,FRG,0.5892499999999999
2002.0,GTM,1035.0,National Advancement Party,PAN,0.114
2002.0,GTM,1322.0,Guatemalan Christian Democracy,DCG,0.494
2002.0,GTM,4333.0,National Center Union,UCN,0.3216875
2002.0,GTM,4334.0,National Liberation Movement Party,MLN,0.122
2002.0,GTM,4336.0,Democratic Front New Guatemala,FDNG,0.83
2002.0,GTM,4423.0,Progressive Liberator Party,PLP,0.218
2002.0,GTM,5505.0,Solidarity Action Movement,MAS,0.386
2002.0,GTM,6337.0,National Alliance,AN,0.896
2003.0,GTM,71.0,Unionist Party,PU,0.059
2003.0,GTM,538.0,Grand National Alliance,GANA,0.17
2003.0,GTM,941.0,Guatemalan Republican Front,FRG,0.584
2003.0,GTM,1035.0,National Advancement Party,PAN,0.124
2003.0,GTM,1322.0,Guatemalan Christian Democracy,DCG,0.494
2003.0,GTM,1668.0,National Unity of Hope,UNE,0.744
2003.0,GTM,4333.0,National Center Union,UCN,0.3275
2003.0,GTM,4334.0,National Liberation Movement Party,MLN,0.122
2003.0,GTM,4336.0,Democratic Front New Guatemala,FDNG,0.83
2003.0,GTM,4423.0,Progressive Liberator Party,PLP,0.218
2003.0,GTM,5505.0,Solidarity Action Movement,MAS,0.386
2003.0,GTM,6337.0,National Alliance,AN,0.896
2004.0,GTM,71.0,Unionist Party,PU,0.059
2004.0,GTM,538.0,Grand National Alliance,GANA,0.17
2004.0,GTM,941.0,Guatemalan Republican Front,FRG,0.5715
2004.0,GTM,1035.0,National Advancement Party,PAN,0.124
2004.0,GTM,1322.0,Guatemalan Christian Democracy,DCG,0.494
2004.0,GTM,1668.0,National Unity of Hope,UNE,0.744
2004.0,GTM,4333.0,National Center Union,UCN,0.3333125
2004.0,GTM,4334.0,National Liberation Movement Party,MLN,0.122
2004.0,GTM,4336.0,Democratic Front New Guatemala,FDNG,0.83
2004.0,GTM,4423.0,Progressive Liberator Party,PLP,0.218
2004.0,GTM,5505.0,Solidarity Action Movement,MAS,0.386
2004.0,GTM,6337.0,National Alliance,AN,0.896
2005.0,GTM,71.0,Unionist Party,PU,0.059
2005.0,GTM,538.0,Grand National Alliance,GANA,0.17
2005.0,GTM,941.0,Guatemalan Republican Front,FRG,0.5589999999999999
2005.0,GTM,1035.0,National Advancement Party,PAN,0.124
2005.0,GTM,1322.0,Guatemalan Christian Democracy,DCG,0.494
2005.0,GTM,1668.0,National Unity of Hope,UNE,0.744
2005.0,GTM,4333.0,National Center Union,UCN,0.339125
2005.0,GTM,4334.0,National Liberation Movement Party,MLN,0.122
2005.0,GTM,4336.0,Democratic Front New Guatemala,FDNG,0.83
2005.0,GTM,4423.0,Progressive Liberator Party,PLP,0.218
2005.0,GTM,5505.0,Solidarity Action Movement,MAS,0.386
2005.0,GTM,6337.0,National Alliance,AN,0.896
2006.0,GTM,71.0,Unionist Party,PU,0.059
2006.0,GTM,538.0,Grand National Alliance,GANA,0.17
2006.0,GTM,941.0,Guatemalan Republican Front,FRG,0.5465
2006.0,GTM,1035.0,National Advancement Party,PAN,0.124
2006.0,GTM,1322.0,Guatemalan Christian Democracy,DCG,0.494
2006.0,GTM,1668.0,National Unity of Hope,UNE,0.744
2006.0,GTM,4333.0,National Center Union,UCN,0.3449375
2006.0,GTM,4334.0,National Liberation Movement Party,MLN,0.122
2006.0,GTM,4336.0,Democratic Front New Guatemala,FDNG,0.83
2006.0,GTM,4423.0,Progressive Liberator Party,PLP,0.218
2006.0,GTM,5505.0,Solidarity Action Movement,MAS,0.386
2006.0,GTM,6337.0,National Alliance,AN,0.896
2007.0,GTM,71.0,Unionist Party,PU,0.059
2007.0,GTM,524.0,Patriotic Party,PP,0.2
2007.0,GTM,538.0,Grand National Alliance,GANA,0.17
2007.0,GTM,941.0,Guatemalan Republican Front,FRG,0.534
2007.0,GTM,1035.0,National Advancement Party,PAN,0.124
2007.0,GTM,1322.0,Guatemalan Christian Democracy,DCG,0.494
2007.0,GTM,1413.0,Encounter for Guatemala,EG,0.55
2007.0,GTM,1668.0,National Unity of Hope,UNE,0.744
2007.0,GTM,4333.0,National Center Union,UCN,0.35075
2007.0,GTM,4334.0,National Liberation Movement Party,MLN,0.122
2007.0,GTM,4336.0,Democratic Front New Guatemala,FDNG,0.83
2007.0,GTM,4423.0,Progressive Liberator Party,PLP,0.218
2007.0,GTM,4426.0,Social Action Center,CASA,0.114
2007.0,GTM,5505.0,Solidarity Action Movement,MAS,0.386
2007.0,GTM,6337.0,National Alliance,AN,0.896
2008.0,GTM,71.0,Unionist Party,PU,0.059
2008.0,GTM,524.0,Patriotic Party,PP,0.19775
2008.0,GTM,538.0,Grand National Alliance,GANA,0.17
2008.0,GTM,941.0,Guatemalan Republican Front,FRG,0.534
2008.0,GTM,1035.0,National Advancement Party,PAN,0.124
2008.0,GTM,1322.0,Guatemalan Christian Democracy,DCG,0.494
2008.0,GTM,1413.0,Encounter for Guatemala,EG,0.55
2008.0,GTM,1668.0,National Unity of Hope,UNE,0.744
2008.0,GTM,4333.0,National Center Union,UCN,0.3565625
2008.0,GTM,4334.0,National Liberation Movement Party,MLN,0.122
2008.0,GTM,4336.0,Democratic Front New Guatemala,FDNG,0.83
2008.0,GTM,4423.0,Progressive Liberator Party,PLP,0.218
2008.0,GTM,4426.0,Social Action Center,CASA,0.114
2008.0,GTM,5505.0,Solidarity Action Movement,MAS,0.386
2008.0,GTM,6337.0,National Alliance,AN,0.896
2009.0,GTM,71.0,Unionist Party,PU,0.059
2009.0,GTM,524.0,Patriotic Party,PP,0.1955
2009.0,GTM,538.0,Grand National Alliance,GANA,0.17
2009.0,GTM,941.0,Guatemalan Republican Front,FRG,0.534
2009.0,GTM,1035.0,National Advancement Party,PAN,0.124
2009.0,GTM,1322.0,Guatemalan Christian Democracy,DCG,0.494
2009.0,GTM,1413.0,Encounter for Guatemala,EG,0.55
2009.0,GTM,1668.0,National Unity of Hope,UNE,0.744
2009.0,GTM,4333.0,National Center Union,UCN,0.362375
2009.0,GTM,4334.0,National Liberation Movement Party,MLN,0.122
2009.0,GTM,4336.0,Democratic Front New Guatemala,FDNG,0.83
2009.0,GTM,4423.0,Progressive Liberator Party,PLP,0.218
2009.0,GTM,4426.0,Social Action Center,CASA,0.114
2009.0,GTM,5505.0,Solidarity Action Movement,MAS,0.386
2009.0,GTM,6337.0,National Alliance,AN,0.896
2010.0,GTM,71.0,Unionist Party,PU,0.059
2010.0,GTM,524.0,Patriotic Party,PP,0.19325
2010.0,GTM,538.0,Grand National Alliance,GANA,0.17
2010.0,GTM,941.0,Guatemalan Republican Front,FRG,0.534
2010.0,GTM,1035.0,National Advancement Party,PAN,0.124
2010.0,GTM,1322.0,Guatemalan Christian Democracy,DCG,0.494
2010.0,GTM,1413.0,Encounter for Guatemala,EG,0.55
2010.0,GTM,1668.0,National Unity of Hope,UNE,0.744
2010.0,GTM,4333.0,National Center Union,UCN,0.3681875
2010.0,GTM,4334.0,National Liberation Movement Party,MLN,0.122
2010.0,GTM,4336.0,Democratic Front New Guatemala,FDNG,0.83
2010.0,GTM,4423.0,Progressive Liberator Party,PLP,0.218
2010.0,GTM,4426.0,Social Action Center,CASA,0.114
2010.0,GTM,5505.0,Solidarity Action Movement,MAS,0.386
2010.0,GTM,6337.0,National Alliance,AN,0.896
2011.0,GTM,71.0,Unionist Party,PU,0.059
2011.0,GTM,524.0,Patriotic Party,PP,0.191
2011.0,GTM,538.0,Grand National Alliance,GANA,0.17
2011.0,GTM,941.0,Guatemalan Republican Front,FRG,0.534
2011.0,GTM,1035.0,National Advancement Party,PAN,0.124
2011.0,GTM,1322.0,Guatemalan Christian Democracy,DCG,0.494
2011.0,GTM,1413.0,Encounter for Guatemala,EG,0.55
2011.0,GTM,1668.0,National Unity of Hope,UNE,0.744
2011.0,GTM,4333.0,National Center Union,UCN,0.374
2011.0,GTM,4334.0,National Liberation Movement Party,MLN,0.122
2011.0,GTM,4336.0,Democratic Front New Guatemala,FDNG,0.83
2011.0,GTM,4337.0,Renewed Democratic Liberty,LIDER,0.509
2011.0,GTM,4423.0,Progressive Liberator Party,PLP,0.218
2011.0,GTM,4424.0,"Renovation and Order Compromise/Commitment, Renewal and Order",CREO,0.194
2011.0,GTM,4426.0,Social Action Center,CASA,0.114
2011.0,GTM,5505.0,Solidarity Action Movement,MAS,0.386
2011.0,GTM,6337.0,National Alliance,AN,0.896
2011.0,GTM,93541.0,alliance: UNE-GANA,UNE-GANA,0.604
2011.0,GTM,93542.0,alliance: VIVA-EG,VIVA-EG,0.282
2012.0,GTM,71.0,Unionist Party,PU,0.059
2012.0,GTM,524.0,Patriotic Party,PP,0.20800000000000002
2012.0,GTM,538.0,Grand National Alliance,GANA,0.17
2012.0,GTM,941.0,Guatemalan Republican Front,FRG,0.534
2012.0,GTM,1035.0,National Advancement Party,PAN,0.124
2012.0,GTM,1322.0,Guatemalan Christian Democracy,DCG,0.494
2012.0,GTM,1413.0,Encounter for Guatemala,EG,0.55
2012.0,GTM,1668.0,National Unity of Hope,UNE,0.744
2012.0,GTM,4333.0,National Center Union,UCN,0.374
2012.0,GTM,4334.0,National Liberation Movement Party,MLN,0.122
2012.0,GTM,4336.0,Democratic Front New Guatemala,FDNG,0.83
2012.0,GTM,4337.0,Renewed Democratic Liberty,LIDER,0.509
2012.0,GTM,4423.0,Progressive Liberator Party,PLP,0.218
2012.0,GTM,4424.0,"Renovation and Order Compromise/Commitment, Renewal and Order",CREO,0.19125
2012.0,GTM,4426.0,Social Action Center,CASA,0.114
2012.0,GTM,5505.0,Solidarity Action Movement,MAS,0.386
2012.0,GTM,6337.0,National Alliance,AN,0.896
2012.0,GTM,93541.0,alliance: UNE-GANA,UNE-GANA,0.604
2012.0,GTM,93542.0,alliance: VIVA-EG,VIVA-EG,0.282
2013.0,GTM,71.0,Unionist Party,PU,0.059
2013.0,GTM,524.0,Patriotic Party,PP,0.225
2013.0,GTM,538.0,Grand National Alliance,GANA,0.17
2013.0,GTM,941.0,Guatemalan Republican Front,FRG,0.534
2013.0,GTM,1035.0,National Advancement Party,PAN,0.124
2013.0,GTM,1322.0,Guatemalan Christian Democracy,DCG,0.494
2013.0,GTM,1413.0,Encounter for Guatemala,EG,0.55
2013.0,GTM,1668.0,National Unity of Hope,UNE,0.744
2013.0,GTM,4333.0,National Center Union,UCN,0.374
2013.0,GTM,4334.0,National Liberation Movement Party,MLN,0.122
2013.0,GTM,4336.0,Democratic Front New Guatemala,FDNG,0.83
2013.0,GTM,4337.0,Renewed Democratic Liberty,LIDER,0.509
2013.0,GTM,4423.0,Progressive Liberator Party,PLP,0.218
2013.0,GTM,4424.0,"Renovation and Order Compromise/Commitment, Renewal and Order",CREO,0.1885
2013.0,GTM,4426.0,Social Action Center,CASA,0.114
2013.0,GTM,5505.0,Solidarity Action Movement,MAS,0.386
2013.0,GTM,6337.0,National Alliance,AN,0.896
2013.0,GTM,93541.0,alliance: UNE-GANA,UNE-GANA,0.604
2013.0,GTM,93542.0,alliance: VIVA-EG,VIVA-EG,0.282
2014.0,GTM,71.0,Unionist Party,PU,0.059
2014.0,GTM,524.0,Patriotic Party,PP,0.242
2014.0,GTM,538.0,Grand National Alliance,GANA,0.17
2014.0,GTM,941.0,Guatemalan Republican Front,FRG,0.534
2014.0,GTM,1035.0,National Advancement Party,PAN,0.124
2014.0,GTM,1322.0,Guatemalan Christian Democracy,DCG,0.494
2014.0,GTM,1413.0,Encounter for Guatemala,EG,0.55
2014.0,GTM,1668.0,National Unity of Hope,UNE,0.744
2014.0,GTM,4333.0,National Center Union,UCN,0.374
2014.0,GTM,4334.0,National Liberation Movement Party,MLN,0.122
2014.0,GTM,4336.0,Democratic Front New Guatemala,FDNG,0.83
2014.0,GTM,4337.0,Renewed Democratic Liberty,LIDER,0.509
2014.0,GTM,4423.0,Progressive Liberator Party,PLP,0.218
2014.0,GTM,4424.0,"Renovation and Order Compromise/Commitment, Renewal and Order",CREO,0.18575
2014.0,GTM,4426.0,Social Action Center,CASA,0.114
2014.0,GTM,5505.0,Solidarity Action Movement,MAS,0.386
2014.0,GTM,6337.0,National Alliance,AN,0.896
2014.0,GTM,93541.0,alliance: UNE-GANA,UNE-GANA,0.604
2014.0,GTM,93542.0,alliance: VIVA-EG,VIVA-EG,0.282
2015.0,GTM,71.0,Unionist Party,PU,0.059
2015.0,GTM,524.0,Patriotic Party,PP,0.259
2015.0,GTM,538.0,Grand National Alliance,GANA,0.17
2015.0,GTM,941.0,Guatemalan Republican Front,FRG,0.534
2015.0,GTM,1035.0,National Advancement Party,PAN,0.124
2015.0,GTM,1322.0,Guatemalan Christian Democracy,DCG,0.494
2015.0,GTM,1413.0,Encounter for Guatemala,EG,0.55
2015.0,GTM,1668.0,National Unity of Hope,UNE,0.744
2015.0,GTM,4333.0,National Center Union,UCN,0.374
2015.0,GTM,4334.0,National Liberation Movement Party,MLN,0.122
2015.0,GTM,4336.0,Democratic Front New Guatemala,FDNG,0.83
2015.0,GTM,4337.0,Renewed Democratic Liberty,LIDER,0.509
2015.0,GTM,4423.0,Progressive Liberator Party,PLP,0.218
2015.0,GTM,4424.0,"Renovation and Order Compromise/Commitment, Renewal and Order",CREO,0.183
2015.0,GTM,4426.0,Social Action Center,CASA,0.114
2015.0,GTM,5505.0,Solidarity Action Movement,MAS,0.386
2015.0,GTM,5955.0,National Convergence Front,FCN,0.178
2015.0,GTM,5966.0,Everybody,T,0.367
2015.0,GTM,6337.0,National Alliance,AN,0.896
2015.0,GTM,6856.0,Vision with Values,ViVa,0.118
2015.0,GTM,93541.0,alliance: UNE-GANA,UNE-GANA,0.604
2015.0,GTM,93542.0,alliance: VIVA-EG,VIVA-EG,0.282
2016.0,GTM,71.0,Unionist Party,PU,0.059
2016.0,GTM,524.0,Patriotic Party,PP,0.259
2016.0,GTM,538.0,Grand National Alliance,GANA,0.17
2016.0,GTM,941.0,Guatemalan Republican Front,FRG,0.534
2016.0,GTM,1035.0,National Advancement Party,PAN,0.124
2016.0,GTM,1322.0,Guatemalan Christian Democracy,DCG,0.494
2016.0,GTM,1413.0,Encounter for Guatemala,EG,0.55
2016.0,GTM,1668.0,National Unity of Hope,UNE,0.744
2016.0,GTM,4333.0,National Center Union,UCN,0.374
2016.0,GTM,4334.0,National Liberation Movement Party,MLN,0.122
2016.0,GTM,4336.0,Democratic Front New Guatemala,FDNG,0.83
2016.0,GTM,4337.0,Renewed Democratic Liberty,LIDER,0.509
2016.0,GTM,4423.0,Progressive Liberator Party,PLP,0.218
2016.0,GTM,4424.0,"Renovation and Order Compromise/Commitment, Renewal and Order",CREO,0.183
2016.0,GTM,4426.0,Social Action Center,CASA,0.114
2016.0,GTM,5505.0,Solidarity Action Movement,MAS,0.386
2016.0,GTM,5955.0,National Convergence Front,FCN,0.178
2016.0,GTM,5966.0,Everybody,T,0.367
2016.0,GTM,6337.0,National Alliance,AN,0.896
2016.0,GTM,6856.0,Vision with Values,ViVa,0.118
2016.0,GTM,93541.0,alliance: UNE-GANA,UNE-GANA,0.604
2016.0,GTM,93542.0,alliance: VIVA-EG,VIVA-EG,0.282
2017.0,GTM,71.0,Unionist Party,PU,0.059
2017.0,GTM,524.0,Patriotic Party,PP,0.259
2017.0,GTM,538.0,Grand National Alliance,GANA,0.17
2017.0,GTM,941.0,Guatemalan Republican Front,FRG,0.534
2017.0,GTM,1035.0,National Advancement Party,PAN,0.124
2017.0,GTM,1322.0,Guatemalan Christian Democracy,DCG,0.494
2017.0,GTM,1413.0,Encounter for Guatemala,EG,0.55
2017.0,GTM,1668.0,National Unity of Hope,UNE,0.744
2017.0,GTM,4333.0,National Center Union,UCN,0.374
2017.0,GTM,4334.0,National Liberation Movement Party,MLN,0.122
2017.0,GTM,4336.0,Democratic Front New Guatemala,FDNG,0.83
2017.0,GTM,4337.0,Renewed Democratic Liberty,LIDER,0.509
2017.0,GTM,4423.0,Progressive Liberator Party,PLP,0.218
2017.0,GTM,4424.0,"Renovation and Order Compromise/Commitment, Renewal and Order",CREO,0.183
2017.0,GTM,4426.0,Social Action Center,CASA,0.114
2017.0,GTM,5505.0,Solidarity Action Movement,MAS,0.386
2017.0,GTM,5955.0,National Convergence Front,FCN,0.178
2017.0,GTM,5966.0,Everybody,T,0.367
2017.0,GTM,6337.0,National Alliance,AN,0.896
2017.0,GTM,6856.0,Vision with Values,ViVa,0.118
2017.0,GTM,93541.0,alliance: UNE-GANA,UNE-GANA,0.604
2017.0,GTM,93542.0,alliance: VIVA-EG,VIVA-EG,0.282
2018.0,GTM,71.0,Unionist Party,PU,0.059
2018.0,GTM,524.0,Patriotic Party,PP,0.259
2018.0,GTM,538.0,Grand National Alliance,GANA,0.17
2018.0,GTM,941.0,Guatemalan Republican Front,FRG,0.534
2018.0,GTM,1035.0,National Advancement Party,PAN,0.124
2018.0,GTM,1322.0,Guatemalan Christian Democracy,DCG,0.494
2018.0,GTM,1413.0,Encounter for Guatemala,EG,0.55
2018.0,GTM,1668.0,National Unity of Hope,UNE,0.744
2018.0,GTM,4333.0,National Center Union,UCN,0.374
2018.0,GTM,4334.0,National Liberation Movement Party,MLN,0.122
2018.0,GTM,4336.0,Democratic Front New Guatemala,FDNG,0.83
2018.0,GTM,4337.0,Renewed Democratic Liberty,LIDER,0.509
2018.0,GTM,4423.0,Progressive Liberator Party,PLP,0.218
2018.0,GTM,4424.0,"Renovation and Order Compromise/Commitment, Renewal and Order",CREO,0.183
2018.0,GTM,4426.0,Social Action Center,CASA,0.114
2018.0,GTM,5505.0,Solidarity Action Movement,MAS,0.386
2018.0,GTM,5955.0,National Convergence Front,FCN,0.178
2018.0,GTM,5966.0,Everybody,T,0.367
2018.0,GTM,6337.0,National Alliance,AN,0.896
2018.0,GTM,6856.0,Vision with Values,ViVa,0.118
2018.0,GTM,93541.0,alliance: UNE-GANA,UNE-GANA,0.604
2018.0,GTM,93542.0,alliance: VIVA-EG,VIVA-EG,0.282
2019.0,GTM,71.0,Unionist Party,PU,0.059
2019.0,GTM,524.0,Patriotic Party,PP,0.259
2019.0,GTM,538.0,Grand National Alliance,GANA,0.17
2019.0,GTM,706.0,National Change Union,UCN,0.273
2019.0,GTM,941.0,Guatemalan Republican Front,FRG,0.534
2019.0,GTM,1035.0,National Advancement Party,PAN,0.124
2019.0,GTM,1322.0,Guatemalan Christian Democracy,DCG,0.494
2019.0,GTM,1413.0,Encounter for Guatemala,EG,0.55
2019.0,GTM,1668.0,National Unity of Hope,UNE,0.744
2019.0,GTM,4333.0,National Center Union,UCN,0.374
2019.0,GTM,4334.0,National Liberation Movement Party,MLN,0.122
2019.0,GTM,4336.0,Democratic Front New Guatemala,FDNG,0.83
2019.0,GTM,4337.0,Renewed Democratic Liberty,LIDER,0.509
2019.0,GTM,4423.0,Progressive Liberator Party,PLP,0.218
2019.0,GTM,4424.0,"Renovation and Order Compromise/Commitment, Renewal and Order",CREO,0.183
2019.0,GTM,4426.0,Social Action Center,CASA,0.114
2019.0,GTM,5505.0,Solidarity Action Movement,MAS,0.386
2019.0,GTM,5955.0,National Convergence Front,FCN,0.178
2019.0,GTM,5966.0,Everybody,T,0.367
2019.0,GTM,6337.0,National Alliance,AN,0.896
2019.0,GTM,6856.0,Vision with Values,ViVa,0.118
2019.0,GTM,7910.0,Come on or Let's go,Vamos,0.163
2019.0,GTM,7911.0,Seed Movement,Semilla,0.806
2019.0,GTM,8060.0,Valour,VALOR,0.174
2019.0,GTM,8061.0,National Well-Being,BIEN,0.4
2019.0,GTM,8063.0,Humanist Party of Guatemala,PHG,0.264
2019.0,GTM,93541.0,alliance: UNE-GANA,UNE-GANA,0.604
2019.0,GTM,93542.0,alliance: VIVA-EG,VIVA-EG,0.282
1992.0,GUY,4246.0,People's Progressive Party,PPP,0.866
1992.0,GUY,4247.0,People's National Congress ? Reform,PNC,0.202
1993.0,GUY,4246.0,People's Progressive Party,PPP,0.8358
1993.0,GUY,4247.0,People's National Congress ? Reform,PNC,0.202
1994.0,GUY,4246.0,People's Progressive Party,PPP,0.8056
1994.0,GUY,4247.0,People's National Congress ? Reform,PNC,0.202
1995.0,GUY,4246.0,People's Progressive Party,PPP,0.7754
1995.0,GUY,4247.0,People's National Congress ? Reform,PNC,0.202
1996.0,GUY,4246.0,People's Progressive Party,PPP,0.7452
1996.0,GUY,4247.0,People's National Congress ? Reform,PNC,0.202
1997.0,GUY,4246.0,People's Progressive Party,PPP,0.715
1997.0,GUY,4247.0,People's National Congress ? Reform,PNC,0.202
1998.0,GUY,4246.0,People's Progressive Party,PPP,0.5565
1998.0,GUY,4247.0,People's National Congress ? Reform,PNC,0.202
1999.0,GUY,4246.0,People's Progressive Party,PPP,0.39799999999999996
1999.0,GUY,4247.0,People's National Congress ? Reform,PNC,0.202
2000.0,GUY,4246.0,People's Progressive Party,PPP,0.23949999999999994
2000.0,GUY,4247.0,People's National Congress ? Reform,PNC,0.202
2001.0,GUY,4246.0,People's Progressive Party,PPP,0.081
2001.0,GUY,4247.0,People's National Congress ? Reform,PNC,0.202
2002.0,GUY,4246.0,People's Progressive Party,PPP,0.10540000000000001
2002.0,GUY,4247.0,People's National Congress ? Reform,PNC,0.2016
2003.0,GUY,4246.0,People's Progressive Party,PPP,0.1298
2003.0,GUY,4247.0,People's National Congress ? Reform,PNC,0.20120000000000002
2004.0,GUY,4246.0,People's Progressive Party,PPP,0.1542
2004.0,GUY,4247.0,People's National Congress ? Reform,PNC,0.2008
2005.0,GUY,4246.0,People's Progressive Party,PPP,0.1786
2005.0,GUY,4247.0,People's National Congress ? Reform,PNC,0.20040000000000002
2006.0,GUY,3882.0,Alliance for Change,AFC,0.09
2006.0,GUY,4246.0,People's Progressive Party,PPP,0.203
2006.0,GUY,4247.0,People's National Congress ? Reform,PNC,0.2
2007.0,GUY,3882.0,Alliance for Change,AFC,0.089
2007.0,GUY,4246.0,People's Progressive Party,PPP,0.1812
2007.0,GUY,4247.0,People's National Congress ? Reform,PNC,0.2
2008.0,GUY,3882.0,Alliance for Change,AFC,0.088
2008.0,GUY,4246.0,People's Progressive Party,PPP,0.15940000000000001
2008.0,GUY,4247.0,People's National Congress ? Reform,PNC,0.2
2009.0,GUY,3882.0,Alliance for Change,AFC,0.08700000000000001
2009.0,GUY,4246.0,People's Progressive Party,PPP,0.1376
2009.0,GUY,4247.0,People's National Congress ? Reform,PNC,0.2
2010.0,GUY,3882.0,Alliance for Change,AFC,0.08600000000000001
2010.0,GUY,4246.0,People's Progressive Party,PPP,0.1158
2010.0,GUY,4247.0,People's National Congress ? Reform,PNC,0.2
2011.0,GUY,3882.0,Alliance for Change,AFC,0.085
2011.0,GUY,4246.0,People's Progressive Party,PPP,0.094
2011.0,GUY,4247.0,People's National Congress ? Reform,PNC,0.2
2011.0,GUY,7119.0,A Partnership for National Unity,APNU,0.197
2012.0,GUY,3882.0,Alliance for Change,AFC,0.085
2012.0,GUY,4246.0,People's Progressive Party,PPP,0.1375
2012.0,GUY,4247.0,People's National Congress ? Reform,PNC,0.2
2012.0,GUY,7119.0,A Partnership for National Unity,APNU,0.197
2013.0,GUY,3882.0,Alliance for Change,AFC,0.085
2013.0,GUY,4246.0,People's Progressive Party,PPP,0.181
2013.0,GUY,4247.0,People's National Congress ? Reform,PNC,0.2
2013.0,GUY,7119.0,A Partnership for National Unity,APNU,0.197
2014.0,GUY,3882.0,Alliance for Change,AFC,0.085
2014.0,GUY,4246.0,People's Progressive Party,PPP,0.2245
2014.0,GUY,4247.0,People's National Congress ? Reform,PNC,0.2
2014.0,GUY,7119.0,A Partnership for National Unity,APNU,0.197
2015.0,GUY,3882.0,Alliance for Change,AFC,0.085
2015.0,GUY,4246.0,People's Progressive Party,PPP,0.268
2015.0,GUY,4247.0,People's National Congress ? Reform,PNC,0.2
2015.0,GUY,7119.0,A Partnership for National Unity,APNU,0.197
2016.0,GUY,3882.0,Alliance for Change,AFC,0.085
2016.0,GUY,4246.0,People's Progressive Party,PPP,0.268
2016.0,GUY,4247.0,People's National Congress ? Reform,PNC,0.2
2016.0,GUY,7119.0,A Partnership for National Unity,APNU,0.197
2017.0,GUY,3882.0,Alliance for Change,AFC,0.085
2017.0,GUY,4246.0,People's Progressive Party,PPP,0.268
2017.0,GUY,4247.0,People's National Congress ? Reform,PNC,0.2
2017.0,GUY,7119.0,A Partnership for National Unity,APNU,0.197
2018.0,GUY,3882.0,Alliance for Change,AFC,0.085
2018.0,GUY,4246.0,People's Progressive Party,PPP,0.268
2018.0,GUY,4247.0,People's National Congress ? Reform,PNC,0.2
2018.0,GUY,7119.0,A Partnership for National Unity,APNU,0.197
2019.0,GUY,3882.0,Alliance for Change,AFC,0.085
2019.0,GUY,4246.0,People's Progressive Party,PPP,0.268
2019.0,GUY,4247.0,People's National Congress ? Reform,PNC,0.2
2019.0,GUY,7119.0,A Partnership for National Unity,APNU,0.197
1993.0,HND,593.0,Liberal Party of Honduras,PLH,0.301
1993.0,HND,1416.0,National Party of Honduras,PNH,0.105
1994.0,HND,593.0,Liberal Party of Honduras,PLH,0.28175
1994.0,HND,1416.0,National Party of Honduras,PNH,0.10425
1995.0,HND,593.0,Liberal Party of Honduras,PLH,0.2625
1995.0,HND,1416.0,National Party of Honduras,PNH,0.1035
1996.0,HND,593.0,Liberal Party of Honduras,PLH,0.24325
1996.0,HND,1416.0,National Party of Honduras,PNH,0.10275
1997.0,HND,593.0,Liberal Party of Honduras,PLH,0.224
1997.0,HND,1416.0,National Party of Honduras,PNH,0.102
1998.0,HND,593.0,Liberal Party of Honduras,PLH,0.23375
1998.0,HND,1416.0,National Party of Honduras,PNH,0.10275
1999.0,HND,593.0,Liberal Party of Honduras,PLH,0.2435
1999.0,HND,1416.0,National Party of Honduras,PNH,0.1035
2000.0,HND,593.0,Liberal Party of Honduras,PLH,0.25325000000000003
2000.0,HND,1416.0,National Party of Honduras,PNH,0.10425
2001.0,HND,593.0,Liberal Party of Honduras,PLH,0.263
2001.0,HND,1051.0,Democratic Unification Party,PUD,0.663
2001.0,HND,1416.0,National Party of Honduras,PNH,0.105
2002.0,HND,593.0,Liberal Party of Honduras,PLH,0.27275
2002.0,HND,1051.0,Democratic Unification Party,PUD,0.663
2002.0,HND,1416.0,National Party of Honduras,PNH,0.105
2003.0,HND,593.0,Liberal Party of Honduras,PLH,0.2825
2003.0,HND,1051.0,Democratic Unification Party,PUD,0.663
2003.0,HND,1416.0,National Party of Honduras,PNH,0.105
2004.0,HND,593.0,Liberal Party of Honduras,PLH,0.29225
2004.0,HND,1051.0,Democratic Unification Party,PUD,0.663
2004.0,HND,1416.0,National Party of Honduras,PNH,0.105
2005.0,HND,593.0,Liberal Party of Honduras,PLH,0.302
2005.0,HND,1051.0,Democratic Unification Party,PUD,0.663
2005.0,HND,1416.0,National Party of Honduras,PNH,0.105
2006.0,HND,593.0,Liberal Party of Honduras,PLH,0.292
2006.0,HND,1051.0,Democratic Unification Party,PUD,0.663
2006.0,HND,1416.0,National Party of Honduras,PNH,0.11674999999999999
2007.0,HND,593.0,Liberal Party of Honduras,PLH,0.28200000000000003
2007.0,HND,1051.0,Democratic Unification Party,PUD,0.663
2007.0,HND,1416.0,National Party of Honduras,PNH,0.1285
2008.0,HND,593.0,Liberal Party of Honduras,PLH,0.272
2008.0,HND,1051.0,Democratic Unification Party,PUD,0.663
2008.0,HND,1416.0,National Party of Honduras,PNH,0.14024999999999999
2009.0,HND,593.0,Liberal Party of Honduras,PLH,0.262
2009.0,HND,1051.0,Democratic Unification Party,PUD,0.663
2009.0,HND,1416.0,National Party of Honduras,PNH,0.152
2010.0,HND,593.0,Liberal Party of Honduras,PLH,0.2405
2010.0,HND,1051.0,Democratic Unification Party,PUD,0.663
2010.0,HND,1416.0,National Party of Honduras,PNH,0.128
2011.0,HND,593.0,Liberal Party of Honduras,PLH,0.219
2011.0,HND,1051.0,Democratic Unification Party,PUD,0.663
2011.0,HND,1416.0,National Party of Honduras,PNH,0.104
2012.0,HND,593.0,Liberal Party of Honduras,PLH,0.1975
2012.0,HND,1051.0,Democratic Unification Party,PUD,0.663
2012.0,HND,1416.0,National Party of Honduras,PNH,0.07999999999999999
2013.0,HND,593.0,Liberal Party of Honduras,PLH,0.176
2013.0,HND,1051.0,Democratic Unification Party,PUD,0.663
2013.0,HND,1416.0,National Party of Honduras,PNH,0.056
2013.0,HND,5160.0,Anti-Corruption Party,PAC,0.598
2013.0,HND,5161.0,Liberty and Refoundation,LIBRE,0.729
2014.0,HND,593.0,Liberal Party of Honduras,PLH,0.1895
2014.0,HND,1051.0,Democratic Unification Party,PUD,0.663
2014.0,HND,1416.0,National Party of Honduras,PNH,0.05575
2014.0,HND,5160.0,Anti-Corruption Party,PAC,0.598
2014.0,HND,5161.0,Liberty and Refoundation,LIBRE,0.729
2015.0,HND,593.0,Liberal Party of Honduras,PLH,0.203
2015.0,HND,1051.0,Democratic Unification Party,PUD,0.663
2015.0,HND,1416.0,National Party of Honduras,PNH,0.0555
2015.0,HND,5160.0,Anti-Corruption Party,PAC,0.598
2015.0,HND,5161.0,Liberty and Refoundation,LIBRE,0.729
2016.0,HND,593.0,Liberal Party of Honduras,PLH,0.2165
2016.0,HND,1051.0,Democratic Unification Party,PUD,0.663
2016.0,HND,1416.0,National Party of Honduras,PNH,0.05525
2016.0,HND,5160.0,Anti-Corruption Party,PAC,0.598
2016.0,HND,5161.0,Liberty and Refoundation,LIBRE,0.729
2017.0,HND,593.0,Liberal Party of Honduras,PLH,0.23
2017.0,HND,1051.0,Democratic Unification Party,PUD,0.663
2017.0,HND,1416.0,National Party of Honduras,PNH,0.055
2017.0,HND,5160.0,Anti-Corruption Party,PAC,0.598
2017.0,HND,5161.0,Liberty and Refoundation,LIBRE,0.729
2018.0,HND,593.0,Liberal Party of Honduras,PLH,0.23
2018.0,HND,1051.0,Democratic Unification Party,PUD,0.663
2018.0,HND,1416.0,National Party of Honduras,PNH,0.055
2018.0,HND,5160.0,Anti-Corruption Party,PAC,0.598
2018.0,HND,5161.0,Liberty and Refoundation,LIBRE,0.729
2019.0,HND,593.0,Liberal Party of Honduras,PLH,0.23
2019.0,HND,1051.0,Democratic Unification Party,PUD,0.663
2019.0,HND,1416.0,National Party of Honduras,PNH,0.055
2019.0,HND,5160.0,Anti-Corruption Party,PAC,0.598
2019.0,HND,5161.0,Liberty and Refoundation,LIBRE,0.729
1990.0,HTI,5267.0,National Alliance for Democracy and Progress,ANDP,0.061
1990.0,HTI,5269.0,National Front for Change and Democracy,FNCD,0.918
1990.0,HTI,5601.0,Rally of Progressive National Democrats,RDNP,0.207
1990.0,HTI,6068.0,National Agricultural Industrial Party,PAIN,0.241
1990.0,HTI,6216.0,Christian-Democratic Party of Haiti,PDCH,0.244
1990.0,HTI,6716.0,Mobilization for National Development,MDN,0.118
1990.0,HTI,7251.0,National Cobite Movement,MKN,0.201
1991.0,HTI,5267.0,National Alliance for Democracy and Progress,ANDP,0.061
1991.0,HTI,5269.0,National Front for Change and Democracy,FNCD,0.918
1991.0,HTI,5601.0,Rally of Progressive National Democrats,RDNP,0.207
1991.0,HTI,6068.0,National Agricultural Industrial Party,PAIN,0.241
1991.0,HTI,6216.0,Christian-Democratic Party of Haiti,PDCH,0.244
1991.0,HTI,6716.0,Mobilization for National Development,MDN,0.118
1991.0,HTI,7251.0,National Cobite Movement,MKN,0.201
1992.0,HTI,5267.0,National Alliance for Democracy and Progress,ANDP,0.061
1992.0,HTI,5269.0,National Front for Change and Democracy,FNCD,0.918
1992.0,HTI,5601.0,Rally of Progressive National Democrats,RDNP,0.207
1992.0,HTI,6068.0,National Agricultural Industrial Party,PAIN,0.241
1992.0,HTI,6216.0,Christian-Democratic Party of Haiti,PDCH,0.244
1992.0,HTI,6716.0,Mobilization for National Development,MDN,0.118
1992.0,HTI,7251.0,National Cobite Movement,MKN,0.201
1993.0,HTI,5267.0,National Alliance for Democracy and Progress,ANDP,0.061
1993.0,HTI,5269.0,National Front for Change and Democracy,FNCD,0.918
1993.0,HTI,5601.0,Rally of Progressive National Democrats,RDNP,0.207
1993.0,HTI,6068.0,National Agricultural Industrial Party,PAIN,0.241
1993.0,HTI,6216.0,Christian-Democratic Party of Haiti,PDCH,0.244
1993.0,HTI,6716.0,Mobilization for National Development,MDN,0.118
1993.0,HTI,7251.0,National Cobite Movement,MKN,0.201
1994.0,HTI,5267.0,National Alliance for Democracy and Progress,ANDP,0.061
1994.0,HTI,5269.0,National Front for Change and Democracy,FNCD,0.918
1994.0,HTI,5601.0,Rally of Progressive National Democrats,RDNP,0.207
1994.0,HTI,6068.0,National Agricultural Industrial Party,PAIN,0.241
1994.0,HTI,6216.0,Christian-Democratic Party of Haiti,PDCH,0.244
1994.0,HTI,6716.0,Mobilization for National Development,MDN,0.118
1994.0,HTI,7251.0,National Cobite Movement,MKN,0.201
1995.0,HTI,5267.0,National Alliance for Democracy and Progress,ANDP,0.061
1995.0,HTI,5268.0,Lavalas Family,FL,0.946
1995.0,HTI,5269.0,National Front for Change and Democracy,FNCD,0.918
1995.0,HTI,5601.0,Rally of Progressive National Democrats,RDNP,0.207
1995.0,HTI,6068.0,National Agricultural Industrial Party,PAIN,0.241
1995.0,HTI,6216.0,Christian-Democratic Party of Haiti,PDCH,0.244
1995.0,HTI,6716.0,Mobilization for National Development,MDN,0.118
1995.0,HTI,7251.0,National Cobite Movement,MKN,0.201
1996.0,HTI,5267.0,National Alliance for Democracy and Progress,ANDP,0.061
1996.0,HTI,5268.0,Lavalas Family,FL,0.946
1996.0,HTI,5269.0,National Front for Change and Democracy,FNCD,0.918
1996.0,HTI,5601.0,Rally of Progressive National Democrats,RDNP,0.207
1996.0,HTI,6068.0,National Agricultural Industrial Party,PAIN,0.241
1996.0,HTI,6216.0,Christian-Democratic Party of Haiti,PDCH,0.244
1996.0,HTI,6716.0,Mobilization for National Development,MDN,0.118
1996.0,HTI,7251.0,National Cobite Movement,MKN,0.201
1997.0,HTI,5267.0,National Alliance for Democracy and Progress,ANDP,0.061
1997.0,HTI,5268.0,Lavalas Family,FL,0.946
1997.0,HTI,5269.0,National Front for Change and Democracy,FNCD,0.918
1997.0,HTI,5601.0,Rally of Progressive National Democrats,RDNP,0.207
1997.0,HTI,6068.0,National Agricultural Industrial Party,PAIN,0.241
1997.0,HTI,6216.0,Christian-Democratic Party of Haiti,PDCH,0.244
1997.0,HTI,6716.0,Mobilization for National Development,MDN,0.118
1997.0,HTI,7251.0,National Cobite Movement,MKN,0.201
1998.0,HTI,5267.0,National Alliance for Democracy and Progress,ANDP,0.061
1998.0,HTI,5268.0,Lavalas Family,FL,0.946
1998.0,HTI,5269.0,National Front for Change and Democracy,FNCD,0.918
1998.0,HTI,5601.0,Rally of Progressive National Democrats,RDNP,0.207
1998.0,HTI,6068.0,National Agricultural Industrial Party,PAIN,0.241
1998.0,HTI,6216.0,Christian-Democratic Party of Haiti,PDCH,0.244
1998.0,HTI,6716.0,Mobilization for National Development,MDN,0.118
1998.0,HTI,7251.0,National Cobite Movement,MKN,0.201
1999.0,HTI,5267.0,National Alliance for Democracy and Progress,ANDP,0.061
1999.0,HTI,5268.0,Lavalas Family,FL,0.946
1999.0,HTI,5269.0,National Front for Change and Democracy,FNCD,0.918
1999.0,HTI,5601.0,Rally of Progressive National Democrats,RDNP,0.207
1999.0,HTI,6068.0,National Agricultural Industrial Party,PAIN,0.241
1999.0,HTI,6216.0,Christian-Democratic Party of Haiti,PDCH,0.244
1999.0,HTI,6716.0,Mobilization for National Development,MDN,0.118
1999.0,HTI,7251.0,National Cobite Movement,MKN,0.201
2000.0,HTI,5267.0,National Alliance for Democracy and Progress,ANDP,0.061
2000.0,HTI,5268.0,Lavalas Family,FL,0.946
2000.0,HTI,5269.0,National Front for Change and Democracy,FNCD,0.918
2000.0,HTI,5601.0,Rally of Progressive National Democrats,RDNP,0.207
2000.0,HTI,6068.0,National Agricultural Industrial Party,PAIN,0.241
2000.0,HTI,6216.0,Christian-Democratic Party of Haiti,PDCH,0.244
2000.0,HTI,6716.0,Mobilization for National Development,MDN,0.118
2000.0,HTI,7251.0,National Cobite Movement,MKN,0.201
2001.0,HTI,5267.0,National Alliance for Democracy and Progress,ANDP,0.061
2001.0,HTI,5268.0,Lavalas Family,FL,0.9413999999999999
2001.0,HTI,5269.0,National Front for Change and Democracy,FNCD,0.918
2001.0,HTI,5601.0,Rally of Progressive National Democrats,RDNP,0.207
2001.0,HTI,6068.0,National Agricultural Industrial Party,PAIN,0.241
2001.0,HTI,6216.0,Christian-Democratic Party of Haiti,PDCH,0.244
2001.0,HTI,6716.0,Mobilization for National Development,MDN,0.118
2001.0,HTI,7251.0,National Cobite Movement,MKN,0.201
2002.0,HTI,5267.0,National Alliance for Democracy and Progress,ANDP,0.061
2002.0,HTI,5268.0,Lavalas Family,FL,0.9368
2002.0,HTI,5269.0,National Front for Change and Democracy,FNCD,0.918
2002.0,HTI,5601.0,Rally of Progressive National Democrats,RDNP,0.207
2002.0,HTI,6068.0,National Agricultural Industrial Party,PAIN,0.241
2002.0,HTI,6216.0,Christian-Democratic Party of Haiti,PDCH,0.244
2002.0,HTI,6716.0,Mobilization for National Development,MDN,0.118
2002.0,HTI,7251.0,National Cobite Movement,MKN,0.201
2003.0,HTI,5267.0,National Alliance for Democracy and Progress,ANDP,0.061
2003.0,HTI,5268.0,Lavalas Family,FL,0.9321999999999999
2003.0,HTI,5269.0,National Front for Change and Democracy,FNCD,0.918
2003.0,HTI,5601.0,Rally of Progressive National Democrats,RDNP,0.207
2003.0,HTI,6068.0,National Agricultural Industrial Party,PAIN,0.241
2003.0,HTI,6216.0,Christian-Democratic Party of Haiti,PDCH,0.244
2003.0,HTI,6716.0,Mobilization for National Development,MDN,0.118
2003.0,HTI,7251.0,National Cobite Movement,MKN,0.201
2004.0,HTI,5267.0,National Alliance for Democracy and Progress,ANDP,0.061
2004.0,HTI,5268.0,Lavalas Family,FL,0.9276
2004.0,HTI,5269.0,National Front for Change and Democracy,FNCD,0.918
2004.0,HTI,5601.0,Rally of Progressive National Democrats,RDNP,0.207
2004.0,HTI,6068.0,National Agricultural Industrial Party,PAIN,0.241
2004.0,HTI,6216.0,Christian-Democratic Party of Haiti,PDCH,0.244
2004.0,HTI,6716.0,Mobilization for National Development,MDN,0.118
2004.0,HTI,7251.0,National Cobite Movement,MKN,0.201
2005.0,HTI,5267.0,National Alliance for Democracy and Progress,ANDP,0.061
2005.0,HTI,5268.0,Lavalas Family,FL,0.9229999999999999
2005.0,HTI,5269.0,National Front for Change and Democracy,FNCD,0.918
2005.0,HTI,5601.0,Rally of Progressive National Democrats,RDNP,0.207
2005.0,HTI,6068.0,National Agricultural Industrial Party,PAIN,0.241
2005.0,HTI,6216.0,Christian-Democratic Party of Haiti,PDCH,0.244
2005.0,HTI,6716.0,Mobilization for National Development,MDN,0.118
2005.0,HTI,7251.0,National Cobite Movement,MKN,0.201
2006.0,HTI,5267.0,National Alliance for Democracy and Progress,ANDP,0.061
2006.0,HTI,5268.0,Lavalas Family,FL,0.9184
2006.0,HTI,5269.0,National Front for Change and Democracy,FNCD,0.918
2006.0,HTI,5270.0,Fusion of Haitian Social Democrats,FHSD,0.341
2006.0,HTI,5274.0,Democratic Alliance Party,ALY,0.324
2006.0,HTI,5601.0,Rally of Progressive National Democrats,RDNP,0.207
2006.0,HTI,5602.0,Lavalas Political Organization / Struggling People's Organization,OPL,0.559
2006.0,HTI,5828.0,Front for Hope,Lespwa,0.505
2006.0,HTI,5829.0,Christian National Union for the Reconstruction of Haiti,UNCRH,0.312
2006.0,HTI,6068.0,National Agricultural Industrial Party,PAIN,0.241
2006.0,HTI,6216.0,Christian-Democratic Party of Haiti,PDCH,0.244
2006.0,HTI,6393.0,Haiti in Action,LA,0.34
2006.0,HTI,6716.0,Mobilization for National Development,MDN,0.118
2006.0,HTI,7251.0,National Cobite Movement,MKN,0.201
2007.0,HTI,5267.0,National Alliance for Democracy and Progress,ANDP,0.061
2007.0,HTI,5268.0,Lavalas Family,FL,0.9138
2007.0,HTI,5269.0,National Front for Change and Democracy,FNCD,0.918
2007.0,HTI,5270.0,Fusion of Haitian Social Democrats,FHSD,0.341
2007.0,HTI,5274.0,Democratic Alliance Party,ALY,0.324
2007.0,HTI,5601.0,Rally of Progressive National Democrats,RDNP,0.207
2007.0,HTI,5602.0,Lavalas Political Organization / Struggling People's Organization,OPL,0.5455555555555556
2007.0,HTI,5828.0,Front for Hope,Lespwa,0.505
2007.0,HTI,5829.0,Christian National Union for the Reconstruction of Haiti,UNCRH,0.312
2007.0,HTI,6068.0,National Agricultural Industrial Party,PAIN,0.241
2007.0,HTI,6216.0,Christian-Democratic Party of Haiti,PDCH,0.244
2007.0,HTI,6393.0,Haiti in Action,LA,0.30325
2007.0,HTI,6716.0,Mobilization for National Development,MDN,0.118
2007.0,HTI,7251.0,National Cobite Movement,MKN,0.201
2008.0,HTI,5267.0,National Alliance for Democracy and Progress,ANDP,0.061
2008.0,HTI,5268.0,Lavalas Family,FL,0.9092
2008.0,HTI,5269.0,National Front for Change and Democracy,FNCD,0.918
2008.0,HTI,5270.0,Fusion of Haitian Social Democrats,FHSD,0.341
2008.0,HTI,5274.0,Democratic Alliance Party,ALY,0.324
2008.0,HTI,5601.0,Rally of Progressive National Democrats,RDNP,0.207
2008.0,HTI,5602.0,Lavalas Political Organization / Struggling People's Organization,OPL,0.5321111111111112
2008.0,HTI,5828.0,Front for Hope,Lespwa,0.505
2008.0,HTI,5829.0,Christian National Union for the Reconstruction of Haiti,UNCRH,0.312
2008.0,HTI,6068.0,National Agricultural Industrial Party,PAIN,0.241
2008.0,HTI,6216.0,Christian-Democratic Party of Haiti,PDCH,0.244
2008.0,HTI,6393.0,Haiti in Action,LA,0.2665
2008.0,HTI,6716.0,Mobilization for National Development,MDN,0.118
2008.0,HTI,7251.0,National Cobite Movement,MKN,0.201
2009.0,HTI,5267.0,National Alliance for Democracy and Progress,ANDP,0.061
2009.0,HTI,5268.0,Lavalas Family,FL,0.9046
2009.0,HTI,5269.0,National Front for Change and Democracy,FNCD,0.918
2009.0,HTI,5270.0,Fusion of Haitian Social Democrats,FHSD,0.341
2009.0,HTI,5274.0,Democratic Alliance Party,ALY,0.324
2009.0,HTI,5601.0,Rally of Progressive National Democrats,RDNP,0.207
2009.0,HTI,5602.0,Lavalas Political Organization / Struggling People's Organization,OPL,0.5186666666666667
2009.0,HTI,5828.0,Front for Hope,Lespwa,0.505
2009.0,HTI,5829.0,Christian National Union for the Reconstruction of Haiti,UNCRH,0.312
2009.0,HTI,6068.0,National Agricultural Industrial Party,PAIN,0.241
2009.0,HTI,6216.0,Christian-Democratic Party of Haiti,PDCH,0.244
2009.0,HTI,6393.0,Haiti in Action,LA,0.22975
2009.0,HTI,6716.0,Mobilization for National Development,MDN,0.118
2009.0,HTI,7251.0,National Cobite Movement,MKN,0.201
2010.0,HTI,5267.0,National Alliance for Democracy and Progress,ANDP,0.061
2010.0,HTI,5268.0,Lavalas Family,FL,0.9
2010.0,HTI,5269.0,National Front for Change and Democracy,FNCD,0.918
2010.0,HTI,5270.0,Fusion of Haitian Social Democrats,FHSD,0.341
2010.0,HTI,5271.0,Inite,INITE,0.363
2010.0,HTI,5274.0,Democratic Alliance Party,ALY,0.324
2010.0,HTI,5601.0,Rally of Progressive National Democrats,RDNP,0.207
2010.0,HTI,5602.0,Lavalas Political Organization / Struggling People's Organization,OPL,0.5052222222222222
2010.0,HTI,5828.0,Front for Hope,Lespwa,0.505
2010.0,HTI,5829.0,Christian National Union for the Reconstruction of Haiti,UNCRH,0.312
2010.0,HTI,5905.0,Alternative for Progress and Democracy,Alternativ,0.135
2010.0,HTI,6068.0,National Agricultural Industrial Party,PAIN,0.241
2010.0,HTI,6216.0,Christian-Democratic Party of Haiti,PDCH,0.244
2010.0,HTI,6320.0,Together We Are Strong,ANF,0.341
2010.0,HTI,6393.0,Haiti in Action,LA,0.193
2010.0,HTI,6394.0,Lanvi Organisation,LO,0.342
2010.0,HTI,6716.0,Mobilization for National Development,MDN,0.118
2010.0,HTI,7251.0,National Cobite Movement,MKN,0.201
2011.0,HTI,5267.0,National Alliance for Democracy and Progress,ANDP,0.061
2011.0,HTI,5268.0,Lavalas Family,FL,0.8954
2011.0,HTI,5269.0,National Front for Change and Democracy,FNCD,0.918
2011.0,HTI,5270.0,Fusion of Haitian Social Democrats,FHSD,0.341
2011.0,HTI,5271.0,Inite,INITE,0.363
2011.0,HTI,5274.0,Democratic Alliance Party,ALY,0.324
2011.0,HTI,5601.0,Rally of Progressive National Democrats,RDNP,0.207
2011.0,HTI,5602.0,Lavalas Political Organization / Struggling People's Organization,OPL,0.4917777777777778
2011.0,HTI,5828.0,Front for Hope,Lespwa,0.505
2011.0,HTI,5829.0,Christian National Union for the Reconstruction of Haiti,UNCRH,0.312
2011.0,HTI,5905.0,Alternative for Progress and Democracy,Alternativ,0.135
2011.0,HTI,6068.0,National Agricultural Industrial Party,PAIN,0.241
2011.0,HTI,6216.0,Christian-Democratic Party of Haiti,PDCH,0.244
2011.0,HTI,6320.0,Together We Are Strong,ANF,0.341
2011.0,HTI,6393.0,Haiti in Action,LA,0.2136
2011.0,HTI,6394.0,Lanvi Organisation,LO,0.342
2011.0,HTI,6716.0,Mobilization for National Development,MDN,0.118
2011.0,HTI,7251.0,National Cobite Movement,MKN,0.201
2012.0,HTI,5267.0,National Alliance for Democracy and Progress,ANDP,0.061
2012.0,HTI,5268.0,Lavalas Family,FL,0.8908
2012.0,HTI,5269.0,National Front for Change and Democracy,FNCD,0.918
2012.0,HTI,5270.0,Fusion of Haitian Social Democrats,FHSD,0.341
2012.0,HTI,5271.0,Inite,INITE,0.363
2012.0,HTI,5274.0,Democratic Alliance Party,ALY,0.324
2012.0,HTI,5601.0,Rally of Progressive National Democrats,RDNP,0.207
2012.0,HTI,5602.0,Lavalas Political Organization / Struggling People's Organization,OPL,0.4783333333333334
2012.0,HTI,5828.0,Front for Hope,Lespwa,0.505
2012.0,HTI,5829.0,Christian National Union for the Reconstruction of Haiti,UNCRH,0.312
2012.0,HTI,5905.0,Alternative for Progress and Democracy,Alternativ,0.135
2012.0,HTI,6068.0,National Agricultural Industrial Party,PAIN,0.241
2012.0,HTI,6216.0,Christian-Democratic Party of Haiti,PDCH,0.244
2012.0,HTI,6320.0,Together We Are Strong,ANF,0.341
2012.0,HTI,6393.0,Haiti in Action,LA,0.2342
2012.0,HTI,6394.0,Lanvi Organisation,LO,0.342
2012.0,HTI,6716.0,Mobilization for National Development,MDN,0.118
2012.0,HTI,7251.0,National Cobite Movement,MKN,0.201
2013.0,HTI,5267.0,National Alliance for Democracy and Progress,ANDP,0.061
2013.0,HTI,5268.0,Lavalas Family,FL,0.8862
2013.0,HTI,5269.0,National Front for Change and Democracy,FNCD,0.918
2013.0,HTI,5270.0,Fusion of Haitian Social Democrats,FHSD,0.341
2013.0,HTI,5271.0,Inite,INITE,0.363
2013.0,HTI,5274.0,Democratic Alliance Party,ALY,0.324
2013.0,HTI,5601.0,Rally of Progressive National Democrats,RDNP,0.207
2013.0,HTI,5602.0,Lavalas Political Organization / Struggling People's Organization,OPL,0.4648888888888889
2013.0,HTI,5828.0,Front for Hope,Lespwa,0.505
2013.0,HTI,5829.0,Christian National Union for the Reconstruction of Haiti,UNCRH,0.312
2013.0,HTI,5905.0,Alternative for Progress and Democracy,Alternativ,0.135
2013.0,HTI,6068.0,National Agricultural Industrial Party,PAIN,0.241
2013.0,HTI,6216.0,Christian-Democratic Party of Haiti,PDCH,0.244
2013.0,HTI,6320.0,Together We Are Strong,ANF,0.341
2013.0,HTI,6393.0,Haiti in Action,LA,0.2548
2013.0,HTI,6394.0,Lanvi Organisation,LO,0.342
2013.0,HTI,6716.0,Mobilization for National Development,MDN,0.118
2013.0,HTI,7251.0,National Cobite Movement,MKN,0.201
2014.0,HTI,5267.0,National Alliance for Democracy and Progress,ANDP,0.061
2014.0,HTI,5268.0,Lavalas Family,FL,0.8815999999999999
2014.0,HTI,5269.0,National Front for Change and Democracy,FNCD,0.918
2014.0,HTI,5270.0,Fusion of Haitian Social Democrats,FHSD,0.341
2014.0,HTI,5271.0,Inite,INITE,0.363
2014.0,HTI,5274.0,Democratic Alliance Party,ALY,0.324
2014.0,HTI,5601.0,Rally of Progressive National Democrats,RDNP,0.207
2014.0,HTI,5602.0,Lavalas Political Organization / Struggling People's Organization,OPL,0.4514444444444444
2014.0,HTI,5828.0,Front for Hope,Lespwa,0.505
2014.0,HTI,5829.0,Christian National Union for the Reconstruction of Haiti,UNCRH,0.312
2014.0,HTI,5905.0,Alternative for Progress and Democracy,Alternativ,0.135
2014.0,HTI,6068.0,National Agricultural Industrial Party,PAIN,0.241
2014.0,HTI,6216.0,Christian-Democratic Party of Haiti,PDCH,0.244
2014.0,HTI,6320.0,Together We Are Strong,ANF,0.341
2014.0,HTI,6393.0,Haiti in Action,LA,0.2754
2014.0,HTI,6394.0,Lanvi Organisation,LO,0.342
2014.0,HTI,6716.0,Mobilization for National Development,MDN,0.118
2014.0,HTI,7251.0,National Cobite Movement,MKN,0.201
2015.0,HTI,5267.0,National Alliance for Democracy and Progress,ANDP,0.061
2015.0,HTI,5268.0,Lavalas Family,FL,0.877
2015.0,HTI,5269.0,National Front for Change and Democracy,FNCD,0.918
2015.0,HTI,5270.0,Fusion of Haitian Social Democrats,FHSD,0.341
2015.0,HTI,5271.0,Inite,INITE,0.363
2015.0,HTI,5274.0,Democratic Alliance Party,ALY,0.324
2015.0,HTI,5601.0,Rally of Progressive National Democrats,RDNP,0.207
2015.0,HTI,5602.0,Lavalas Political Organization / Struggling People's Organization,OPL,0.438
2015.0,HTI,5828.0,Front for Hope,Lespwa,0.505
2015.0,HTI,5829.0,Christian National Union for the Reconstruction of Haiti,UNCRH,0.312
2015.0,HTI,5905.0,Alternative for Progress and Democracy,Alternativ,0.135
2015.0,HTI,6068.0,National Agricultural Industrial Party,PAIN,0.241
2015.0,HTI,6216.0,Christian-Democratic Party of Haiti,PDCH,0.244
2015.0,HTI,6320.0,Together We Are Strong,ANF,0.341
2015.0,HTI,6393.0,Haiti in Action,LA,0.296
2015.0,HTI,6394.0,Lanvi Organisation,LO,0.342
2015.0,HTI,6716.0,Mobilization for National Development,MDN,0.118
2015.0,HTI,7251.0,National Cobite Movement,MKN,0.201
2015.0,HTI,7253.0,Haitian Bald Head Party,PHTK,0.064
2015.0,HTI,7254.0,Truth,VERITE,0.437
2015.0,HTI,7255.0,Democratic Unit Convention,KID,0.143
2016.0,HTI,5267.0,National Alliance for Democracy and Progress,ANDP,0.061
2016.0,HTI,5268.0,Lavalas Family,FL,0.877
2016.0,HTI,5269.0,National Front for Change and Democracy,FNCD,0.918
2016.0,HTI,5270.0,Fusion of Haitian Social Democrats,FHSD,0.341
2016.0,HTI,5271.0,Inite,INITE,0.363
2016.0,HTI,5274.0,Democratic Alliance Party,ALY,0.324
2016.0,HTI,5601.0,Rally of Progressive National Democrats,RDNP,0.207
2016.0,HTI,5602.0,Lavalas Political Organization / Struggling People's Organization,OPL,0.438
2016.0,HTI,5828.0,Front for Hope,Lespwa,0.505
2016.0,HTI,5829.0,Christian National Union for the Reconstruction of Haiti,UNCRH,0.312
2016.0,HTI,5905.0,Alternative for Progress and Democracy,Alternativ,0.135
2016.0,HTI,6068.0,National Agricultural Industrial Party,PAIN,0.241
2016.0,HTI,6216.0,Christian-Democratic Party of Haiti,PDCH,0.244
2016.0,HTI,6320.0,Together We Are Strong,ANF,0.341
2016.0,HTI,6393.0,Haiti in Action,LA,0.296
2016.0,HTI,6394.0,Lanvi Organisation,LO,0.342
2016.0,HTI,6716.0,Mobilization for National Development,MDN,0.118
2016.0,HTI,7251.0,National Cobite Movement,MKN,0.201
2016.0,HTI,7253.0,Haitian Bald Head Party,PHTK,0.064
2016.0,HTI,7254.0,Truth,VERITE,0.437
2016.0,HTI,7255.0,Democratic Unit Convention,KID,0.143
2017.0,HTI,5267.0,National Alliance for Democracy and Progress,ANDP,0.061
2017.0,HTI,5268.0,Lavalas Family,FL,0.877
2017.0,HTI,5269.0,National Front for Change and Democracy,FNCD,0.918
2017.0,HTI,5270.0,Fusion of Haitian Social Democrats,FHSD,0.341
2017.0,HTI,5271.0,Inite,INITE,0.363
2017.0,HTI,5274.0,Democratic Alliance Party,ALY,0.324
2017.0,HTI,5601.0,Rally of Progressive National Democrats,RDNP,0.207
2017.0,HTI,5602.0,Lavalas Political Organization / Struggling People's Organization,OPL,0.438
2017.0,HTI,5828.0,Front for Hope,Lespwa,0.505
2017.0,HTI,5829.0,Christian National Union for the Reconstruction of Haiti,UNCRH,0.312
2017.0,HTI,5905.0,Alternative for Progress and Democracy,Alternativ,0.135
2017.0,HTI,6068.0,National Agricultural Industrial Party,PAIN,0.241
2017.0,HTI,6216.0,Christian-Democratic Party of Haiti,PDCH,0.244
2017.0,HTI,6320.0,Together We Are Strong,ANF,0.341
2017.0,HTI,6393.0,Haiti in Action,LA,0.296
2017.0,HTI,6394.0,Lanvi Organisation,LO,0.342
2017.0,HTI,6716.0,Mobilization for National Development,MDN,0.118
2017.0,HTI,7251.0,National Cobite Movement,MKN,0.201
2017.0,HTI,7253.0,Haitian Bald Head Party,PHTK,0.064
2017.0,HTI,7254.0,Truth,VERITE,0.437
2017.0,HTI,7255.0,Democratic Unit Convention,KID,0.143
2018.0,HTI,5267.0,National Alliance for Democracy and Progress,ANDP,0.061
2018.0,HTI,5268.0,Lavalas Family,FL,0.877
2018.0,HTI,5269.0,National Front for Change and Democracy,FNCD,0.918
2018.0,HTI,5270.0,Fusion of Haitian Social Democrats,FHSD,0.341
2018.0,HTI,5271.0,Inite,INITE,0.363
2018.0,HTI,5274.0,Democratic Alliance Party,ALY,0.324
2018.0,HTI,5601.0,Rally of Progressive National Democrats,RDNP,0.207
2018.0,HTI,5602.0,Lavalas Political Organization / Struggling People's Organization,OPL,0.438
2018.0,HTI,5828.0,Front for Hope,Lespwa,0.505
2018.0,HTI,5829.0,Christian National Union for the Reconstruction of Haiti,UNCRH,0.312
2018.0,HTI,5905.0,Alternative for Progress and Democracy,Alternativ,0.135
2018.0,HTI,6068.0,National Agricultural Industrial Party,PAIN,0.241
2018.0,HTI,6216.0,Christian-Democratic Party of Haiti,PDCH,0.244
2018.0,HTI,6320.0,Together We Are Strong,ANF,0.341
2018.0,HTI,6393.0,Haiti in Action,LA,0.296
2018.0,HTI,6394.0,Lanvi Organisation,LO,0.342
2018.0,HTI,6716.0,Mobilization for National Development,MDN,0.118
2018.0,HTI,7251.0,National Cobite Movement,MKN,0.201
2018.0,HTI,7253.0,Haitian Bald Head Party,PHTK,0.064
2018.0,HTI,7254.0,Truth,VERITE,0.437
2018.0,HTI,7255.0,Democratic Unit Convention,KID,0.143
2019.0,HTI,5267.0,National Alliance for Democracy and Progress,ANDP,0.061
2019.0,HTI,5268.0,Lavalas Family,FL,0.877
2019.0,HTI,5269.0,National Front for Change and Democracy,FNCD,0.918
2019.0,HTI,5270.0,Fusion of Haitian Social Democrats,FHSD,0.341
2019.0,HTI,5271.0,Inite,INITE,0.363
2019.0,HTI,5274.0,Democratic Alliance Party,ALY,0.324
2019.0,HTI,5601.0,Rally of Progressive National Democrats,RDNP,0.207
2019.0,HTI,5602.0,Lavalas Political Organization / Struggling People's Organization,OPL,0.438
2019.0,HTI,5828.0,Front for Hope,Lespwa,0.505
2019.0,HTI,5829.0,Christian National Union for the Reconstruction of Haiti,UNCRH,0.312
2019.0,HTI,5905.0,Alternative for Progress and Democracy,Alternativ,0.135
2019.0,HTI,6068.0,National Agricultural Industrial Party,PAIN,0.241
2019.0,HTI,6216.0,Christian-Democratic Party of Haiti,PDCH,0.244
2019.0,HTI,6320.0,Together We Are Strong,ANF,0.341
2019.0,HTI,6393.0,Haiti in Action,LA,0.296
2019.0,HTI,6394.0,Lanvi Organisation,LO,0.342
2019.0,HTI,6716.0,Mobilization for National Development,MDN,0.118
2019.0,HTI,7251.0,National Cobite Movement,MKN,0.201
2019.0,HTI,7253.0,Haitian Bald Head Party,PHTK,0.064
2019.0,HTI,7254.0,Truth,VERITE,0.437
2019.0,HTI,7255.0,Democratic Unit Convention,KID,0.143
1993.0,JAM,2308.0,Jamaica Labour Party,JLP,0.218
1993.0,JAM,2309.0,People's National Party,PNP,0.452
1994.0,JAM,2308.0,Jamaica Labour Party,JLP,0.218
1994.0,JAM,2309.0,People's National Party,PNP,0.4025
1995.0,JAM,2308.0,Jamaica Labour Party,JLP,0.218
1995.0,JAM,2309.0,People's National Party,PNP,0.353
1996.0,JAM,2308.0,Jamaica Labour Party,JLP,0.218
1996.0,JAM,2309.0,People's National Party,PNP,0.3035
1997.0,JAM,2308.0,Jamaica Labour Party,JLP,0.218
1997.0,JAM,2309.0,People's National Party,PNP,0.254
1998.0,JAM,2308.0,Jamaica Labour Party,JLP,0.2174
1998.0,JAM,2309.0,People's National Party,PNP,0.254
1999.0,JAM,2308.0,Jamaica Labour Party,JLP,0.2168
1999.0,JAM,2309.0,People's National Party,PNP,0.254
2000.0,JAM,2308.0,Jamaica Labour Party,JLP,0.2162
2000.0,JAM,2309.0,People's National Party,PNP,0.254
2001.0,JAM,2308.0,Jamaica Labour Party,JLP,0.21559999999999999
2001.0,JAM,2309.0,People's National Party,PNP,0.254
2002.0,JAM,2308.0,Jamaica Labour Party,JLP,0.215
2002.0,JAM,2309.0,People's National Party,PNP,0.254
2003.0,JAM,2308.0,Jamaica Labour Party,JLP,0.2168
2003.0,JAM,2309.0,People's National Party,PNP,0.254
2004.0,JAM,2308.0,Jamaica Labour Party,JLP,0.2186
2004.0,JAM,2309.0,People's National Party,PNP,0.254
2005.0,JAM,2308.0,Jamaica Labour Party,JLP,0.2204
2005.0,JAM,2309.0,People's National Party,PNP,0.254
2006.0,JAM,2308.0,Jamaica Labour Party,JLP,0.2222
2006.0,JAM,2309.0,People's National Party,PNP,0.254
2007.0,JAM,2308.0,Jamaica Labour Party,JLP,0.224
2007.0,JAM,2309.0,People's National Party,PNP,0.254
2008.0,JAM,2308.0,Jamaica Labour Party,JLP,0.2265
2008.0,JAM,2309.0,People's National Party,PNP,0.253
2009.0,JAM,2308.0,Jamaica Labour Party,JLP,0.229
2009.0,JAM,2309.0,People's National Party,PNP,0.252
2010.0,JAM,2308.0,Jamaica Labour Party,JLP,0.2315
2010.0,JAM,2309.0,People's National Party,PNP,0.251
2011.0,JAM,2308.0,Jamaica Labour Party,JLP,0.234
2011.0,JAM,2309.0,People's National Party,PNP,0.25
2012.0,JAM,2308.0,Jamaica Labour Party,JLP,0.24680000000000002
2012.0,JAM,2309.0,People's National Party,PNP,0.2634
2013.0,JAM,2308.0,Jamaica Labour Party,JLP,0.2596
2013.0,JAM,2309.0,People's National Party,PNP,0.2768
2014.0,JAM,2308.0,Jamaica Labour Party,JLP,0.2724
2014.0,JAM,2309.0,People's National Party,PNP,0.2902
2015.0,JAM,2308.0,Jamaica Labour Party,JLP,0.2852
2015.0,JAM,2309.0,People's National Party,PNP,0.3036
2016.0,JAM,2308.0,Jamaica Labour Party,JLP,0.298
2016.0,JAM,2309.0,People's National Party,PNP,0.317
2017.0,JAM,2308.0,Jamaica Labour Party,JLP,0.298
2017.0,JAM,2309.0,People's National Party,PNP,0.317
2018.0,JAM,2308.0,Jamaica Labour Party,JLP,0.298
2018.0,JAM,2309.0,People's National Party,PNP,0.317
2019.0,JAM,2308.0,Jamaica Labour Party,JLP,0.298
2019.0,JAM,2309.0,People's National Party,PNP,0.317
1991.0,MEX,216.0,Party of the Democratic Revolution,PRD,0.764
1991.0,MEX,696.0,National Action Party,PAN,0.216
1991.0,MEX,1474.0,Institutional Revolutionary Party,PRI,0.132
1992.0,MEX,216.0,Party of the Democratic Revolution,PRD,0.7603333333333333
1992.0,MEX,696.0,National Action Party,PAN,0.2
1992.0,MEX,1474.0,Institutional Revolutionary Party,PRI,0.125
1993.0,MEX,216.0,Party of the Democratic Revolution,PRD,0.7566666666666667
1993.0,MEX,696.0,National Action Party,PAN,0.184
1993.0,MEX,1474.0,Institutional Revolutionary Party,PRI,0.11800000000000001
1994.0,MEX,216.0,Party of the Democratic Revolution,PRD,0.753
1994.0,MEX,696.0,National Action Party,PAN,0.168
1994.0,MEX,1474.0,Institutional Revolutionary Party,PRI,0.111
1995.0,MEX,216.0,Party of the Democratic Revolution,PRD,0.7346666666666667
1995.0,MEX,696.0,National Action Party,PAN,0.168
1995.0,MEX,1474.0,Institutional Revolutionary Party,PRI,0.111
1996.0,MEX,216.0,Party of the Democratic Revolution,PRD,0.7163333333333333
1996.0,MEX,696.0,National Action Party,PAN,0.168
1996.0,MEX,1474.0,Institutional Revolutionary Party,PRI,0.111
1997.0,MEX,216.0,Party of the Democratic Revolution,PRD,0.698
1997.0,MEX,696.0,National Action Party,PAN,0.168
1997.0,MEX,1474.0,Institutional Revolutionary Party,PRI,0.111
1998.0,MEX,216.0,Party of the Democratic Revolution,PRD,0.701
1998.0,MEX,696.0,National Action Party,PAN,0.16833333333333333
1998.0,MEX,1474.0,Institutional Revolutionary Party,PRI,0.14333333333333334
1999.0,MEX,216.0,Party of the Democratic Revolution,PRD,0.704
1999.0,MEX,696.0,National Action Party,PAN,0.1686666666666667
1999.0,MEX,1474.0,Institutional Revolutionary Party,PRI,0.17566666666666667
2000.0,MEX,216.0,Party of the Democratic Revolution,PRD,0.707
2000.0,MEX,696.0,National Action Party,PAN,0.169
2000.0,MEX,1474.0,Institutional Revolutionary Party,PRI,0.208
2001.0,MEX,216.0,Party of the Democratic Revolution,PRD,0.706
2001.0,MEX,696.0,National Action Party,PAN,0.164
2001.0,MEX,1474.0,Institutional Revolutionary Party,PRI,0.207
2002.0,MEX,216.0,Party of the Democratic Revolution,PRD,0.705
2002.0,MEX,696.0,National Action Party,PAN,0.159
2002.0,MEX,1474.0,Institutional Revolutionary Party,PRI,0.206
2003.0,MEX,216.0,Party of the Democratic Revolution,PRD,0.704
2003.0,MEX,446.0,Ecologist Green Party of Mexico,PVEM,0.128
2003.0,MEX,696.0,National Action Party,PAN,0.154
2003.0,MEX,1474.0,Institutional Revolutionary Party,PRI,0.205
2004.0,MEX,216.0,Party of the Democratic Revolution,PRD,0.7456666666666666
2004.0,MEX,446.0,Ecologist Green Party of Mexico,PVEM,0.10633333333333334
2004.0,MEX,696.0,National Action Party,PAN,0.139
2004.0,MEX,1474.0,Institutional Revolutionary Party,PRI,0.204
2005.0,MEX,216.0,Party of the Democratic Revolution,PRD,0.7873333333333333
2005.0,MEX,446.0,Ecologist Green Party of Mexico,PVEM,0.08466666666666667
2005.0,MEX,696.0,National Action Party,PAN,0.124
2005.0,MEX,1474.0,Institutional Revolutionary Party,PRI,0.203
2006.0,MEX,216.0,Party of the Democratic Revolution,PRD,0.829
2006.0,MEX,446.0,Ecologist Green Party of Mexico,PVEM,0.063
2006.0,MEX,696.0,National Action Party,PAN,0.109
2006.0,MEX,1241.0,Labor Party,PT,0.725
2006.0,MEX,1331.0,Convergence / Citizens' Movement,C/MC,0.494
2006.0,MEX,1474.0,Institutional Revolutionary Party,PRI,0.202
2007.0,MEX,216.0,Party of the Democratic Revolution,PRD,0.8203333333333334
2007.0,MEX,446.0,Ecologist Green Party of Mexico,PVEM,0.063
2007.0,MEX,696.0,National Action Party,PAN,0.109
2007.0,MEX,1241.0,Labor Party,PT,0.7191666666666666
2007.0,MEX,1331.0,Convergence / Citizens' Movement,C/MC,0.48733333333333334
2007.0,MEX,1474.0,Institutional Revolutionary Party,PRI,0.19266666666666668
2008.0,MEX,216.0,Party of the Democratic Revolution,PRD,0.8116666666666666
2008.0,MEX,446.0,Ecologist Green Party of Mexico,PVEM,0.063
2008.0,MEX,696.0,National Action Party,PAN,0.109
2008.0,MEX,1241.0,Labor Party,PT,0.7133333333333334
2008.0,MEX,1331.0,Convergence / Citizens' Movement,C/MC,0.4806666666666667
2008.0,MEX,1474.0,Institutional Revolutionary Party,PRI,0.18333333333333332
2009.0,MEX,216.0,Party of the Democratic Revolution,PRD,0.803
2009.0,MEX,446.0,Ecologist Green Party of Mexico,PVEM,0.063
2009.0,MEX,696.0,National Action Party,PAN,0.109
2009.0,MEX,1241.0,Labor Party,PT,0.7075
2009.0,MEX,1331.0,Convergence / Citizens' Movement,C/MC,0.474
2009.0,MEX,1474.0,Institutional Revolutionary Party,PRI,0.174
2010.0,MEX,216.0,Party of the Democratic Revolution,PRD,0.807
2010.0,MEX,446.0,Ecologist Green Party of Mexico,PVEM,0.06233333333333333
2010.0,MEX,696.0,National Action Party,PAN,0.12
2010.0,MEX,1241.0,Labor Party,PT,0.7016666666666667
2010.0,MEX,1331.0,Convergence / Citizens' Movement,C/MC,0.4673333333333333
2010.0,MEX,1474.0,Institutional Revolutionary Party,PRI,0.14633333333333332
2011.0,MEX,216.0,Party of the Democratic Revolution,PRD,0.8109999999999999
2011.0,MEX,446.0,Ecologist Green Party of Mexico,PVEM,0.06166666666666667
2011.0,MEX,696.0,National Action Party,PAN,0.131
2011.0,MEX,1241.0,Labor Party,PT,0.6958333333333333
2011.0,MEX,1331.0,Convergence / Citizens' Movement,C/MC,0.46066666666666667
2011.0,MEX,1474.0,Institutional Revolutionary Party,PRI,0.11866666666666667
2012.0,MEX,216.0,Party of the Democratic Revolution,PRD,0.815
2012.0,MEX,446.0,Ecologist Green Party of Mexico,PVEM,0.061
2012.0,MEX,696.0,National Action Party,PAN,0.142
2012.0,MEX,1241.0,Labor Party,PT,0.69
2012.0,MEX,1331.0,Convergence / Citizens' Movement,C/MC,0.454
2012.0,MEX,1474.0,Institutional Revolutionary Party,PRI,0.091
2013.0,MEX,216.0,Party of the Democratic Revolution,PRD,0.74
2013.0,MEX,446.0,Ecologist Green Party of Mexico,PVEM,0.061
2013.0,MEX,696.0,National Action Party,PAN,0.13933333333333334
2013.0,MEX,1241.0,Labor Party,PT,0.6841666666666667
2013.0,MEX,1331.0,Convergence / Citizens' Movement,C/MC,0.44733333333333336
2013.0,MEX,1474.0,Institutional Revolutionary Party,PRI,0.091
2014.0,MEX,216.0,Party of the Democratic Revolution,PRD,0.6649999999999999
2014.0,MEX,446.0,Ecologist Green Party of Mexico,PVEM,0.061
2014.0,MEX,696.0,National Action Party,PAN,0.13666666666666666
2014.0,MEX,1241.0,Labor Party,PT,0.6783333333333333
2014.0,MEX,1331.0,Convergence / Citizens' Movement,C/MC,0.44066666666666665
2014.0,MEX,1474.0,Institutional Revolutionary Party,PRI,0.091
2015.0,MEX,216.0,Party of the Democratic Revolution,PRD,0.59
2015.0,MEX,446.0,Ecologist Green Party of Mexico,PVEM,0.061
2015.0,MEX,696.0,National Action Party,PAN,0.134
2015.0,MEX,1241.0,Labor Party,PT,0.6725
2015.0,MEX,1331.0,Convergence / Citizens' Movement,C/MC,0.434
2015.0,MEX,1474.0,Institutional Revolutionary Party,PRI,0.091
2015.0,MEX,6110.0,National Regeneration Movement,MORENA,0.939
2016.0,MEX,216.0,Party of the Democratic Revolution,PRD,0.5773333333333334
2016.0,MEX,446.0,Ecologist Green Party of Mexico,PVEM,0.06133333333333333
2016.0,MEX,696.0,National Action Party,PAN,0.14233333333333334
2016.0,MEX,1241.0,Labor Party,PT,0.6666666666666667
2016.0,MEX,1331.0,Convergence / Citizens' Movement,C/MC,0.434
2016.0,MEX,1474.0,Institutional Revolutionary Party,PRI,0.10666666666666667
2016.0,MEX,6110.0,National Regeneration Movement,MORENA,0.9526666666666667
2017.0,MEX,216.0,Party of the Democratic Revolution,PRD,0.5646666666666667
2017.0,MEX,446.0,Ecologist Green Party of Mexico,PVEM,0.06166666666666667
2017.0,MEX,696.0,National Action Party,PAN,0.15066666666666667
2017.0,MEX,1241.0,Labor Party,PT,0.6608333333333334
2017.0,MEX,1331.0,Convergence / Citizens' Movement,C/MC,0.434
2017.0,MEX,1474.0,Institutional Revolutionary Party,PRI,0.12233333333333335
2017.0,MEX,6110.0,National Regeneration Movement,MORENA,0.9663333333333333
2018.0,MEX,216.0,Party of the Democratic Revolution,PRD,0.552
2018.0,MEX,446.0,Ecologist Green Party of Mexico,PVEM,0.062
2018.0,MEX,696.0,National Action Party,PAN,0.159
2018.0,MEX,1241.0,Labor Party,PT,0.655
2018.0,MEX,1331.0,Convergence / Citizens' Movement,C/MC,0.434
2018.0,MEX,1474.0,Institutional Revolutionary Party,PRI,0.138
2018.0,MEX,6110.0,National Regeneration Movement,MORENA,0.98
2018.0,MEX,6113.0,Social Encounter Party,PES,0.275
2019.0,MEX,216.0,Party of the Democratic Revolution,PRD,0.552
2019.0,MEX,446.0,Ecologist Green Party of Mexico,PVEM,0.062
2019.0,MEX,696.0,National Action Party,PAN,0.159
2019.0,MEX,1241.0,Labor Party,PT,0.655
2019.0,MEX,1331.0,Convergence / Citizens' Movement,C/MC,0.434
2019.0,MEX,1474.0,Institutional Revolutionary Party,PRI,0.138
2019.0,MEX,6110.0,National Regeneration Movement,MORENA,0.98
2019.0,MEX,6113.0,Social Encounter Party,PES,0.275
1990.0,NIC,769.0,Sandinista National Liberation Front,FSLN,0.876
1990.0,NIC,7145.0,National Opposition Union,UNO,0.554
1991.0,NIC,769.0,Sandinista National Liberation Front,FSLN,0.8758333333333334
1991.0,NIC,7145.0,National Opposition Union,UNO,0.554
1992.0,NIC,769.0,Sandinista National Liberation Front,FSLN,0.8756666666666667
1992.0,NIC,7145.0,National Opposition Union,UNO,0.554
1993.0,NIC,769.0,Sandinista National Liberation Front,FSLN,0.8755
1993.0,NIC,7145.0,National Opposition Union,UNO,0.554
1994.0,NIC,769.0,Sandinista National Liberation Front,FSLN,0.8753333333333333
1994.0,NIC,7145.0,National Opposition Union,UNO,0.554
1995.0,NIC,769.0,Sandinista National Liberation Front,FSLN,0.8751666666666666
1995.0,NIC,7145.0,National Opposition Union,UNO,0.554
1996.0,NIC,769.0,Sandinista National Liberation Front,FSLN,0.875
1996.0,NIC,7145.0,National Opposition Union,UNO,0.554
1996.0,NIC,93575.0,alliance: Liberal Alliance,Liberal Alli...,0.262
1997.0,NIC,769.0,Sandinista National Liberation Front,FSLN,0.876
1997.0,NIC,7145.0,National Opposition Union,UNO,0.554
1997.0,NIC,93575.0,alliance: Liberal Alliance,Liberal Alli...,0.262
1998.0,NIC,769.0,Sandinista National Liberation Front,FSLN,0.877
1998.0,NIC,7145.0,National Opposition Union,UNO,0.554
1998.0,NIC,93575.0,alliance: Liberal Alliance,Liberal Alli...,0.262
1999.0,NIC,769.0,Sandinista National Liberation Front,FSLN,0.878
1999.0,NIC,7145.0,National Opposition Union,UNO,0.554
1999.0,NIC,93575.0,alliance: Liberal Alliance,Liberal Alli...,0.262
2000.0,NIC,769.0,Sandinista National Liberation Front,FSLN,0.879
2000.0,NIC,7145.0,National Opposition Union,UNO,0.554
2000.0,NIC,93575.0,alliance: Liberal Alliance,Liberal Alli...,0.262
2001.0,NIC,286.0,Constitutionalist Liberal Party,PLC,0.373
2001.0,NIC,769.0,Sandinista National Liberation Front,FSLN,0.88
2001.0,NIC,7145.0,National Opposition Union,UNO,0.554
2001.0,NIC,93575.0,alliance: Liberal Alliance,Liberal Alli...,0.262
2002.0,NIC,286.0,Constitutionalist Liberal Party,PLC,0.369
2002.0,NIC,769.0,Sandinista National Liberation Front,FSLN,0.8484
2002.0,NIC,7145.0,National Opposition Union,UNO,0.554
2002.0,NIC,93575.0,alliance: Liberal Alliance,Liberal Alli...,0.262
2003.0,NIC,286.0,Constitutionalist Liberal Party,PLC,0.365
2003.0,NIC,769.0,Sandinista National Liberation Front,FSLN,0.8168
2003.0,NIC,7145.0,National Opposition Union,UNO,0.554
2003.0,NIC,93575.0,alliance: Liberal Alliance,Liberal Alli...,0.262
2004.0,NIC,286.0,Constitutionalist Liberal Party,PLC,0.361
2004.0,NIC,769.0,Sandinista National Liberation Front,FSLN,0.7852
2004.0,NIC,7145.0,National Opposition Union,UNO,0.554
2004.0,NIC,93575.0,alliance: Liberal Alliance,Liberal Alli...,0.262
2005.0,NIC,286.0,Constitutionalist Liberal Party,PLC,0.357
2005.0,NIC,769.0,Sandinista National Liberation Front,FSLN,0.7536
2005.0,NIC,7145.0,National Opposition Union,UNO,0.554
2005.0,NIC,93575.0,alliance: Liberal Alliance,Liberal Alli...,0.262
2006.0,NIC,286.0,Constitutionalist Liberal Party,PLC,0.353
2006.0,NIC,395.0,Sandinista Renovation Movement,MRS,0.54
2006.0,NIC,769.0,Sandinista National Liberation Front,FSLN,0.722
2006.0,NIC,1640.0,Nicaraguan Liberal Alliance,ALN,0.259
2006.0,NIC,7145.0,National Opposition Union,UNO,0.554
2006.0,NIC,93575.0,alliance: Liberal Alliance,Liberal Alli...,0.262
2007.0,NIC,286.0,Constitutionalist Liberal Party,PLC,0.3646
2007.0,NIC,395.0,Sandinista Renovation Movement,MRS,0.54
2007.0,NIC,769.0,Sandinista National Liberation Front,FSLN,0.7124
2007.0,NIC,1640.0,Nicaraguan Liberal Alliance,ALN,0.2731
2007.0,NIC,7145.0,National Opposition Union,UNO,0.554
2007.0,NIC,93575.0,alliance: Liberal Alliance,Liberal Alli...,0.262
2008.0,NIC,286.0,Constitutionalist Liberal Party,PLC,0.3762
2008.0,NIC,395.0,Sandinista Renovation Movement,MRS,0.54
2008.0,NIC,769.0,Sandinista National Liberation Front,FSLN,0.7028
2008.0,NIC,1640.0,Nicaraguan Liberal Alliance,ALN,0.2872
2008.0,NIC,7145.0,National Opposition Union,UNO,0.554
2008.0,NIC,93575.0,alliance: Liberal Alliance,Liberal Alli...,0.262
2009.0,NIC,286.0,Constitutionalist Liberal Party,PLC,0.3878
2009.0,NIC,395.0,Sandinista Renovation Movement,MRS,0.54
2009.0,NIC,769.0,Sandinista National Liberation Front,FSLN,0.6932
2009.0,NIC,1640.0,Nicaraguan Liberal Alliance,ALN,0.3013
2009.0,NIC,7145.0,National Opposition Union,UNO,0.554
2009.0,NIC,93575.0,alliance: Liberal Alliance,Liberal Alli...,0.262
2010.0,NIC,286.0,Constitutionalist Liberal Party,PLC,0.3994
2010.0,NIC,395.0,Sandinista Renovation Movement,MRS,0.54
2010.0,NIC,769.0,Sandinista National Liberation Front,FSLN,0.6836
2010.0,NIC,1640.0,Nicaraguan Liberal Alliance,ALN,0.3154
2010.0,NIC,7145.0,National Opposition Union,UNO,0.554
2010.0,NIC,93575.0,alliance: Liberal Alliance,Liberal Alli...,0.262
2011.0,NIC,286.0,Constitutionalist Liberal Party,PLC,0.411
2011.0,NIC,395.0,Sandinista Renovation Movement,MRS,0.54
2011.0,NIC,769.0,Sandinista National Liberation Front,FSLN,0.674
2011.0,NIC,1640.0,Nicaraguan Liberal Alliance,ALN,0.3295
2011.0,NIC,3656.0,Independent Liberal Party,PLI,0.411
2011.0,NIC,7145.0,National Opposition Union,UNO,0.554
2011.0,NIC,93575.0,alliance: Liberal Alliance,Liberal Alli...,0.262
2012.0,NIC,286.0,Constitutionalist Liberal Party,PLC,0.412
2012.0,NIC,395.0,Sandinista Renovation Movement,MRS,0.54
2012.0,NIC,769.0,Sandinista National Liberation Front,FSLN,0.677
2012.0,NIC,1640.0,Nicaraguan Liberal Alliance,ALN,0.3436
2012.0,NIC,3656.0,Independent Liberal Party,PLI,0.411
2012.0,NIC,7145.0,National Opposition Union,UNO,0.554
2012.0,NIC,93575.0,alliance: Liberal Alliance,Liberal Alli...,0.262
2013.0,NIC,286.0,Constitutionalist Liberal Party,PLC,0.413
2013.0,NIC,395.0,Sandinista Renovation Movement,MRS,0.54
2013.0,NIC,769.0,Sandinista National Liberation Front,FSLN,0.68
2013.0,NIC,1640.0,Nicaraguan Liberal Alliance,ALN,0.3577
2013.0,NIC,3656.0,Independent Liberal Party,PLI,0.411
2013.0,NIC,7145.0,National Opposition Union,UNO,0.554
2013.0,NIC,93575.0,alliance: Liberal Alliance,Liberal Alli...,0.262
2014.0,NIC,286.0,Constitutionalist Liberal Party,PLC,0.414
2014.0,NIC,395.0,Sandinista Renovation Movement,MRS,0.54
2014.0,NIC,769.0,Sandinista National Liberation Front,FSLN,0.6829999999999999
2014.0,NIC,1640.0,Nicaraguan Liberal Alliance,ALN,0.3718
2014.0,NIC,3656.0,Independent Liberal Party,PLI,0.411
2014.0,NIC,7145.0,National Opposition Union,UNO,0.554
2014.0,NIC,93575.0,alliance: Liberal Alliance,Liberal Alli...,0.262
2015.0,NIC,286.0,Constitutionalist Liberal Party,PLC,0.415
2015.0,NIC,395.0,Sandinista Renovation Movement,MRS,0.54
2015.0,NIC,769.0,Sandinista National Liberation Front,FSLN,0.6859999999999999
2015.0,NIC,1640.0,Nicaraguan Liberal Alliance,ALN,0.3859
2015.0,NIC,3656.0,Independent Liberal Party,PLI,0.411
2015.0,NIC,7145.0,National Opposition Union,UNO,0.554
2015.0,NIC,93575.0,alliance: Liberal Alliance,Liberal Alli...,0.262
2016.0,NIC,286.0,Constitutionalist Liberal Party,PLC,0.416
2016.0,NIC,395.0,Sandinista Renovation Movement,MRS,0.54
2016.0,NIC,769.0,Sandinista National Liberation Front,FSLN,0.689
2016.0,NIC,1640.0,Nicaraguan Liberal Alliance,ALN,0.4
2016.0,NIC,3656.0,Independent Liberal Party,PLI,0.411
2016.0,NIC,7145.0,National Opposition Union,UNO,0.554
2016.0,NIC,93575.0,alliance: Liberal Alliance,Liberal Alli...,0.262
2017.0,NIC,286.0,Constitutionalist Liberal Party,PLC,0.416
2017.0,NIC,395.0,Sandinista Renovation Movement,MRS,0.54
2017.0,NIC,769.0,Sandinista National Liberation Front,FSLN,0.689
2017.0,NIC,1640.0,Nicaraguan Liberal Alliance,ALN,0.4
2017.0,NIC,3656.0,Independent Liberal Party,PLI,0.411
2017.0,NIC,7145.0,National Opposition Union,UNO,0.554
2017.0,NIC,93575.0,alliance: Liberal Alliance,Liberal Alli...,0.262
2018.0,NIC,286.0,Constitutionalist Liberal Party,PLC,0.416
2018.0,NIC,395.0,Sandinista Renovation Movement,MRS,0.54
2018.0,NIC,769.0,Sandinista National Liberation Front,FSLN,0.689
2018.0,NIC,1640.0,Nicaraguan Liberal Alliance,ALN,0.4
2018.0,NIC,3656.0,Independent Liberal Party,PLI,0.411
2018.0,NIC,7145.0,National Opposition Union,UNO,0.554
2018.0,NIC,93575.0,alliance: Liberal Alliance,Liberal Alli...,0.262
2019.0,NIC,286.0,Constitutionalist Liberal Party,PLC,0.416
2019.0,NIC,395.0,Sandinista Renovation Movement,MRS,0.54
2019.0,NIC,769.0,Sandinista National Liberation Front,FSLN,0.689
2019.0,NIC,1640.0,Nicaraguan Liberal Alliance,ALN,0.4
2019.0,NIC,3656.0,Independent Liberal Party,PLI,0.411
2019.0,NIC,7145.0,National Opposition Union,UNO,0.554
2019.0,NIC,93575.0,alliance: Liberal Alliance,Liberal Alli...,0.262
1994.0,PAN,202.0,Panamenista Party / Authentic Panameñista Party,PPA,0.19
1994.0,PAN,949.0,Solidarity Party,PS,0.285
1994.0,PAN,987.0,People's Party ? Christian Democratic Party of Panama,PP-PDC,0.429
1994.0,PAN,1351.0,Democratic Revolutionary Party,PRD,0.452
1994.0,PAN,1555.0,Nationalist Republican Liberal Movement,MOLIRENA,0.098
1994.0,PAN,5703.0,Papa Egoro Movement,MPE,0.862
1995.0,PAN,202.0,Panamenista Party / Authentic Panameñista Party,PPA,0.2158
1995.0,PAN,949.0,Solidarity Party,PS,0.2918
1995.0,PAN,987.0,People's Party ? Christian Democratic Party of Panama,PP-PDC,0.408
1995.0,PAN,1351.0,Democratic Revolutionary Party,PRD,0.431
1995.0,PAN,1555.0,Nationalist Republican Liberal Movement,MOLIRENA,0.1106
1995.0,PAN,5703.0,Papa Egoro Movement,MPE,0.862
1996.0,PAN,202.0,Panamenista Party / Authentic Panameñista Party,PPA,0.2416
1996.0,PAN,949.0,Solidarity Party,PS,0.2986
1996.0,PAN,987.0,People's Party ? Christian Democratic Party of Panama,PP-PDC,0.387
1996.0,PAN,1351.0,Democratic Revolutionary Party,PRD,0.41
1996.0,PAN,1555.0,Nationalist Republican Liberal Movement,MOLIRENA,0.1232
1996.0,PAN,5703.0,Papa Egoro Movement,MPE,0.862
1997.0,PAN,202.0,Panamenista Party / Authentic Panameñista Party,PPA,0.26739999999999997
1997.0,PAN,949.0,Solidarity Party,PS,0.3054
1997.0,PAN,987.0,People's Party ? Christian Democratic Party of Panama,PP-PDC,0.366
1997.0,PAN,1351.0,Democratic Revolutionary Party,PRD,0.389
1997.0,PAN,1555.0,Nationalist Republican Liberal Movement,MOLIRENA,0.1358
1997.0,PAN,5703.0,Papa Egoro Movement,MPE,0.862
1998.0,PAN,202.0,Panamenista Party / Authentic Panameñista Party,PPA,0.2932
1998.0,PAN,949.0,Solidarity Party,PS,0.3122
1998.0,PAN,987.0,People's Party ? Christian Democratic Party of Panama,PP-PDC,0.345
1998.0,PAN,1351.0,Democratic Revolutionary Party,PRD,0.368
1998.0,PAN,1555.0,Nationalist Republican Liberal Movement,MOLIRENA,0.1484
1998.0,PAN,5703.0,Papa Egoro Movement,MPE,0.862
1999.0,PAN,59.0,Democratic Change,CD,0.563
1999.0,PAN,202.0,Panamenista Party / Authentic Panameñista Party,PPA,0.319
1999.0,PAN,380.0,National Liberal Party,PLN,0.123
1999.0,PAN,949.0,Solidarity Party,PS,0.319
1999.0,PAN,987.0,People's Party ? Christian Democratic Party of Panama,PP-PDC,0.324
1999.0,PAN,1351.0,Democratic Revolutionary Party,PRD,0.347
1999.0,PAN,1555.0,Nationalist Republican Liberal Movement,MOLIRENA,0.161
1999.0,PAN,5703.0,Papa Egoro Movement,MPE,0.862
2000.0,PAN,59.0,Democratic Change,CD,0.5701999999999999
2000.0,PAN,202.0,Panamenista Party / Authentic Panameñista Party,PPA,0.3358
2000.0,PAN,380.0,National Liberal Party,PLN,0.1214
2000.0,PAN,949.0,Solidarity Party,PS,0.3142
2000.0,PAN,987.0,People's Party ? Christian Democratic Party of Panama,PP-PDC,0.3174
2000.0,PAN,1351.0,Democratic Revolutionary Party,PRD,0.3702
2000.0,PAN,1555.0,Nationalist Republican Liberal Movement,MOLIRENA,0.156
2000.0,PAN,5703.0,Papa Egoro Movement,MPE,0.862
2001.0,PAN,59.0,Democratic Change,CD,0.5773999999999999
2001.0,PAN,202.0,Panamenista Party / Authentic Panameñista Party,PPA,0.3526
2001.0,PAN,380.0,National Liberal Party,PLN,0.1198
2001.0,PAN,949.0,Solidarity Party,PS,0.3094
2001.0,PAN,987.0,People's Party ? Christian Democratic Party of Panama,PP-PDC,0.3108
2001.0,PAN,1351.0,Democratic Revolutionary Party,PRD,0.39339999999999997
2001.0,PAN,1555.0,Nationalist Republican Liberal Movement,MOLIRENA,0.151
2001.0,PAN,5703.0,Papa Egoro Movement,MPE,0.862
2002.0,PAN,59.0,Democratic Change,CD,0.5846
2002.0,PAN,202.0,Panamenista Party / Authentic Panameñista Party,PPA,0.3694
2002.0,PAN,380.0,National Liberal Party,PLN,0.1182
2002.0,PAN,949.0,Solidarity Party,PS,0.3046
2002.0,PAN,987.0,People's Party ? Christian Democratic Party of Panama,PP-PDC,0.30419999999999997
2002.0,PAN,1351.0,Democratic Revolutionary Party,PRD,0.41659999999999997
2002.0,PAN,1555.0,Nationalist Republican Liberal Movement,MOLIRENA,0.14600000000000002
2002.0,PAN,5703.0,Papa Egoro Movement,MPE,0.862
2003.0,PAN,59.0,Democratic Change,CD,0.5918
2003.0,PAN,202.0,Panamenista Party / Authentic Panameñista Party,PPA,0.3862
2003.0,PAN,380.0,National Liberal Party,PLN,0.11660000000000001
2003.0,PAN,949.0,Solidarity Party,PS,0.2998
2003.0,PAN,987.0,People's Party ? Christian Democratic Party of Panama,PP-PDC,0.2976
2003.0,PAN,1351.0,Democratic Revolutionary Party,PRD,0.4398
2003.0,PAN,1555.0,Nationalist Republican Liberal Movement,MOLIRENA,0.14100000000000001
2003.0,PAN,5703.0,Papa Egoro Movement,MPE,0.862
2004.0,PAN,59.0,Democratic Change,CD,0.599
2004.0,PAN,202.0,Panamenista Party / Authentic Panameñista Party,PPA,0.403
2004.0,PAN,380.0,National Liberal Party,PLN,0.115
2004.0,PAN,949.0,Solidarity Party,PS,0.295
2004.0,PAN,987.0,People's Party ? Christian Democratic Party of Panama,PP-PDC,0.291
2004.0,PAN,1351.0,Democratic Revolutionary Party,PRD,0.463
2004.0,PAN,1555.0,Nationalist Republican Liberal Movement,MOLIRENA,0.136
2004.0,PAN,5703.0,Papa Egoro Movement,MPE,0.862
2005.0,PAN,59.0,Democratic Change,CD,0.6482
2005.0,PAN,202.0,Panamenista Party / Authentic Panameñista Party,PPA,0.4308
2005.0,PAN,380.0,National Liberal Party,PLN,0.115
2005.0,PAN,949.0,Solidarity Party,PS,0.295
2005.0,PAN,987.0,People's Party ? Christian Democratic Party of Panama,PP-PDC,0.291
2005.0,PAN,1351.0,Democratic Revolutionary Party,PRD,0.4788
2005.0,PAN,1555.0,Nationalist Republican Liberal Movement,MOLIRENA,0.13290000000000002
2005.0,PAN,5703.0,Papa Egoro Movement,MPE,0.862
2006.0,PAN,59.0,Democratic Change,CD,0.6974
2006.0,PAN,202.0,Panamenista Party / Authentic Panameñista Party,PPA,0.4586
2006.0,PAN,380.0,National Liberal Party,PLN,0.115
2006.0,PAN,949.0,Solidarity Party,PS,0.295
2006.0,PAN,987.0,People's Party ? Christian Democratic Party of Panama,PP-PDC,0.291
2006.0,PAN,1351.0,Democratic Revolutionary Party,PRD,0.49460000000000004
2006.0,PAN,1555.0,Nationalist Republican Liberal Movement,MOLIRENA,0.1298
2006.0,PAN,5703.0,Papa Egoro Movement,MPE,0.862
2007.0,PAN,59.0,Democratic Change,CD,0.7465999999999999
2007.0,PAN,202.0,Panamenista Party / Authentic Panameñista Party,PPA,0.48640000000000005
2007.0,PAN,380.0,National Liberal Party,PLN,0.115
2007.0,PAN,949.0,Solidarity Party,PS,0.295
2007.0,PAN,987.0,People's Party ? Christian Democratic Party of Panama,PP-PDC,0.291
2007.0,PAN,1351.0,Democratic Revolutionary Party,PRD,0.5104000000000001
2007.0,PAN,1555.0,Nationalist Republican Liberal Movement,MOLIRENA,0.1267
2007.0,PAN,5703.0,Papa Egoro Movement,MPE,0.862
2008.0,PAN,59.0,Democratic Change,CD,0.7958
2008.0,PAN,202.0,Panamenista Party / Authentic Panameñista Party,PPA,0.5142
2008.0,PAN,380.0,National Liberal Party,PLN,0.115
2008.0,PAN,949.0,Solidarity Party,PS,0.295
2008.0,PAN,987.0,People's Party ? Christian Democratic Party of Panama,PP-PDC,0.291
2008.0,PAN,1351.0,Democratic Revolutionary Party,PRD,0.5262
2008.0,PAN,1555.0,Nationalist Republican Liberal Movement,MOLIRENA,0.1236
2008.0,PAN,5703.0,Papa Egoro Movement,MPE,0.862
2009.0,PAN,59.0,Democratic Change,CD,0.845
2009.0,PAN,202.0,Panamenista Party / Authentic Panameñista Party,PPA,0.542
2009.0,PAN,380.0,National Liberal Party,PLN,0.115
2009.0,PAN,949.0,Solidarity Party,PS,0.295
2009.0,PAN,987.0,People's Party ? Christian Democratic Party of Panama,PP-PDC,0.291
2009.0,PAN,1351.0,Democratic Revolutionary Party,PRD,0.542
2009.0,PAN,1555.0,Nationalist Republican Liberal Movement,MOLIRENA,0.1205
2009.0,PAN,5703.0,Papa Egoro Movement,MPE,0.862
2009.0,PAN,7156.0,Patriotic Union,UP,0.222
2010.0,PAN,59.0,Democratic Change,CD,0.8026
2010.0,PAN,202.0,Panamenista Party / Authentic Panameñista Party,PPA,0.542
2010.0,PAN,380.0,National Liberal Party,PLN,0.115
2010.0,PAN,949.0,Solidarity Party,PS,0.295
2010.0,PAN,987.0,People's Party ? Christian Democratic Party of Panama,PP-PDC,0.291
2010.0,PAN,1351.0,Democratic Revolutionary Party,PRD,0.5256000000000001
2010.0,PAN,1555.0,Nationalist Republican Liberal Movement,MOLIRENA,0.1174
2010.0,PAN,5703.0,Papa Egoro Movement,MPE,0.862
2010.0,PAN,7156.0,Patriotic Union,UP,0.222
2011.0,PAN,59.0,Democratic Change,CD,0.7602
2011.0,PAN,202.0,Panamenista Party / Authentic Panameñista Party,PPA,0.542
2011.0,PAN,380.0,National Liberal Party,PLN,0.115
2011.0,PAN,949.0,Solidarity Party,PS,0.295
2011.0,PAN,987.0,People's Party ? Christian Democratic Party of Panama,PP-PDC,0.291
2011.0,PAN,1351.0,Democratic Revolutionary Party,PRD,0.5092
2011.0,PAN,1555.0,Nationalist Republican Liberal Movement,MOLIRENA,0.1143
2011.0,PAN,5703.0,Papa Egoro Movement,MPE,0.862
2011.0,PAN,7156.0,Patriotic Union,UP,0.222
2012.0,PAN,59.0,Democratic Change,CD,0.7178
2012.0,PAN,202.0,Panamenista Party / Authentic Panameñista Party,PPA,0.542
2012.0,PAN,380.0,National Liberal Party,PLN,0.115
2012.0,PAN,949.0,Solidarity Party,PS,0.295
2012.0,PAN,987.0,People's Party ? Christian Democratic Party of Panama,PP-PDC,0.291
2012.0,PAN,1351.0,Democratic Revolutionary Party,PRD,0.4928
2012.0,PAN,1555.0,Nationalist Republican Liberal Movement,MOLIRENA,0.1112
2012.0,PAN,5703.0,Papa Egoro Movement,MPE,0.862
2012.0,PAN,7156.0,Patriotic Union,UP,0.222
2013.0,PAN,59.0,Democratic Change,CD,0.6754
2013.0,PAN,202.0,Panamenista Party / Authentic Panameñista Party,PPA,0.542
2013.0,PAN,380.0,National Liberal Party,PLN,0.115
2013.0,PAN,949.0,Solidarity Party,PS,0.295
2013.0,PAN,987.0,People's Party ? Christian Democratic Party of Panama,PP-PDC,0.291
2013.0,PAN,1351.0,Democratic Revolutionary Party,PRD,0.47640000000000005
2013.0,PAN,1555.0,Nationalist Republican Liberal Movement,MOLIRENA,0.1081
2013.0,PAN,5703.0,Papa Egoro Movement,MPE,0.862
2013.0,PAN,7156.0,Patriotic Union,UP,0.222
2014.0,PAN,59.0,Democratic Change,CD,0.633
2014.0,PAN,202.0,Panamenista Party / Authentic Panameñista Party,PPA,0.542
2014.0,PAN,380.0,National Liberal Party,PLN,0.115
2014.0,PAN,949.0,Solidarity Party,PS,0.295
2014.0,PAN,987.0,People's Party ? Christian Democratic Party of Panama,PP-PDC,0.291
2014.0,PAN,1351.0,Democratic Revolutionary Party,PRD,0.46
2014.0,PAN,1555.0,Nationalist Republican Liberal Movement,MOLIRENA,0.105
2014.0,PAN,5703.0,Papa Egoro Movement,MPE,0.862
2014.0,PAN,7156.0,Patriotic Union,UP,0.222
2015.0,PAN,59.0,Democratic Change,CD,0.561
2015.0,PAN,202.0,Panamenista Party / Authentic Panameñista Party,PPA,0.4878
2015.0,PAN,380.0,National Liberal Party,PLN,0.115
2015.0,PAN,949.0,Solidarity Party,PS,0.295
2015.0,PAN,987.0,People's Party ? Christian Democratic Party of Panama,PP-PDC,0.291
2015.0,PAN,1351.0,Democratic Revolutionary Party,PRD,0.4554
2015.0,PAN,1555.0,Nationalist Republican Liberal Movement,MOLIRENA,0.10439999999999999
2015.0,PAN,5703.0,Papa Egoro Movement,MPE,0.862
2015.0,PAN,7156.0,Patriotic Union,UP,0.222
2016.0,PAN,59.0,Democratic Change,CD,0.489
2016.0,PAN,202.0,Panamenista Party / Authentic Panameñista Party,PPA,0.43360000000000004
2016.0,PAN,380.0,National Liberal Party,PLN,0.115
2016.0,PAN,949.0,Solidarity Party,PS,0.295
2016.0,PAN,987.0,People's Party ? Christian Democratic Party of Panama,PP-PDC,0.291
2016.0,PAN,1351.0,Democratic Revolutionary Party,PRD,0.45080000000000003
2016.0,PAN,1555.0,Nationalist Republican Liberal Movement,MOLIRENA,0.10379999999999999
2016.0,PAN,5703.0,Papa Egoro Movement,MPE,0.862
2016.0,PAN,7156.0,Patriotic Union,UP,0.222
2017.0,PAN,59.0,Democratic Change,CD,0.41700000000000004
2017.0,PAN,202.0,Panamenista Party / Authentic Panameñista Party,PPA,0.3794
2017.0,PAN,380.0,National Liberal Party,PLN,0.115
2017.0,PAN,949.0,Solidarity Party,PS,0.295
2017.0,PAN,987.0,People's Party ? Christian Democratic Party of Panama,PP-PDC,0.291
2017.0,PAN,1351.0,Democratic Revolutionary Party,PRD,0.4462
2017.0,PAN,1555.0,Nationalist Republican Liberal Movement,MOLIRENA,0.1032
2017.0,PAN,5703.0,Papa Egoro Movement,MPE,0.862
2017.0,PAN,7156.0,Patriotic Union,UP,0.222
2018.0,PAN,59.0,Democratic Change,CD,0.34500000000000003
2018.0,PAN,202.0,Panamenista Party / Authentic Panameñista Party,PPA,0.32520000000000004
2018.0,PAN,380.0,National Liberal Party,PLN,0.115
2018.0,PAN,949.0,Solidarity Party,PS,0.295
2018.0,PAN,987.0,People's Party ? Christian Democratic Party of Panama,PP-PDC,0.291
2018.0,PAN,1351.0,Democratic Revolutionary Party,PRD,0.4416
2018.0,PAN,1555.0,Nationalist Republican Liberal Movement,MOLIRENA,0.1026
2018.0,PAN,5703.0,Papa Egoro Movement,MPE,0.862
2018.0,PAN,7156.0,Patriotic Union,UP,0.222
2019.0,PAN,59.0,Democratic Change,CD,0.273
2019.0,PAN,202.0,Panamenista Party / Authentic Panameñista Party,PPA,0.271
2019.0,PAN,380.0,National Liberal Party,PLN,0.115
2019.0,PAN,949.0,Solidarity Party,PS,0.295
2019.0,PAN,987.0,People's Party ? Christian Democratic Party of Panama,PP-PDC,0.291
2019.0,PAN,1351.0,Democratic Revolutionary Party,PRD,0.437
2019.0,PAN,1555.0,Nationalist Republican Liberal Movement,MOLIRENA,0.102
2019.0,PAN,5703.0,Papa Egoro Movement,MPE,0.862
2019.0,PAN,7156.0,Patriotic Union,UP,0.222
1990.0,PER,529.0,American Popular Revolutionary Alliance / Peruvian Aprista Party,APRA/PAP,0.343
1990.0,PER,4215.0,Independent Moralizing Front,FIM,0.321
1990.0,PER,4219.0,Change 90,NM,0.751
1990.0,PER,4860.0,United Left,IU,0.843
1990.0,PER,8066.0,Socialist Left,IS,0.809
1990.0,PER,93578.0,alliance: Democratic Front,Democratic F...,0.115
1991.0,PER,529.0,American Popular Revolutionary Alliance / Peruvian Aprista Party,APRA/PAP,0.3682
1991.0,PER,4215.0,Independent Moralizing Front,FIM,0.322
1991.0,PER,4219.0,Change 90,NM,0.7505
1991.0,PER,4860.0,United Left,IU,0.843
1991.0,PER,8066.0,Socialist Left,IS,0.809
1991.0,PER,93578.0,alliance: Democratic Front,Democratic F...,0.115
1992.0,PER,529.0,American Popular Revolutionary Alliance / Peruvian Aprista Party,APRA/PAP,0.3934
1992.0,PER,1780.0,Christian People's Party,PPC,0.091
1992.0,PER,4215.0,Independent Moralizing Front,FIM,0.323
1992.0,PER,4219.0,Change 90,NM,0.75
1992.0,PER,4860.0,United Left,IU,0.843
1992.0,PER,4879.0,National Renewal,NR,0.256
1992.0,PER,8066.0,Socialist Left,IS,0.809
1992.0,PER,93578.0,alliance: Democratic Front,Democratic F...,0.115
1993.0,PER,529.0,American Popular Revolutionary Alliance / Peruvian Aprista Party,APRA/PAP,0.41859999999999997
1993.0,PER,1780.0,Christian People's Party,PPC,0.091
1993.0,PER,4215.0,Independent Moralizing Front,FIM,0.3466666666666667
1993.0,PER,4219.0,Change 90,NM,0.749
1993.0,PER,4860.0,United Left,IU,0.843
1993.0,PER,4879.0,National Renewal,NR,0.256
1993.0,PER,8066.0,Socialist Left,IS,0.809
1993.0,PER,93578.0,alliance: Democratic Front,Democratic F...,0.115
1994.0,PER,529.0,American Popular Revolutionary Alliance / Peruvian Aprista Party,APRA/PAP,0.4438
1994.0,PER,1780.0,Christian People's Party,PPC,0.091
1994.0,PER,4215.0,Independent Moralizing Front,FIM,0.37033333333333335
1994.0,PER,4219.0,Change 90,NM,0.748
1994.0,PER,4860.0,United Left,IU,0.843
1994.0,PER,4879.0,National Renewal,NR,0.256
1994.0,PER,8066.0,Socialist Left,IS,0.809
1994.0,PER,93578.0,alliance: Democratic Front,Democratic F...,0.115
1995.0,PER,529.0,American Popular Revolutionary Alliance / Peruvian Aprista Party,APRA/PAP,0.469
1995.0,PER,575.0,Union for Peru,UPP,0.401
1995.0,PER,1780.0,Christian People's Party,PPC,0.091
1995.0,PER,4215.0,Independent Moralizing Front,FIM,0.394
1995.0,PER,4219.0,Change 90,NM,0.747
1995.0,PER,4860.0,United Left,IU,0.843
1995.0,PER,4879.0,National Renewal,NR,0.256
1995.0,PER,8066.0,Socialist Left,IS,0.809
1995.0,PER,93578.0,alliance: Democratic Front,Democratic F...,0.115
1996.0,PER,529.0,American Popular Revolutionary Alliance / Peruvian Aprista Party,APRA/PAP,0.4688
1996.0,PER,575.0,Union for Peru,UPP,0.4358181818181818
1996.0,PER,1780.0,Christian People's Party,PPC,0.091
1996.0,PER,4215.0,Independent Moralizing Front,FIM,0.394
1996.0,PER,4219.0,Change 90,NM,0.7045
1996.0,PER,4860.0,United Left,IU,0.843
1996.0,PER,4879.0,National Renewal,NR,0.256
1996.0,PER,8066.0,Socialist Left,IS,0.809
1996.0,PER,93578.0,alliance: Democratic Front,Democratic F...,0.115
1997.0,PER,529.0,American Popular Revolutionary Alliance / Peruvian Aprista Party,APRA/PAP,0.4686
1997.0,PER,575.0,Union for Peru,UPP,0.47063636363636363
1997.0,PER,1780.0,Christian People's Party,PPC,0.091
1997.0,PER,4215.0,Independent Moralizing Front,FIM,0.394
1997.0,PER,4219.0,Change 90,NM,0.662
1997.0,PER,4860.0,United Left,IU,0.843
1997.0,PER,4879.0,National Renewal,NR,0.256
1997.0,PER,8066.0,Socialist Left,IS,0.809
1997.0,PER,93578.0,alliance: Democratic Front,Democratic F...,0.115
1998.0,PER,529.0,American Popular Revolutionary Alliance / Peruvian Aprista Party,APRA/PAP,0.4684
1998.0,PER,575.0,Union for Peru,UPP,0.5054545454545455
1998.0,PER,1780.0,Christian People's Party,PPC,0.091
1998.0,PER,4215.0,Independent Moralizing Front,FIM,0.394
1998.0,PER,4219.0,Change 90,NM,0.6194999999999999
1998.0,PER,4860.0,United Left,IU,0.843
1998.0,PER,4879.0,National Renewal,NR,0.256
1998.0,PER,8066.0,Socialist Left,IS,0.809
1998.0,PER,93578.0,alliance: Democratic Front,Democratic F...,0.115
1999.0,PER,529.0,American Popular Revolutionary Alliance / Peruvian Aprista Party,APRA/PAP,0.4682
1999.0,PER,575.0,Union for Peru,UPP,0.5402727272727272
1999.0,PER,1780.0,Christian People's Party,PPC,0.091
1999.0,PER,4215.0,Independent Moralizing Front,FIM,0.394
1999.0,PER,4219.0,Change 90,NM,0.577
1999.0,PER,4860.0,United Left,IU,0.843
1999.0,PER,4879.0,National Renewal,NR,0.256
1999.0,PER,8066.0,Socialist Left,IS,0.809
1999.0,PER,93578.0,alliance: Democratic Front,Democratic F...,0.115
2000.0,PER,290.0,National Solidarity Party,SN,0.418
2000.0,PER,529.0,American Popular Revolutionary Alliance / Peruvian Aprista Party,APRA/PAP,0.468
2000.0,PER,575.0,Union for Peru,UPP,0.5750909090909091
2000.0,PER,1780.0,Christian People's Party,PPC,0.091
2000.0,PER,4215.0,Independent Moralizing Front,FIM,0.394
2000.0,PER,4219.0,Change 90,NM,0.5345
2000.0,PER,4223.0,We are Peru,SP,0.367
2000.0,PER,4860.0,United Left,IU,0.843
2000.0,PER,4861.0,Peru Posible,PP,0.642
2000.0,PER,4879.0,National Renewal,NR,0.256
2000.0,PER,5130.0,Peru 2000,P,0.431
2000.0,PER,8066.0,Socialist Left,IS,0.809
2000.0,PER,93578.0,alliance: Democratic Front,Democratic F...,0.115
2001.0,PER,290.0,National Solidarity Party,SN,0.4107272727272727
2001.0,PER,529.0,American Popular Revolutionary Alliance / Peruvian Aprista Party,APRA/PAP,0.405
2001.0,PER,575.0,Union for Peru,UPP,0.609909090909091
2001.0,PER,1780.0,Christian People's Party,PPC,0.091
2001.0,PER,2554.0,National Unity,UN,0.204
2001.0,PER,4215.0,Independent Moralizing Front,FIM,0.294
2001.0,PER,4219.0,Change 90,NM,0.492
2001.0,PER,4223.0,We are Peru,SP,0.378
2001.0,PER,4860.0,United Left,IU,0.843
2001.0,PER,4861.0,Peru Posible,PP,0.578
2001.0,PER,4879.0,National Renewal,NR,0.256
2001.0,PER,5130.0,Peru 2000,P,0.431
2001.0,PER,8066.0,Socialist Left,IS,0.809
2001.0,PER,93578.0,alliance: Democratic Front,Democratic F...,0.115
2002.0,PER,290.0,National Solidarity Party,SN,0.40345454545454545
2002.0,PER,529.0,American Popular Revolutionary Alliance / Peruvian Aprista Party,APRA/PAP,0.3924
2002.0,PER,575.0,Union for Peru,UPP,0.6447272727272728
2002.0,PER,1780.0,Christian People's Party,PPC,0.091
2002.0,PER,2554.0,National Unity,UN,0.2036
2002.0,PER,4215.0,Independent Moralizing Front,FIM,0.294
2002.0,PER,4219.0,Change 90,NM,0.496
2002.0,PER,4223.0,We are Peru,SP,0.378
2002.0,PER,4860.0,United Left,IU,0.843
2002.0,PER,4861.0,Peru Posible,PP,0.578
2002.0,PER,4879.0,National Renewal,NR,0.256
2002.0,PER,5130.0,Peru 2000,P,0.431
2002.0,PER,8066.0,Socialist Left,IS,0.809
2002.0,PER,93578.0,alliance: Democratic Front,Democratic F...,0.115
2003.0,PER,290.0,National Solidarity Party,SN,0.3961818181818182
2003.0,PER,529.0,American Popular Revolutionary Alliance / Peruvian Aprista Party,APRA/PAP,0.3798
2003.0,PER,575.0,Union for Peru,UPP,0.6795454545454546
2003.0,PER,1780.0,Christian People's Party,PPC,0.091
2003.0,PER,2554.0,National Unity,UN,0.2032
2003.0,PER,4215.0,Independent Moralizing Front,FIM,0.294
2003.0,PER,4219.0,Change 90,NM,0.5
2003.0,PER,4223.0,We are Peru,SP,0.378
2003.0,PER,4860.0,United Left,IU,0.843
2003.0,PER,4861.0,Peru Posible,PP,0.578
2003.0,PER,4879.0,National Renewal,NR,0.256
2003.0,PER,5130.0,Peru 2000,P,0.431
2003.0,PER,8066.0,Socialist Left,IS,0.809
2003.0,PER,93578.0,alliance: Democratic Front,Democratic F...,0.115
2004.0,PER,290.0,National Solidarity Party,SN,0.3889090909090909
2004.0,PER,529.0,American Popular Revolutionary Alliance / Peruvian Aprista Party,APRA/PAP,0.3672
2004.0,PER,575.0,Union for Peru,UPP,0.7143636363636363
2004.0,PER,1780.0,Christian People's Party,PPC,0.091
2004.0,PER,2554.0,National Unity,UN,0.2028
2004.0,PER,4215.0,Independent Moralizing Front,FIM,0.294
2004.0,PER,4219.0,Change 90,NM,0.504
2004.0,PER,4223.0,We are Peru,SP,0.378
2004.0,PER,4860.0,United Left,IU,0.843
2004.0,PER,4861.0,Peru Posible,PP,0.578
2004.0,PER,4879.0,National Renewal,NR,0.256
2004.0,PER,5130.0,Peru 2000,P,0.431
2004.0,PER,8066.0,Socialist Left,IS,0.809
2004.0,PER,93578.0,alliance: Democratic Front,Democratic F...,0.115
2005.0,PER,290.0,National Solidarity Party,SN,0.38163636363636366
2005.0,PER,529.0,American Popular Revolutionary Alliance / Peruvian Aprista Party,APRA/PAP,0.3546
2005.0,PER,575.0,Union for Peru,UPP,0.7491818181818182
2005.0,PER,1780.0,Christian People's Party,PPC,0.091
2005.0,PER,2554.0,National Unity,UN,0.2024
2005.0,PER,4215.0,Independent Moralizing Front,FIM,0.294
2005.0,PER,4219.0,Change 90,NM,0.508
2005.0,PER,4223.0,We are Peru,SP,0.378
2005.0,PER,4860.0,United Left,IU,0.843
2005.0,PER,4861.0,Peru Posible,PP,0.578
2005.0,PER,4879.0,National Renewal,NR,0.256
2005.0,PER,5130.0,Peru 2000,P,0.431
2005.0,PER,8066.0,Socialist Left,IS,0.809
2005.0,PER,93578.0,alliance: Democratic Front,Democratic F...,0.115
2006.0,PER,290.0,National Solidarity Party,SN,0.37436363636363634
2006.0,PER,499.0,Alliance for the Future,AF,0.572
2006.0,PER,529.0,American Popular Revolutionary Alliance / Peruvian Aprista Party,APRA/PAP,0.342
2006.0,PER,575.0,Union for Peru,UPP,0.784
2006.0,PER,788.0,Center Front,FDC,0.224
2006.0,PER,1780.0,Christian People's Party,PPC,0.091
2006.0,PER,2554.0,National Unity,UN,0.202
2006.0,PER,4215.0,Independent Moralizing Front,FIM,0.294
2006.0,PER,4219.0,Change 90,NM,0.512
2006.0,PER,4223.0,We are Peru,SP,0.378
2006.0,PER,4860.0,United Left,IU,0.843
2006.0,PER,4861.0,Peru Posible,PP,0.578
2006.0,PER,4879.0,National Renewal,NR,0.256
2006.0,PER,5130.0,Peru 2000,P,0.431
2006.0,PER,8066.0,Socialist Left,IS,0.809
2006.0,PER,93578.0,alliance: Democratic Front,Democratic F...,0.115
2007.0,PER,290.0,National Solidarity Party,SN,0.3670909090909091
2007.0,PER,499.0,Alliance for the Future,AF,0.572
2007.0,PER,529.0,American Popular Revolutionary Alliance / Peruvian Aprista Party,APRA/PAP,0.342
2007.0,PER,575.0,Union for Peru,UPP,0.7522
2007.0,PER,788.0,Center Front,FDC,0.224
2007.0,PER,1780.0,Christian People's Party,PPC,0.091
2007.0,PER,2554.0,National Unity,UN,0.202
2007.0,PER,4215.0,Independent Moralizing Front,FIM,0.294
2007.0,PER,4219.0,Change 90,NM,0.516
2007.0,PER,4223.0,We are Peru,SP,0.378
2007.0,PER,4860.0,United Left,IU,0.843
2007.0,PER,4861.0,Peru Posible,PP,0.578
2007.0,PER,4879.0,National Renewal,NR,0.256
2007.0,PER,5130.0,Peru 2000,P,0.431
2007.0,PER,8066.0,Socialist Left,IS,0.809
2007.0,PER,93578.0,alliance: Democratic Front,Democratic F...,0.115
2008.0,PER,290.0,National Solidarity Party,SN,0.3598181818181818
2008.0,PER,499.0,Alliance for the Future,AF,0.572
2008.0,PER,529.0,American Popular Revolutionary Alliance / Peruvian Aprista Party,APRA/PAP,0.342
2008.0,PER,575.0,Union for Peru,UPP,0.7204
2008.0,PER,788.0,Center Front,FDC,0.224
2008.0,PER,1780.0,Christian People's Party,PPC,0.091
2008.0,PER,2554.0,National Unity,UN,0.202
2008.0,PER,4215.0,Independent Moralizing Front,FIM,0.294
2008.0,PER,4219.0,Change 90,NM,0.52
2008.0,PER,4223.0,We are Peru,SP,0.378
2008.0,PER,4860.0,United Left,IU,0.843
2008.0,PER,4861.0,Peru Posible,PP,0.578
2008.0,PER,4879.0,National Renewal,NR,0.256
2008.0,PER,5130.0,Peru 2000,P,0.431
2008.0,PER,8066.0,Socialist Left,IS,0.809
2008.0,PER,93578.0,alliance: Democratic Front,Democratic F...,0.115
2009.0,PER,290.0,National Solidarity Party,SN,0.35254545454545455
2009.0,PER,499.0,Alliance for the Future,AF,0.572
2009.0,PER,529.0,American Popular Revolutionary Alliance / Peruvian Aprista Party,APRA/PAP,0.342
2009.0,PER,575.0,Union for Peru,UPP,0.6886
2009.0,PER,788.0,Center Front,FDC,0.224
2009.0,PER,1780.0,Christian People's Party,PPC,0.091
2009.0,PER,2554.0,National Unity,UN,0.202
2009.0,PER,4215.0,Independent Moralizing Front,FIM,0.294
2009.0,PER,4219.0,Change 90,NM,0.524
2009.0,PER,4223.0,We are Peru,SP,0.378
2009.0,PER,4860.0,United Left,IU,0.843
2009.0,PER,4861.0,Peru Posible,PP,0.578
2009.0,PER,4879.0,National Renewal,NR,0.256
2009.0,PER,5130.0,Peru 2000,P,0.431
2009.0,PER,8066.0,Socialist Left,IS,0.809
2009.0,PER,93578.0,alliance: Democratic Front,Democratic F...,0.115
2010.0,PER,290.0,National Solidarity Party,SN,0.3452727272727273
2010.0,PER,499.0,Alliance for the Future,AF,0.572
2010.0,PER,529.0,American Popular Revolutionary Alliance / Peruvian Aprista Party,APRA/PAP,0.342
2010.0,PER,575.0,Union for Peru,UPP,0.6568
2010.0,PER,788.0,Center Front,FDC,0.224
2010.0,PER,1780.0,Christian People's Party,PPC,0.091
2010.0,PER,2554.0,National Unity,UN,0.202
2010.0,PER,4215.0,Independent Moralizing Front,FIM,0.294
2010.0,PER,4219.0,Change 90,NM,0.528
2010.0,PER,4223.0,We are Peru,SP,0.378
2010.0,PER,4860.0,United Left,IU,0.843
2010.0,PER,4861.0,Peru Posible,PP,0.578
2010.0,PER,4879.0,National Renewal,NR,0.256
2010.0,PER,5130.0,Peru 2000,P,0.431
2010.0,PER,8066.0,Socialist Left,IS,0.809
2010.0,PER,93578.0,alliance: Democratic Front,Democratic F...,0.115
2011.0,PER,290.0,National Solidarity Party,SN,0.338
2011.0,PER,345.0,Peruvian Nationalist Party,PNP,0.804
2011.0,PER,499.0,Alliance for the Future,AF,0.572
2011.0,PER,529.0,American Popular Revolutionary Alliance / Peruvian Aprista Party,APRA/PAP,0.342
2011.0,PER,575.0,Union for Peru,UPP,0.625
2011.0,PER,788.0,Center Front,FDC,0.224
2011.0,PER,1780.0,Christian People's Party,PPC,0.091
2011.0,PER,2554.0,National Unity,UN,0.202
2011.0,PER,4214.0,Popular Force 2011,FP,0.596
2011.0,PER,4215.0,Independent Moralizing Front,FIM,0.294
2011.0,PER,4219.0,Change 90,NM,0.532
2011.0,PER,4223.0,We are Peru,SP,0.378
2011.0,PER,4860.0,United Left,IU,0.843
2011.0,PER,4861.0,Peru Posible,PP,0.578
2011.0,PER,4879.0,National Renewal,NR,0.256
2011.0,PER,5130.0,Peru 2000,P,0.431
2011.0,PER,8066.0,Socialist Left,IS,0.809
2011.0,PER,93578.0,alliance: Democratic Front,Democratic F...,0.115
2011.0,PER,93579.0,alliance: Alianza Electoral Perú Posible,Alianza Elec...,0.228
2011.0,PER,93580.0,alliance: Alianza Por El Gran Cambio,Alianza Por ...,0.175
2012.0,PER,290.0,National Solidarity Party,SN,0.338
2012.0,PER,345.0,Peruvian Nationalist Party,PNP,0.804
2012.0,PER,499.0,Alliance for the Future,AF,0.572
2012.0,PER,529.0,American Popular Revolutionary Alliance / Peruvian Aprista Party,APRA/PAP,0.342
2012.0,PER,575.0,Union for Peru,UPP,0.625
2012.0,PER,788.0,Center Front,FDC,0.224
2012.0,PER,1780.0,Christian People's Party,PPC,0.091
2012.0,PER,2554.0,National Unity,UN,0.202
2012.0,PER,4214.0,Popular Force 2011,FP,0.5952
2012.0,PER,4215.0,Independent Moralizing Front,FIM,0.294
2012.0,PER,4219.0,Change 90,NM,0.532
2012.0,PER,4223.0,We are Peru,SP,0.378
2012.0,PER,4860.0,United Left,IU,0.843
2012.0,PER,4861.0,Peru Posible,PP,0.578
2012.0,PER,4879.0,National Renewal,NR,0.256
2012.0,PER,5130.0,Peru 2000,P,0.431
2012.0,PER,8066.0,Socialist Left,IS,0.809
2012.0,PER,93578.0,alliance: Democratic Front,Democratic F...,0.115
2012.0,PER,93579.0,alliance: Alianza Electoral Perú Posible,Alianza Elec...,0.228
2012.0,PER,93580.0,alliance: Alianza Por El Gran Cambio,Alianza Por ...,0.175
2013.0,PER,290.0,National Solidarity Party,SN,0.338
2013.0,PER,345.0,Peruvian Nationalist Party,PNP,0.804
2013.0,PER,499.0,Alliance for the Future,AF,0.572
2013.0,PER,529.0,American Popular Revolutionary Alliance / Peruvian Aprista Party,APRA/PAP,0.342
2013.0,PER,575.0,Union for Peru,UPP,0.625
2013.0,PER,788.0,Center Front,FDC,0.224
2013.0,PER,1780.0,Christian People's Party,PPC,0.091
2013.0,PER,2554.0,National Unity,UN,0.202
2013.0,PER,4214.0,Popular Force 2011,FP,0.5943999999999999
2013.0,PER,4215.0,Independent Moralizing Front,FIM,0.294
2013.0,PER,4219.0,Change 90,NM,0.532
2013.0,PER,4223.0,We are Peru,SP,0.378
2013.0,PER,4860.0,United Left,IU,0.843
2013.0,PER,4861.0,Peru Posible,PP,0.578
2013.0,PER,4879.0,National Renewal,NR,0.256
2013.0,PER,5130.0,Peru 2000,P,0.431
2013.0,PER,8066.0,Socialist Left,IS,0.809
2013.0,PER,93578.0,alliance: Democratic Front,Democratic F...,0.115
2013.0,PER,93579.0,alliance: Alianza Electoral Perú Posible,Alianza Elec...,0.228
2013.0,PER,93580.0,alliance: Alianza Por El Gran Cambio,Alianza Por ...,0.175
2014.0,PER,290.0,National Solidarity Party,SN,0.338
2014.0,PER,345.0,Peruvian Nationalist Party,PNP,0.804
2014.0,PER,499.0,Alliance for the Future,AF,0.572
2014.0,PER,529.0,American Popular Revolutionary Alliance / Peruvian Aprista Party,APRA/PAP,0.342
2014.0,PER,575.0,Union for Peru,UPP,0.625
2014.0,PER,788.0,Center Front,FDC,0.224
2014.0,PER,1780.0,Christian People's Party,PPC,0.091
2014.0,PER,2554.0,National Unity,UN,0.202
2014.0,PER,4214.0,Popular Force 2011,FP,0.5936
2014.0,PER,4215.0,Independent Moralizing Front,FIM,0.294
2014.0,PER,4219.0,Change 90,NM,0.532
2014.0,PER,4223.0,We are Peru,SP,0.378
2014.0,PER,4860.0,United Left,IU,0.843
2014.0,PER,4861.0,Peru Posible,PP,0.578
2014.0,PER,4879.0,National Renewal,NR,0.256
2014.0,PER,5130.0,Peru 2000,P,0.431
2014.0,PER,8066.0,Socialist Left,IS,0.809
2014.0,PER,93578.0,alliance: Democratic Front,Democratic F...,0.115
2014.0,PER,93579.0,alliance: Alianza Electoral Perú Posible,Alianza Elec...,0.228
2014.0,PER,93580.0,alliance: Alianza Por El Gran Cambio,Alianza Por ...,0.175
2015.0,PER,290.0,National Solidarity Party,SN,0.338
2015.0,PER,345.0,Peruvian Nationalist Party,PNP,0.804
2015.0,PER,499.0,Alliance for the Future,AF,0.572
2015.0,PER,529.0,American Popular Revolutionary Alliance / Peruvian Aprista Party,APRA/PAP,0.342
2015.0,PER,575.0,Union for Peru,UPP,0.625
2015.0,PER,788.0,Center Front,FDC,0.224
2015.0,PER,1780.0,Christian People's Party,PPC,0.091
2015.0,PER,2554.0,National Unity,UN,0.202
2015.0,PER,4214.0,Popular Force 2011,FP,0.5928
2015.0,PER,4215.0,Independent Moralizing Front,FIM,0.294
2015.0,PER,4219.0,Change 90,NM,0.532
2015.0,PER,4223.0,We are Peru,SP,0.378
2015.0,PER,4860.0,United Left,IU,0.843
2015.0,PER,4861.0,Peru Posible,PP,0.578
2015.0,PER,4879.0,National Renewal,NR,0.256
2015.0,PER,5130.0,Peru 2000,P,0.431
2015.0,PER,8066.0,Socialist Left,IS,0.809
2015.0,PER,93578.0,alliance: Democratic Front,Democratic F...,0.115
2015.0,PER,93579.0,alliance: Alianza Electoral Perú Posible,Alianza Elec...,0.228
2015.0,PER,93580.0,alliance: Alianza Por El Gran Cambio,Alianza Por ...,0.175
2016.0,PER,290.0,National Solidarity Party,SN,0.338
2016.0,PER,345.0,Peruvian Nationalist Party,PNP,0.804
2016.0,PER,499.0,Alliance for the Future,AF,0.572
2016.0,PER,514.0,Popular Action,AP,0.183
2016.0,PER,529.0,American Popular Revolutionary Alliance / Peruvian Aprista Party,APRA/PAP,0.342
2016.0,PER,575.0,Union for Peru,UPP,0.625
2016.0,PER,788.0,Center Front,FDC,0.224
2016.0,PER,1780.0,Christian People's Party,PPC,0.091
2016.0,PER,2554.0,National Unity,UN,0.202
2016.0,PER,4214.0,Popular Force 2011,FP,0.592
2016.0,PER,4215.0,Independent Moralizing Front,FIM,0.294
2016.0,PER,4218.0,Alliance for Progress,APEP,0.298
2016.0,PER,4219.0,Change 90,NM,0.532
2016.0,PER,4223.0,We are Peru,SP,0.378
2016.0,PER,4860.0,United Left,IU,0.843
2016.0,PER,4861.0,Peru Posible,PP,0.578
2016.0,PER,4879.0,National Renewal,NR,0.256
2016.0,PER,5130.0,Peru 2000,P,0.431
2016.0,PER,6646.0,"Broad Front for Justice, Life and Liberty",Frente Amplio,0.924
2016.0,PER,6647.0,Peruvians for Change,PPK,0.075
2016.0,PER,8066.0,Socialist Left,IS,0.809
2016.0,PER,93578.0,alliance: Democratic Front,Democratic F...,0.115
2016.0,PER,93579.0,alliance: Alianza Electoral Perú Posible,Alianza Elec...,0.228
2016.0,PER,93580.0,alliance: Alianza Por El Gran Cambio,Alianza Por ...,0.175
2016.0,PER,93581.0,alliance: Popular Alliance,Popular Alli...,0.315
2017.0,PER,290.0,National Solidarity Party,SN,0.338
2017.0,PER,345.0,Peruvian Nationalist Party,PNP,0.804
2017.0,PER,499.0,Alliance for the Future,AF,0.572
2017.0,PER,514.0,Popular Action,AP,0.183
2017.0,PER,529.0,American Popular Revolutionary Alliance / Peruvian Aprista Party,APRA/PAP,0.342
2017.0,PER,575.0,Union for Peru,UPP,0.625
2017.0,PER,788.0,Center Front,FDC,0.224
2017.0,PER,1780.0,Christian People's Party,PPC,0.091
2017.0,PER,2554.0,National Unity,UN,0.202
2017.0,PER,4214.0,Popular Force 2011,FP,0.592
2017.0,PER,4215.0,Independent Moralizing Front,FIM,0.294
2017.0,PER,4218.0,Alliance for Progress,APEP,0.298
2017.0,PER,4219.0,Change 90,NM,0.532
2017.0,PER,4223.0,We are Peru,SP,0.378
2017.0,PER,4860.0,United Left,IU,0.843
2017.0,PER,4861.0,Peru Posible,PP,0.578
2017.0,PER,4879.0,National Renewal,NR,0.256
2017.0,PER,5130.0,Peru 2000,P,0.431
2017.0,PER,6646.0,"Broad Front for Justice, Life and Liberty",Frente Amplio,0.924
2017.0,PER,6647.0,Peruvians for Change,PPK,0.075
2017.0,PER,8066.0,Socialist Left,IS,0.809
2017.0,PER,93578.0,alliance: Democratic Front,Democratic F...,0.115
2017.0,PER,93579.0,alliance: Alianza Electoral Perú Posible,Alianza Elec...,0.228
2017.0,PER,93580.0,alliance: Alianza Por El Gran Cambio,Alianza Por ...,0.175
2017.0,PER,93581.0,alliance: Popular Alliance,Popular Alli...,0.315
2018.0,PER,290.0,National Solidarity Party,SN,0.338
2018.0,PER,345.0,Peruvian Nationalist Party,PNP,0.804
2018.0,PER,499.0,Alliance for the Future,AF,0.572
2018.0,PER,514.0,Popular Action,AP,0.183
2018.0,PER,529.0,American Popular Revolutionary Alliance / Peruvian Aprista Party,APRA/PAP,0.342
2018.0,PER,575.0,Union for Peru,UPP,0.625
2018.0,PER,788.0,Center Front,FDC,0.224
2018.0,PER,1780.0,Christian People's Party,PPC,0.091
2018.0,PER,2554.0,National Unity,UN,0.202
2018.0,PER,4214.0,Popular Force 2011,FP,0.592
2018.0,PER,4215.0,Independent Moralizing Front,FIM,0.294
2018.0,PER,4218.0,Alliance for Progress,APEP,0.298
2018.0,PER,4219.0,Change 90,NM,0.532
2018.0,PER,4223.0,We are Peru,SP,0.378
2018.0,PER,4860.0,United Left,IU,0.843
2018.0,PER,4861.0,Peru Posible,PP,0.578
2018.0,PER,4879.0,National Renewal,NR,0.256
2018.0,PER,5130.0,Peru 2000,P,0.431
2018.0,PER,6646.0,"Broad Front for Justice, Life and Liberty",Frente Amplio,0.924
2018.0,PER,6647.0,Peruvians for Change,PPK,0.075
2018.0,PER,8066.0,Socialist Left,IS,0.809
2018.0,PER,93578.0,alliance: Democratic Front,Democratic F...,0.115
2018.0,PER,93579.0,alliance: Alianza Electoral Perú Posible,Alianza Elec...,0.228
2018.0,PER,93580.0,alliance: Alianza Por El Gran Cambio,Alianza Por ...,0.175
2018.0,PER,93581.0,alliance: Popular Alliance,Popular Alli...,0.315
2019.0,PER,290.0,National Solidarity Party,SN,0.338
2019.0,PER,345.0,Peruvian Nationalist Party,PNP,0.804
2019.0,PER,499.0,Alliance for the Future,AF,0.572
2019.0,PER,514.0,Popular Action,AP,0.183
2019.0,PER,529.0,American Popular Revolutionary Alliance / Peruvian Aprista Party,APRA/PAP,0.342
2019.0,PER,575.0,Union for Peru,UPP,0.625
2019.0,PER,788.0,Center Front,FDC,0.224
2019.0,PER,1780.0,Christian People's Party,PPC,0.091
2019.0,PER,2554.0,National Unity,UN,0.202
2019.0,PER,4214.0,Popular Force 2011,FP,0.592
2019.0,PER,4215.0,Independent Moralizing Front,FIM,0.294
2019.0,PER,4218.0,Alliance for Progress,APEP,0.298
2019.0,PER,4219.0,Change 90,NM,0.532
2019.0,PER,4223.0,We are Peru,SP,0.378
2019.0,PER,4860.0,United Left,IU,0.843
2019.0,PER,4861.0,Peru Posible,PP,0.578
2019.0,PER,4879.0,National Renewal,NR,0.256
2019.0,PER,5130.0,Peru 2000,P,0.431
2019.0,PER,6646.0,"Broad Front for Justice, Life and Liberty",Frente Amplio,0.924
2019.0,PER,6647.0,Peruvians for Change,PPK,0.075
2019.0,PER,8066.0,Socialist Left,IS,0.809
2019.0,PER,93578.0,alliance: Democratic Front,Democratic F...,0.115
2019.0,PER,93579.0,alliance: Alianza Electoral Perú Posible,Alianza Elec...,0.228
2019.0,PER,93580.0,alliance: Alianza Por El Gran Cambio,Alianza Por ...,0.175
2019.0,PER,93581.0,alliance: Popular Alliance,Popular Alli...,0.315
1991.0,PRY,384.0,National Republican Association ? Colorado Party,ANR-PC,0.341
1991.0,PRY,1245.0,Authentic Radical Liberal Party,PLRA,0.58
1991.0,PRY,8064.0,Constitution for All,CPT,0.601
1992.0,PRY,384.0,National Republican Association ? Colorado Party,ANR-PC,0.29200000000000004
1992.0,PRY,1245.0,Authentic Radical Liberal Party,PLRA,0.598
1992.0,PRY,8064.0,Constitution for All,CPT,0.601
1993.0,PRY,384.0,National Republican Association ? Colorado Party,ANR-PC,0.243
1993.0,PRY,571.0,National Encounter Party,PEN,0.442
1993.0,PRY,1245.0,Authentic Radical Liberal Party,PLRA,0.616
1993.0,PRY,8064.0,Constitution for All,CPT,0.601
1994.0,PRY,384.0,National Republican Association ? Colorado Party,ANR-PC,0.2706
1994.0,PRY,571.0,National Encounter Party,PEN,0.442
1994.0,PRY,1245.0,Authentic Radical Liberal Party,PLRA,0.6108
1994.0,PRY,8064.0,Constitution for All,CPT,0.601
1995.0,PRY,384.0,National Republican Association ? Colorado Party,ANR-PC,0.2982
1995.0,PRY,571.0,National Encounter Party,PEN,0.442
1995.0,PRY,1245.0,Authentic Radical Liberal Party,PLRA,0.6056
1995.0,PRY,8064.0,Constitution for All,CPT,0.601
1996.0,PRY,384.0,National Republican Association ? Colorado Party,ANR-PC,0.3258
1996.0,PRY,571.0,National Encounter Party,PEN,0.442
1996.0,PRY,1245.0,Authentic Radical Liberal Party,PLRA,0.6003999999999999
1996.0,PRY,8064.0,Constitution for All,CPT,0.601
1997.0,PRY,384.0,National Republican Association ? Colorado Party,ANR-PC,0.3534
1997.0,PRY,571.0,National Encounter Party,PEN,0.442
1997.0,PRY,1245.0,Authentic Radical Liberal Party,PLRA,0.5952
1997.0,PRY,8064.0,Constitution for All,CPT,0.601
1998.0,PRY,384.0,National Republican Association ? Colorado Party,ANR-PC,0.381
1998.0,PRY,571.0,National Encounter Party,PEN,0.442
1998.0,PRY,1245.0,Authentic Radical Liberal Party,PLRA,0.59
1998.0,PRY,8064.0,Constitution for All,CPT,0.601
1999.0,PRY,384.0,National Republican Association ? Colorado Party,ANR-PC,0.4154
1999.0,PRY,571.0,National Encounter Party,PEN,0.442
1999.0,PRY,1245.0,Authentic Radical Liberal Party,PLRA,0.5756
1999.0,PRY,8064.0,Constitution for All,CPT,0.601
2000.0,PRY,384.0,National Republican Association ? Colorado Party,ANR-PC,0.44980000000000003
2000.0,PRY,571.0,National Encounter Party,PEN,0.442
2000.0,PRY,1245.0,Authentic Radical Liberal Party,PLRA,0.5612
2000.0,PRY,8064.0,Constitution for All,CPT,0.601
2001.0,PRY,384.0,National Republican Association ? Colorado Party,ANR-PC,0.4842
2001.0,PRY,571.0,National Encounter Party,PEN,0.442
2001.0,PRY,1245.0,Authentic Radical Liberal Party,PLRA,0.5468
2001.0,PRY,8064.0,Constitution for All,CPT,0.601
2002.0,PRY,384.0,National Republican Association ? Colorado Party,ANR-PC,0.5186000000000001
2002.0,PRY,571.0,National Encounter Party,PEN,0.442
2002.0,PRY,1245.0,Authentic Radical Liberal Party,PLRA,0.5324
2002.0,PRY,8064.0,Constitution for All,CPT,0.601
2003.0,PRY,220.0,Beloved Fatherland Party,PPQ,0.218
2003.0,PRY,384.0,National Republican Association ? Colorado Party,ANR-PC,0.553
2003.0,PRY,571.0,National Encounter Party,PEN,0.442
2003.0,PRY,1245.0,Authentic Radical Liberal Party,PLRA,0.518
2003.0,PRY,1339.0,National Union of Ethical Citizens,UNACE,0.607
2003.0,PRY,8064.0,Constitution for All,CPT,0.601
2004.0,PRY,220.0,Beloved Fatherland Party,PPQ,0.218
2004.0,PRY,384.0,National Republican Association ? Colorado Party,ANR-PC,0.5238
2004.0,PRY,571.0,National Encounter Party,PEN,0.442
2004.0,PRY,1245.0,Authentic Radical Liberal Party,PLRA,0.5218
2004.0,PRY,1339.0,National Union of Ethical Citizens,UNACE,0.6042
2004.0,PRY,8064.0,Constitution for All,CPT,0.601
2005.0,PRY,220.0,Beloved Fatherland Party,PPQ,0.218
2005.0,PRY,384.0,National Republican Association ? Colorado Party,ANR-PC,0.49460000000000004
2005.0,PRY,571.0,National Encounter Party,PEN,0.442
2005.0,PRY,1245.0,Authentic Radical Liberal Party,PLRA,0.5256000000000001
2005.0,PRY,1339.0,National Union of Ethical Citizens,UNACE,0.6013999999999999
2005.0,PRY,8064.0,Constitution for All,CPT,0.601
2006.0,PRY,220.0,Beloved Fatherland Party,PPQ,0.218
2006.0,PRY,384.0,National Republican Association ? Colorado Party,ANR-PC,0.46540000000000004
2006.0,PRY,571.0,National Encounter Party,PEN,0.442
2006.0,PRY,1245.0,Authentic Radical Liberal Party,PLRA,0.5294
2006.0,PRY,1339.0,National Union of Ethical Citizens,UNACE,0.5986
2006.0,PRY,8064.0,Constitution for All,CPT,0.601
2007.0,PRY,220.0,Beloved Fatherland Party,PPQ,0.218
2007.0,PRY,384.0,National Republican Association ? Colorado Party,ANR-PC,0.4362
2007.0,PRY,571.0,National Encounter Party,PEN,0.442
2007.0,PRY,1245.0,Authentic Radical Liberal Party,PLRA,0.5332
2007.0,PRY,1339.0,National Union of Ethical Citizens,UNACE,0.5958
2007.0,PRY,8064.0,Constitution for All,CPT,0.601
2008.0,PRY,220.0,Beloved Fatherland Party,PPQ,0.218
2008.0,PRY,384.0,National Republican Association ? Colorado Party,ANR-PC,0.407
2008.0,PRY,571.0,National Encounter Party,PEN,0.442
2008.0,PRY,1245.0,Authentic Radical Liberal Party,PLRA,0.537
2008.0,PRY,1339.0,National Union of Ethical Citizens,UNACE,0.593
2008.0,PRY,8064.0,Constitution for All,CPT,0.601
2009.0,PRY,220.0,Beloved Fatherland Party,PPQ,0.2182
2009.0,PRY,384.0,National Republican Association ? Colorado Party,ANR-PC,0.36819999999999997
2009.0,PRY,571.0,National Encounter Party,PEN,0.442
2009.0,PRY,1245.0,Authentic Radical Liberal Party,PLRA,0.5372
2009.0,PRY,1339.0,National Union of Ethical Citizens,UNACE,0.5956
2009.0,PRY,8064.0,Constitution for All,CPT,0.601
2010.0,PRY,220.0,Beloved Fatherland Party,PPQ,0.2184
2010.0,PRY,384.0,National Republican Association ? Colorado Party,ANR-PC,0.32939999999999997
2010.0,PRY,571.0,National Encounter Party,PEN,0.442
2010.0,PRY,1245.0,Authentic Radical Liberal Party,PLRA,0.5374
2010.0,PRY,1339.0,National Union of Ethical Citizens,UNACE,0.5982
2010.0,PRY,8064.0,Constitution for All,CPT,0.601
2011.0,PRY,220.0,Beloved Fatherland Party,PPQ,0.2186
2011.0,PRY,384.0,National Republican Association ? Colorado Party,ANR-PC,0.29059999999999997
2011.0,PRY,571.0,National Encounter Party,PEN,0.442
2011.0,PRY,1245.0,Authentic Radical Liberal Party,PLRA,0.5376000000000001
2011.0,PRY,1339.0,National Union of Ethical Citizens,UNACE,0.6008
2011.0,PRY,8064.0,Constitution for All,CPT,0.601
2012.0,PRY,220.0,Beloved Fatherland Party,PPQ,0.2188
2012.0,PRY,384.0,National Republican Association ? Colorado Party,ANR-PC,0.2518
2012.0,PRY,571.0,National Encounter Party,PEN,0.442
2012.0,PRY,1245.0,Authentic Radical Liberal Party,PLRA,0.5378000000000001
2012.0,PRY,1339.0,National Union of Ethical Citizens,UNACE,0.6033999999999999
2012.0,PRY,8064.0,Constitution for All,CPT,0.601
2013.0,PRY,220.0,Beloved Fatherland Party,PPQ,0.219
2013.0,PRY,384.0,National Republican Association ? Colorado Party,ANR-PC,0.213
2013.0,PRY,571.0,National Encounter Party,PEN,0.442
2013.0,PRY,1245.0,Authentic Radical Liberal Party,PLRA,0.538
2013.0,PRY,1339.0,National Union of Ethical Citizens,UNACE,0.606
2013.0,PRY,7638.0,Guasú Front,GF,0.907
2013.0,PRY,8064.0,Constitution for All,CPT,0.601
2014.0,PRY,220.0,Beloved Fatherland Party,PPQ,0.2192
2014.0,PRY,384.0,National Republican Association ? Colorado Party,ANR-PC,0.1996
2014.0,PRY,571.0,National Encounter Party,PEN,0.442
2014.0,PRY,1245.0,Authentic Radical Liberal Party,PLRA,0.5462
2014.0,PRY,1339.0,National Union of Ethical Citizens,UNACE,0.606
2014.0,PRY,7638.0,Guasú Front,GF,0.907
2014.0,PRY,8064.0,Constitution for All,CPT,0.601
2015.0,PRY,220.0,Beloved Fatherland Party,PPQ,0.2194
2015.0,PRY,384.0,National Republican Association ? Colorado Party,ANR-PC,0.1862
2015.0,PRY,571.0,National Encounter Party,PEN,0.442
2015.0,PRY,1245.0,Authentic Radical Liberal Party,PLRA,0.5544
2015.0,PRY,1339.0,National Union of Ethical Citizens,UNACE,0.606
2015.0,PRY,7638.0,Guasú Front,GF,0.907
2015.0,PRY,8064.0,Constitution for All,CPT,0.601
2016.0,PRY,220.0,Beloved Fatherland Party,PPQ,0.2196
2016.0,PRY,384.0,National Republican Association ? Colorado Party,ANR-PC,0.1728
2016.0,PRY,571.0,National Encounter Party,PEN,0.442
2016.0,PRY,1245.0,Authentic Radical Liberal Party,PLRA,0.5626
2016.0,PRY,1339.0,National Union of Ethical Citizens,UNACE,0.606
2016.0,PRY,7638.0,Guasú Front,GF,0.907
2016.0,PRY,8064.0,Constitution for All,CPT,0.601
2017.0,PRY,220.0,Beloved Fatherland Party,PPQ,0.2198
2017.0,PRY,384.0,National Republican Association ? Colorado Party,ANR-PC,0.1594
2017.0,PRY,571.0,National Encounter Party,PEN,0.442
2017.0,PRY,1245.0,Authentic Radical Liberal Party,PLRA,0.5708
2017.0,PRY,1339.0,National Union of Ethical Citizens,UNACE,0.606
2017.0,PRY,7638.0,Guasú Front,GF,0.907
2017.0,PRY,8064.0,Constitution for All,CPT,0.601
2018.0,PRY,220.0,Beloved Fatherland Party,PPQ,0.22
2018.0,PRY,384.0,National Republican Association ? Colorado Party,ANR-PC,0.146
2018.0,PRY,571.0,National Encounter Party,PEN,0.442
2018.0,PRY,1245.0,Authentic Radical Liberal Party,PLRA,0.579
2018.0,PRY,1339.0,National Union of Ethical Citizens,UNACE,0.606
2018.0,PRY,7638.0,Guasú Front,GF,0.907
2018.0,PRY,8064.0,Constitution for All,CPT,0.601
2018.0,PRY,8065.0,Great Renewed National Alliance,GANAR,0.662
2019.0,PRY,220.0,Beloved Fatherland Party,PPQ,0.22
2019.0,PRY,384.0,National Republican Association ? Colorado Party,ANR-PC,0.146
2019.0,PRY,571.0,National Encounter Party,PEN,0.442
2019.0,PRY,1245.0,Authentic Radical Liberal Party,PLRA,0.579
2019.0,PRY,1339.0,National Union of Ethical Citizens,UNACE,0.606
2019.0,PRY,7638.0,Guasú Front,GF,0.907
2019.0,PRY,8064.0,Constitution for All,CPT,0.601
2019.0,PRY,8065.0,Great Renewed National Alliance,GANAR,0.662
1991.0,SLV,11.0,Christian Democratic Party,PDC,0.195
1991.0,SLV,686.0,National Conciliation [Coalition] Party,PCN,0.086
1991.0,SLV,1456.0,Democratic Change,CD,0.583
1991.0,SLV,1709.0,Nationalist Republican Alliance,ARENA,0.147
1992.0,SLV,11.0,Christian Democratic Party,PDC,0.19433333333333333
1992.0,SLV,686.0,National Conciliation [Coalition] Party,PCN,0.086
1992.0,SLV,1456.0,Democratic Change,CD,0.583
1992.0,SLV,1709.0,Nationalist Republican Alliance,ARENA,0.147
1993.0,SLV,11.0,Christian Democratic Party,PDC,0.19366666666666668
1993.0,SLV,686.0,National Conciliation [Coalition] Party,PCN,0.086
1993.0,SLV,1456.0,Democratic Change,CD,0.583
1993.0,SLV,1709.0,Nationalist Republican Alliance,ARENA,0.147
1994.0,SLV,11.0,Christian Democratic Party,PDC,0.193
1994.0,SLV,686.0,National Conciliation [Coalition] Party,PCN,0.086
1994.0,SLV,978.0,Farabundo Martí National Liberation Front,FMLN,0.958
1994.0,SLV,1456.0,Democratic Change,CD,0.583
1994.0,SLV,1709.0,Nationalist Republican Alliance,ARENA,0.147
1995.0,SLV,11.0,Christian Democratic Party,PDC,0.15666666666666668
1995.0,SLV,686.0,National Conciliation [Coalition] Party,PCN,0.086
1995.0,SLV,978.0,Farabundo Martí National Liberation Front,FMLN,0.958
1995.0,SLV,1456.0,Democratic Change,CD,0.583
1995.0,SLV,1709.0,Nationalist Republican Alliance,ARENA,0.12166666666666666
1996.0,SLV,11.0,Christian Democratic Party,PDC,0.12033333333333333
1996.0,SLV,686.0,National Conciliation [Coalition] Party,PCN,0.086
1996.0,SLV,978.0,Farabundo Martí National Liberation Front,FMLN,0.958
1996.0,SLV,1456.0,Democratic Change,CD,0.583
1996.0,SLV,1709.0,Nationalist Republican Alliance,ARENA,0.09633333333333333
1997.0,SLV,11.0,Christian Democratic Party,PDC,0.084
1997.0,SLV,686.0,National Conciliation [Coalition] Party,PCN,0.086
1997.0,SLV,978.0,Farabundo Martí National Liberation Front,FMLN,0.958
1997.0,SLV,1456.0,Democratic Change,CD,0.583
1997.0,SLV,1709.0,Nationalist Republican Alliance,ARENA,0.071
1998.0,SLV,11.0,Christian Democratic Party,PDC,0.084
1998.0,SLV,686.0,National Conciliation [Coalition] Party,PCN,0.086
1998.0,SLV,978.0,Farabundo Martí National Liberation Front,FMLN,0.958
1998.0,SLV,1456.0,Democratic Change,CD,0.583
1998.0,SLV,1709.0,Nationalist Republican Alliance,ARENA,0.075
1999.0,SLV,11.0,Christian Democratic Party,PDC,0.084
1999.0,SLV,686.0,National Conciliation [Coalition] Party,PCN,0.086
1999.0,SLV,978.0,Farabundo Martí National Liberation Front,FMLN,0.958
1999.0,SLV,1456.0,Democratic Change,CD,0.583
1999.0,SLV,1709.0,Nationalist Republican Alliance,ARENA,0.079
2000.0,SLV,11.0,Christian Democratic Party,PDC,0.084
2000.0,SLV,686.0,National Conciliation [Coalition] Party,PCN,0.086
2000.0,SLV,978.0,Farabundo Martí National Liberation Front,FMLN,0.958
2000.0,SLV,1456.0,Democratic Change,CD,0.583
2000.0,SLV,1709.0,Nationalist Republican Alliance,ARENA,0.083
2000.0,SLV,4226.0,United Democratic Center,CDU,0.466
2001.0,SLV,11.0,Christian Democratic Party,PDC,0.084
2001.0,SLV,686.0,National Conciliation [Coalition] Party,PCN,0.086
2001.0,SLV,978.0,Farabundo Martí National Liberation Front,FMLN,0.958
2001.0,SLV,1456.0,Democratic Change,CD,0.583
2001.0,SLV,1709.0,Nationalist Republican Alliance,ARENA,0.083
2001.0,SLV,4226.0,United Democratic Center,CDU,0.466
2002.0,SLV,11.0,Christian Democratic Party,PDC,0.084
2002.0,SLV,686.0,National Conciliation [Coalition] Party,PCN,0.086
2002.0,SLV,978.0,Farabundo Martí National Liberation Front,FMLN,0.958
2002.0,SLV,1456.0,Democratic Change,CD,0.583
2002.0,SLV,1709.0,Nationalist Republican Alliance,ARENA,0.083
2002.0,SLV,4226.0,United Democratic Center,CDU,0.466
2003.0,SLV,11.0,Christian Democratic Party,PDC,0.084
2003.0,SLV,686.0,National Conciliation [Coalition] Party,PCN,0.086
2003.0,SLV,978.0,Farabundo Martí National Liberation Front,FMLN,0.958
2003.0,SLV,1456.0,Democratic Change,CD,0.583
2003.0,SLV,1709.0,Nationalist Republican Alliance,ARENA,0.083
2003.0,SLV,4226.0,United Democratic Center,CDU,0.466
2004.0,SLV,11.0,Christian Democratic Party,PDC,0.084
2004.0,SLV,686.0,National Conciliation [Coalition] Party,PCN,0.086
2004.0,SLV,978.0,Farabundo Martí National Liberation Front,FMLN,0.958
2004.0,SLV,1456.0,Democratic Change,CD,0.583
2004.0,SLV,1709.0,Nationalist Republican Alliance,ARENA,0.08333333333333334
2004.0,SLV,4226.0,United Democratic Center,CDU,0.466
2005.0,SLV,11.0,Christian Democratic Party,PDC,0.084
2005.0,SLV,686.0,National Conciliation [Coalition] Party,PCN,0.086
2005.0,SLV,978.0,Farabundo Martí National Liberation Front,FMLN,0.958
2005.0,SLV,1456.0,Democratic Change,CD,0.583
2005.0,SLV,1709.0,Nationalist Republican Alliance,ARENA,0.08366666666666667
2005.0,SLV,4226.0,United Democratic Center,CDU,0.466
2006.0,SLV,11.0,Christian Democratic Party,PDC,0.084
2006.0,SLV,686.0,National Conciliation [Coalition] Party,PCN,0.086
2006.0,SLV,978.0,Farabundo Martí National Liberation Front,FMLN,0.958
2006.0,SLV,1456.0,Democratic Change,CD,0.583
2006.0,SLV,1709.0,Nationalist Republican Alliance,ARENA,0.084
2006.0,SLV,4226.0,United Democratic Center,CDU,0.466
2007.0,SLV,11.0,Christian Democratic Party,PDC,0.084
2007.0,SLV,686.0,National Conciliation [Coalition] Party,PCN,0.15566666666666668
2007.0,SLV,978.0,Farabundo Martí National Liberation Front,FMLN,0.943
2007.0,SLV,1456.0,Democratic Change,CD,0.583
2007.0,SLV,1709.0,Nationalist Republican Alliance,ARENA,0.084
2007.0,SLV,4226.0,United Democratic Center,CDU,0.466
2008.0,SLV,11.0,Christian Democratic Party,PDC,0.084
2008.0,SLV,686.0,National Conciliation [Coalition] Party,PCN,0.22533333333333333
2008.0,SLV,978.0,Farabundo Martí National Liberation Front,FMLN,0.928
2008.0,SLV,1456.0,Democratic Change,CD,0.583
2008.0,SLV,1709.0,Nationalist Republican Alliance,ARENA,0.084
2008.0,SLV,4226.0,United Democratic Center,CDU,0.466
2009.0,SLV,11.0,Christian Democratic Party,PDC,0.084
2009.0,SLV,686.0,National Conciliation [Coalition] Party,PCN,0.295
2009.0,SLV,978.0,Farabundo Martí National Liberation Front,FMLN,0.913
2009.0,SLV,1456.0,Democratic Change,CD,0.583
2009.0,SLV,1709.0,Nationalist Republican Alliance,ARENA,0.084
2009.0,SLV,4226.0,United Democratic Center,CDU,0.466
2010.0,SLV,11.0,Christian Democratic Party,PDC,0.084
2010.0,SLV,686.0,National Conciliation [Coalition] Party,PCN,0.295
2010.0,SLV,978.0,Farabundo Martí National Liberation Front,FMLN,0.863
2010.0,SLV,1456.0,Democratic Change,CD,0.583
2010.0,SLV,1709.0,Nationalist Republican Alliance,ARENA,0.084
2010.0,SLV,4226.0,United Democratic Center,CDU,0.466
2011.0,SLV,11.0,Christian Democratic Party,PDC,0.084
2011.0,SLV,686.0,National Conciliation [Coalition] Party,PCN,0.295
2011.0,SLV,978.0,Farabundo Martí National Liberation Front,FMLN,0.8130000000000001
2011.0,SLV,1456.0,Democratic Change,CD,0.583
2011.0,SLV,1709.0,Nationalist Republican Alliance,ARENA,0.084
2011.0,SLV,4226.0,United Democratic Center,CDU,0.466
2012.0,SLV,11.0,Christian Democratic Party,PDC,0.084
2012.0,SLV,686.0,National Conciliation [Coalition] Party,PCN,0.295
2012.0,SLV,978.0,Farabundo Martí National Liberation Front,FMLN,0.763
2012.0,SLV,1456.0,Democratic Change,CD,0.583
2012.0,SLV,1709.0,Nationalist Republican Alliance,ARENA,0.084
2012.0,SLV,4224.0,Grand Alliance for National Unity,GANA,0.304
2012.0,SLV,4226.0,United Democratic Center,CDU,0.466
2013.0,SLV,11.0,Christian Democratic Party,PDC,0.084
2013.0,SLV,686.0,National Conciliation [Coalition] Party,PCN,0.22599999999999998
2013.0,SLV,978.0,Farabundo Martí National Liberation Front,FMLN,0.7486666666666667
2013.0,SLV,1456.0,Democratic Change,CD,0.583
2013.0,SLV,1709.0,Nationalist Republican Alliance,ARENA,0.084
2013.0,SLV,4224.0,Grand Alliance for National Unity,GANA,0.31966666666666665
2013.0,SLV,4226.0,United Democratic Center,CDU,0.466
2014.0,SLV,11.0,Christian Democratic Party,PDC,0.084
2014.0,SLV,686.0,National Conciliation [Coalition] Party,PCN,0.157
2014.0,SLV,978.0,Farabundo Martí National Liberation Front,FMLN,0.7343333333333333
2014.0,SLV,1456.0,Democratic Change,CD,0.583
2014.0,SLV,1709.0,Nationalist Republican Alliance,ARENA,0.084
2014.0,SLV,4224.0,Grand Alliance for National Unity,GANA,0.3353333333333333
2014.0,SLV,4226.0,United Democratic Center,CDU,0.466
2015.0,SLV,11.0,Christian Democratic Party,PDC,0.084
2015.0,SLV,686.0,National Conciliation [Coalition] Party,PCN,0.088
2015.0,SLV,978.0,Farabundo Martí National Liberation Front,FMLN,0.72
2015.0,SLV,1456.0,Democratic Change,CD,0.583
2015.0,SLV,1709.0,Nationalist Republican Alliance,ARENA,0.084
2015.0,SLV,4224.0,Grand Alliance for National Unity,GANA,0.351
2015.0,SLV,4226.0,United Democratic Center,CDU,0.466
2016.0,SLV,11.0,Christian Democratic Party,PDC,0.084
2016.0,SLV,686.0,National Conciliation [Coalition] Party,PCN,0.088
2016.0,SLV,978.0,Farabundo Martí National Liberation Front,FMLN,0.72
2016.0,SLV,1456.0,Democratic Change,CD,0.583
2016.0,SLV,1709.0,Nationalist Republican Alliance,ARENA,0.084
2016.0,SLV,4224.0,Grand Alliance for National Unity,GANA,0.351
2016.0,SLV,4226.0,United Democratic Center,CDU,0.466
2017.0,SLV,11.0,Christian Democratic Party,PDC,0.084
2017.0,SLV,686.0,National Conciliation [Coalition] Party,PCN,0.088
2017.0,SLV,978.0,Farabundo Martí National Liberation Front,FMLN,0.72
2017.0,SLV,1456.0,Democratic Change,CD,0.583
2017.0,SLV,1709.0,Nationalist Republican Alliance,ARENA,0.084
2017.0,SLV,4224.0,Grand Alliance for National Unity,GANA,0.351
2017.0,SLV,4226.0,United Democratic Center,CDU,0.466
2018.0,SLV,11.0,Christian Democratic Party,PDC,0.084
2018.0,SLV,686.0,National Conciliation [Coalition] Party,PCN,0.088
2018.0,SLV,978.0,Farabundo Martí National Liberation Front,FMLN,0.72
2018.0,SLV,1456.0,Democratic Change,CD,0.583
2018.0,SLV,1709.0,Nationalist Republican Alliance,ARENA,0.084
2018.0,SLV,4224.0,Grand Alliance for National Unity,GANA,0.351
2018.0,SLV,4226.0,United Democratic Center,CDU,0.466
2019.0,SLV,11.0,Christian Democratic Party,PDC,0.084
2019.0,SLV,686.0,National Conciliation [Coalition] Party,PCN,0.088
2019.0,SLV,978.0,Farabundo Martí National Liberation Front,FMLN,0.72
2019.0,SLV,1456.0,Democratic Change,CD,0.583
2019.0,SLV,1709.0,Nationalist Republican Alliance,ARENA,0.084
2019.0,SLV,4224.0,Grand Alliance for National Unity,GANA,0.351
2019.0,SLV,4226.0,United Democratic Center,CDU,0.466
1991.0,TTO,4281.0,United National Congress,UNC,0.55
1991.0,TTO,4283.0,People?s National Movement,PNM,0.314
1991.0,TTO,4284.0,National Alliance for Reconstruction,NAR,0.496
1992.0,TTO,4281.0,United National Congress,UNC,0.535
1992.0,TTO,4283.0,People?s National Movement,PNM,0.314
1992.0,TTO,4284.0,National Alliance for Reconstruction,NAR,0.496
1993.0,TTO,4281.0,United National Congress,UNC,0.52
1993.0,TTO,4283.0,People?s National Movement,PNM,0.314
1993.0,TTO,4284.0,National Alliance for Reconstruction,NAR,0.496
1994.0,TTO,4281.0,United National Congress,UNC,0.505
1994.0,TTO,4283.0,People?s National Movement,PNM,0.314
1994.0,TTO,4284.0,National Alliance for Reconstruction,NAR,0.496
1995.0,TTO,4281.0,United National Congress,UNC,0.49
1995.0,TTO,4283.0,People?s National Movement,PNM,0.314
1995.0,TTO,4284.0,National Alliance for Reconstruction,NAR,0.496
1996.0,TTO,4281.0,United National Congress,UNC,0.509
1996.0,TTO,4283.0,People?s National Movement,PNM,0.329
1996.0,TTO,4284.0,National Alliance for Reconstruction,NAR,0.496
1997.0,TTO,4281.0,United National Congress,UNC,0.528
1997.0,TTO,4283.0,People?s National Movement,PNM,0.34400000000000003
1997.0,TTO,4284.0,National Alliance for Reconstruction,NAR,0.496
1998.0,TTO,4281.0,United National Congress,UNC,0.5469999999999999
1998.0,TTO,4283.0,People?s National Movement,PNM,0.359
1998.0,TTO,4284.0,National Alliance for Reconstruction,NAR,0.496
1999.0,TTO,4281.0,United National Congress,UNC,0.566
1999.0,TTO,4283.0,People?s National Movement,PNM,0.374
1999.0,TTO,4284.0,National Alliance for Reconstruction,NAR,0.496
2000.0,TTO,4281.0,United National Congress,UNC,0.585
2000.0,TTO,4283.0,People?s National Movement,PNM,0.389
2000.0,TTO,4284.0,National Alliance for Reconstruction,NAR,0.496
2001.0,TTO,4281.0,United National Congress,UNC,0.521
2001.0,TTO,4283.0,People?s National Movement,PNM,0.383
2001.0,TTO,4284.0,National Alliance for Reconstruction,NAR,0.496
2002.0,TTO,4281.0,United National Congress,UNC,0.438
2002.0,TTO,4283.0,People?s National Movement,PNM,0.319
2002.0,TTO,4284.0,National Alliance for Reconstruction,NAR,0.496
2003.0,TTO,4281.0,United National Congress,UNC,0.4552
2003.0,TTO,4283.0,People?s National Movement,PNM,0.319
2003.0,TTO,4284.0,National Alliance for Reconstruction,NAR,0.496
2004.0,TTO,4281.0,United National Congress,UNC,0.4724
2004.0,TTO,4283.0,People?s National Movement,PNM,0.319
2004.0,TTO,4284.0,National Alliance for Reconstruction,NAR,0.496
2005.0,TTO,4281.0,United National Congress,UNC,0.48960000000000004
2005.0,TTO,4283.0,People?s National Movement,PNM,0.319
2005.0,TTO,4284.0,National Alliance for Reconstruction,NAR,0.496
2006.0,TTO,4281.0,United National Congress,UNC,0.5068
2006.0,TTO,4283.0,People?s National Movement,PNM,0.319
2006.0,TTO,4284.0,National Alliance for Reconstruction,NAR,0.496
2007.0,TTO,4281.0,United National Congress,UNC,0.524
2007.0,TTO,4283.0,People?s National Movement,PNM,0.319
2007.0,TTO,4284.0,National Alliance for Reconstruction,NAR,0.496
2008.0,TTO,4281.0,United National Congress,UNC,0.51075
2008.0,TTO,4283.0,People?s National Movement,PNM,0.32
2008.0,TTO,4284.0,National Alliance for Reconstruction,NAR,0.496
2009.0,TTO,4281.0,United National Congress,UNC,0.4975
2009.0,TTO,4283.0,People?s National Movement,PNM,0.321
2009.0,TTO,4284.0,National Alliance for Reconstruction,NAR,0.496
2010.0,TTO,4281.0,United National Congress,UNC,0.48425
2010.0,TTO,4283.0,People?s National Movement,PNM,0.322
2010.0,TTO,4284.0,National Alliance for Reconstruction,NAR,0.496
2010.0,TTO,5388.0,People's Partnership,PP,0.693
2011.0,TTO,4281.0,United National Congress,UNC,0.471
2011.0,TTO,4283.0,People?s National Movement,PNM,0.336
2011.0,TTO,4284.0,National Alliance for Reconstruction,NAR,0.496
2011.0,TTO,5388.0,People's Partnership,PP,0.693
2012.0,TTO,4281.0,United National Congress,UNC,0.45775
2012.0,TTO,4283.0,People?s National Movement,PNM,0.35000000000000003
2012.0,TTO,4284.0,National Alliance for Reconstruction,NAR,0.496
2012.0,TTO,5388.0,People's Partnership,PP,0.693
2013.0,TTO,4281.0,United National Congress,UNC,0.4445
2013.0,TTO,4283.0,People?s National Movement,PNM,0.364
2013.0,TTO,4284.0,National Alliance for Reconstruction,NAR,0.496
2013.0,TTO,5388.0,People's Partnership,PP,0.693
2014.0,TTO,4281.0,United National Congress,UNC,0.43125
2014.0,TTO,4283.0,People?s National Movement,PNM,0.378
2014.0,TTO,4284.0,National Alliance for Reconstruction,NAR,0.496
2014.0,TTO,5388.0,People's Partnership,PP,0.693
2015.0,TTO,4281.0,United National Congress,UNC,0.418
2015.0,TTO,4283.0,People?s National Movement,PNM,0.392
2015.0,TTO,4284.0,National Alliance for Reconstruction,NAR,0.496
2015.0,TTO,4285.0,Congress of the People,COP,0.437
2015.0,TTO,5388.0,People's Partnership,PP,0.693
2016.0,TTO,4281.0,United National Congress,UNC,0.418
2016.0,TTO,4283.0,People?s National Movement,PNM,0.392
2016.0,TTO,4284.0,National Alliance for Reconstruction,NAR,0.496
2016.0,TTO,4285.0,Congress of the People,COP,0.437
2016.0,TTO,5388.0,People's Partnership,PP,0.693
2017.0,TTO,4281.0,United National Congress,UNC,0.418
2017.0,TTO,4283.0,People?s National Movement,PNM,0.392
2017.0,TTO,4284.0,National Alliance for Reconstruction,NAR,0.496
2017.0,TTO,4285.0,Congress of the People,COP,0.437
2017.0,TTO,5388.0,People's Partnership,PP,0.693
2018.0,TTO,4281.0,United National Congress,UNC,0.418
2018.0,TTO,4283.0,People?s National Movement,PNM,0.392
2018.0,TTO,4284.0,National Alliance for Reconstruction,NAR,0.496
2018.0,TTO,4285.0,Congress of the People,COP,0.437
2018.0,TTO,5388.0,People's Partnership,PP,0.693
2019.0,TTO,4281.0,United National Congress,UNC,0.418
2019.0,TTO,4283.0,People?s National Movement,PNM,0.392
2019.0,TTO,4284.0,National Alliance for Reconstruction,NAR,0.496
2019.0,TTO,4285.0,Congress of the People,COP,0.437
2019.0,TTO,5388.0,People's Partnership,PP,0.693
1994.0,URY,118.0,National Party,PN,0.047
1994.0,URY,1419.0,Colorado Party,PC,0.143
1994.0,URY,1658.0,Broad Front / Progressive Encounter,FA/EP,0.526
1994.0,URY,3671.0,New Space,NE,0.315
1995.0,URY,118.0,National Party,PN,0.0596
1995.0,URY,1419.0,Colorado Party,PC,0.143
1995.0,URY,1658.0,Broad Front / Progressive Encounter,FA/EP,0.526
1995.0,URY,3671.0,New Space,NE,0.315
1996.0,URY,118.0,National Party,PN,0.0722
1996.0,URY,1419.0,Colorado Party,PC,0.143
1996.0,URY,1658.0,Broad Front / Progressive Encounter,FA/EP,0.526
1996.0,URY,3671.0,New Space,NE,0.315
1997.0,URY,118.0,National Party,PN,0.0848
1997.0,URY,1419.0,Colorado Party,PC,0.143
1997.0,URY,1658.0,Broad Front / Progressive Encounter,FA/EP,0.526
1997.0,URY,3671.0,New Space,NE,0.315
1998.0,URY,118.0,National Party,PN,0.0974
1998.0,URY,1419.0,Colorado Party,PC,0.143
1998.0,URY,1658.0,Broad Front / Progressive Encounter,FA/EP,0.526
1998.0,URY,3671.0,New Space,NE,0.315
1999.0,URY,118.0,National Party,PN,0.11
1999.0,URY,1419.0,Colorado Party,PC,0.143
1999.0,URY,1658.0,Broad Front / Progressive Encounter,FA/EP,0.526
1999.0,URY,3671.0,New Space,NE,0.315
2000.0,URY,118.0,National Party,PN,0.0978
2000.0,URY,1419.0,Colorado Party,PC,0.143
2000.0,URY,1658.0,Broad Front / Progressive Encounter,FA/EP,0.526
2000.0,URY,3671.0,New Space,NE,0.315
2001.0,URY,118.0,National Party,PN,0.08560000000000001
2001.0,URY,1419.0,Colorado Party,PC,0.143
2001.0,URY,1658.0,Broad Front / Progressive Encounter,FA/EP,0.526
2001.0,URY,3671.0,New Space,NE,0.315
2002.0,URY,118.0,National Party,PN,0.0734
2002.0,URY,1419.0,Colorado Party,PC,0.143
2002.0,URY,1658.0,Broad Front / Progressive Encounter,FA/EP,0.526
2002.0,URY,3671.0,New Space,NE,0.315
2003.0,URY,118.0,National Party,PN,0.061200000000000004
2003.0,URY,1419.0,Colorado Party,PC,0.143
2003.0,URY,1658.0,Broad Front / Progressive Encounter,FA/EP,0.526
2003.0,URY,3671.0,New Space,NE,0.315
2004.0,URY,118.0,National Party,PN,0.049
2004.0,URY,1419.0,Colorado Party,PC,0.143
2004.0,URY,1658.0,Broad Front / Progressive Encounter,FA/EP,0.526
2004.0,URY,3671.0,New Space,NE,0.315
2005.0,URY,118.0,National Party,PN,0.061
2005.0,URY,1419.0,Colorado Party,PC,0.143
2005.0,URY,1658.0,Broad Front / Progressive Encounter,FA/EP,0.5238
2005.0,URY,3671.0,New Space,NE,0.315
2006.0,URY,118.0,National Party,PN,0.07300000000000001
2006.0,URY,1419.0,Colorado Party,PC,0.143
2006.0,URY,1658.0,Broad Front / Progressive Encounter,FA/EP,0.5216000000000001
2006.0,URY,3671.0,New Space,NE,0.315
2007.0,URY,118.0,National Party,PN,0.085
2007.0,URY,1419.0,Colorado Party,PC,0.143
2007.0,URY,1658.0,Broad Front / Progressive Encounter,FA/EP,0.5194
2007.0,URY,3671.0,New Space,NE,0.315
2008.0,URY,118.0,National Party,PN,0.097
2008.0,URY,1419.0,Colorado Party,PC,0.143
2008.0,URY,1658.0,Broad Front / Progressive Encounter,FA/EP,0.5172
2008.0,URY,3671.0,New Space,NE,0.315
2009.0,URY,118.0,National Party,PN,0.109
2009.0,URY,1419.0,Colorado Party,PC,0.143
2009.0,URY,1658.0,Broad Front / Progressive Encounter,FA/EP,0.515
2009.0,URY,3671.0,New Space,NE,0.315
2010.0,URY,118.0,National Party,PN,0.0962
2010.0,URY,1419.0,Colorado Party,PC,0.143
2010.0,URY,1658.0,Broad Front / Progressive Encounter,FA/EP,0.511
2010.0,URY,3671.0,New Space,NE,0.315
2011.0,URY,118.0,National Party,PN,0.0834
2011.0,URY,1419.0,Colorado Party,PC,0.143
2011.0,URY,1658.0,Broad Front / Progressive Encounter,FA/EP,0.507
2011.0,URY,3671.0,New Space,NE,0.315
2012.0,URY,118.0,National Party,PN,0.0706
2012.0,URY,1419.0,Colorado Party,PC,0.143
2012.0,URY,1658.0,Broad Front / Progressive Encounter,FA/EP,0.503
2012.0,URY,3671.0,New Space,NE,0.315
2013.0,URY,118.0,National Party,PN,0.0578
2013.0,URY,1419.0,Colorado Party,PC,0.143
2013.0,URY,1658.0,Broad Front / Progressive Encounter,FA/EP,0.499
2013.0,URY,3671.0,New Space,NE,0.315
2014.0,URY,118.0,National Party,PN,0.045
2014.0,URY,1419.0,Colorado Party,PC,0.143
2014.0,URY,1658.0,Broad Front / Progressive Encounter,FA/EP,0.495
2014.0,URY,3671.0,New Space,NE,0.315
2015.0,URY,118.0,National Party,PN,0.0452
2015.0,URY,1419.0,Colorado Party,PC,0.14379999999999998
2015.0,URY,1658.0,Broad Front / Progressive Encounter,FA/EP,0.49119999999999997
2015.0,URY,3671.0,New Space,NE,0.315
2016.0,URY,118.0,National Party,PN,0.045399999999999996
2016.0,URY,1419.0,Colorado Party,PC,0.14459999999999998
2016.0,URY,1658.0,Broad Front / Progressive Encounter,FA/EP,0.4874
2016.0,URY,3671.0,New Space,NE,0.315
2017.0,URY,118.0,National Party,PN,0.0456
2017.0,URY,1419.0,Colorado Party,PC,0.1454
2017.0,URY,1658.0,Broad Front / Progressive Encounter,FA/EP,0.4836
2017.0,URY,3671.0,New Space,NE,0.315
2018.0,URY,118.0,National Party,PN,0.0458
2018.0,URY,1419.0,Colorado Party,PC,0.1462
2018.0,URY,1658.0,Broad Front / Progressive Encounter,FA/EP,0.4798
2018.0,URY,3671.0,New Space,NE,0.315
2019.0,URY,118.0,National Party,PN,0.046
2019.0,URY,1419.0,Colorado Party,PC,0.147
2019.0,URY,1658.0,Broad Front / Progressive Encounter,FA/EP,0.476
2019.0,URY,3671.0,New Space,NE,0.315
2019.0,URY,8123.0,Open Cabildo,CA,0.51
1993.0,VEN,646.0,Movement toward Socialism,MAS,0.752
1993.0,VEN,862.0,Democratic Action,AD,0.292
1993.0,VEN,4759.0,Political Electoral Independent Organization Committee / Social Christian Party / Green Party,COPEI,0.284
1993.0,VEN,4803.0,Radical Cause,LCR,0.932
1993.0,VEN,4804.0,National Convergence,CN,0.5
1994.0,VEN,646.0,Movement toward Socialism,MAS,0.7584
1994.0,VEN,862.0,Democratic Action,AD,0.2686
1994.0,VEN,4759.0,Political Electoral Independent Organization Committee / Social Christian Party / Green Party,COPEI,0.2798
1994.0,VEN,4803.0,Radical Cause,LCR,0.932
1994.0,VEN,4804.0,National Convergence,CN,0.5
1995.0,VEN,646.0,Movement toward Socialism,MAS,0.7648
1995.0,VEN,862.0,Democratic Action,AD,0.24519999999999997
1995.0,VEN,4759.0,Political Electoral Independent Organization Committee / Social Christian Party / Green Party,COPEI,0.2756
1995.0,VEN,4803.0,Radical Cause,LCR,0.932
1995.0,VEN,4804.0,National Convergence,CN,0.5
1996.0,VEN,646.0,Movement toward Socialism,MAS,0.7712
1996.0,VEN,862.0,Democratic Action,AD,0.2218
1996.0,VEN,4759.0,Political Electoral Independent Organization Committee / Social Christian Party / Green Party,COPEI,0.2714
1996.0,VEN,4803.0,Radical Cause,LCR,0.932
1996.0,VEN,4804.0,National Convergence,CN,0.5
1997.0,VEN,646.0,Movement toward Socialism,MAS,0.7776000000000001
1997.0,VEN,862.0,Democratic Action,AD,0.1984
1997.0,VEN,4759.0,Political Electoral Independent Organization Committee / Social Christian Party / Green Party,COPEI,0.2672
1997.0,VEN,4803.0,Radical Cause,LCR,0.932
1997.0,VEN,4804.0,National Convergence,CN,0.5
1998.0,VEN,646.0,Movement toward Socialism,MAS,0.784
1998.0,VEN,862.0,Democratic Action,AD,0.175
1998.0,VEN,1754.0,Fifth Republic Movement,MVR,0.994
1998.0,VEN,4759.0,Political Electoral Independent Organization Committee / Social Christian Party / Green Party,COPEI,0.263
1998.0,VEN,4802.0,Venezuela Project,PRVZL,0.278
1998.0,VEN,4803.0,Radical Cause,LCR,0.932
1998.0,VEN,4804.0,National Convergence,CN,0.5
1999.0,VEN,646.0,Movement toward Socialism,MAS,0.804
1999.0,VEN,862.0,Democratic Action,AD,0.26349999999999996
1999.0,VEN,1754.0,Fifth Republic Movement,MVR,0.994
1999.0,VEN,4759.0,Political Electoral Independent Organization Committee / Social Christian Party / Green Party,COPEI,0.307
1999.0,VEN,4802.0,Venezuela Project,PRVZL,0.277
1999.0,VEN,4803.0,Radical Cause,LCR,0.932
1999.0,VEN,4804.0,National Convergence,CN,0.5
2000.0,VEN,646.0,Movement toward Socialism,MAS,0.824
2000.0,VEN,862.0,Democratic Action,AD,0.352
2000.0,VEN,1754.0,Fifth Republic Movement,MVR,0.994
2000.0,VEN,4759.0,Political Electoral Independent Organization Committee / Social Christian Party / Green Party,COPEI,0.351
2000.0,VEN,4802.0,Venezuela Project,PRVZL,0.276
2000.0,VEN,4803.0,Radical Cause,LCR,0.932
2000.0,VEN,4804.0,National Convergence,CN,0.5
2001.0,VEN,646.0,Movement toward Socialism,MAS,0.824
2001.0,VEN,862.0,Democratic Action,AD,0.3725
2001.0,VEN,1754.0,Fifth Republic Movement,MVR,0.994
2001.0,VEN,4759.0,Political Electoral Independent Organization Committee / Social Christian Party / Green Party,COPEI,0.353
2001.0,VEN,4802.0,Venezuela Project,PRVZL,0.276
2001.0,VEN,4803.0,Radical Cause,LCR,0.932
2001.0,VEN,4804.0,National Convergence,CN,0.5
2002.0,VEN,646.0,Movement toward Socialism,MAS,0.824
2002.0,VEN,862.0,Democratic Action,AD,0.393
2002.0,VEN,1754.0,Fifth Republic Movement,MVR,0.994
2002.0,VEN,4759.0,Political Electoral Independent Organization Committee / Social Christian Party / Green Party,COPEI,0.355
2002.0,VEN,4802.0,Venezuela Project,PRVZL,0.276
2002.0,VEN,4803.0,Radical Cause,LCR,0.932
2002.0,VEN,4804.0,National Convergence,CN,0.5
2003.0,VEN,646.0,Movement toward Socialism,MAS,0.824
2003.0,VEN,862.0,Democratic Action,AD,0.4135
2003.0,VEN,1754.0,Fifth Republic Movement,MVR,0.994
2003.0,VEN,4759.0,Political Electoral Independent Organization Committee / Social Christian Party / Green Party,COPEI,0.357
2003.0,VEN,4802.0,Venezuela Project,PRVZL,0.276
2003.0,VEN,4803.0,Radical Cause,LCR,0.932
2003.0,VEN,4804.0,National Convergence,CN,0.5
2004.0,VEN,646.0,Movement toward Socialism,MAS,0.824
2004.0,VEN,862.0,Democratic Action,AD,0.434
2004.0,VEN,1754.0,Fifth Republic Movement,MVR,0.994
2004.0,VEN,4759.0,Political Electoral Independent Organization Committee / Social Christian Party / Green Party,COPEI,0.359
2004.0,VEN,4802.0,Venezuela Project,PRVZL,0.276
2004.0,VEN,4803.0,Radical Cause,LCR,0.932
2004.0,VEN,4804.0,National Convergence,CN,0.5
2005.0,VEN,413.0,For Social Democracy,PODEMOS,0.83
2005.0,VEN,646.0,Movement toward Socialism,MAS,0.824
2005.0,VEN,862.0,Democratic Action,AD,0.4545
2005.0,VEN,1356.0,Fatherland for All,PPT,0.927
2005.0,VEN,1754.0,Fifth Republic Movement,MVR,0.994
2005.0,VEN,4759.0,Political Electoral Independent Organization Committee / Social Christian Party / Green Party,COPEI,0.361
2005.0,VEN,4802.0,Venezuela Project,PRVZL,0.276
2005.0,VEN,4803.0,Radical Cause,LCR,0.932
2005.0,VEN,4804.0,National Convergence,CN,0.5
2006.0,VEN,413.0,For Social Democracy,PODEMOS,0.83
2006.0,VEN,646.0,Movement toward Socialism,MAS,0.824
2006.0,VEN,862.0,Democratic Action,AD,0.47500000000000003
2006.0,VEN,1356.0,Fatherland for All,PPT,0.9226000000000001
2006.0,VEN,1754.0,Fifth Republic Movement,MVR,0.994
2006.0,VEN,4759.0,Political Electoral Independent Organization Committee / Social Christian Party / Green Party,COPEI,0.363
2006.0,VEN,4802.0,Venezuela Project,PRVZL,0.276
2006.0,VEN,4803.0,Radical Cause,LCR,0.932
2006.0,VEN,4804.0,National Convergence,CN,0.5
2007.0,VEN,413.0,For Social Democracy,PODEMOS,0.83
2007.0,VEN,646.0,Movement toward Socialism,MAS,0.824
2007.0,VEN,862.0,Democratic Action,AD,0.49550000000000005
2007.0,VEN,1356.0,Fatherland for All,PPT,0.9182
2007.0,VEN,1754.0,Fifth Republic Movement,MVR,0.994
2007.0,VEN,4759.0,Political Electoral Independent Organization Committee / Social Christian Party / Green Party,COPEI,0.365
2007.0,VEN,4802.0,Venezuela Project,PRVZL,0.276
2007.0,VEN,4803.0,Radical Cause,LCR,0.932
2007.0,VEN,4804.0,National Convergence,CN,0.5
2008.0,VEN,413.0,For Social Democracy,PODEMOS,0.83
2008.0,VEN,646.0,Movement toward Socialism,MAS,0.824
2008.0,VEN,862.0,Democratic Action,AD,0.516
2008.0,VEN,1356.0,Fatherland for All,PPT,0.9138000000000001
2008.0,VEN,1754.0,Fifth Republic Movement,MVR,0.994
2008.0,VEN,4759.0,Political Electoral Independent Organization Committee / Social Christian Party / Green Party,COPEI,0.367
2008.0,VEN,4802.0,Venezuela Project,PRVZL,0.276
2008.0,VEN,4803.0,Radical Cause,LCR,0.932
2008.0,VEN,4804.0,National Convergence,CN,0.5
2009.0,VEN,413.0,For Social Democracy,PODEMOS,0.83
2009.0,VEN,646.0,Movement toward Socialism,MAS,0.824
2009.0,VEN,862.0,Democratic Action,AD,0.5365000000000001
2009.0,VEN,1356.0,Fatherland for All,PPT,0.9094
2009.0,VEN,1754.0,Fifth Republic Movement,MVR,0.994
2009.0,VEN,4759.0,Political Electoral Independent Organization Committee / Social Christian Party / Green Party,COPEI,0.369
2009.0,VEN,4802.0,Venezuela Project,PRVZL,0.276
2009.0,VEN,4803.0,Radical Cause,LCR,0.932
2009.0,VEN,4804.0,National Convergence,CN,0.5
2010.0,VEN,413.0,For Social Democracy,PODEMOS,0.83
2010.0,VEN,646.0,Movement toward Socialism,MAS,0.824
2010.0,VEN,849.0,A New Era,UNT,0.527
2010.0,VEN,862.0,Democratic Action,AD,0.557
2010.0,VEN,1356.0,Fatherland for All,PPT,0.905
2010.0,VEN,1754.0,Fifth Republic Movement,MVR,0.994
2010.0,VEN,4759.0,Political Electoral Independent Organization Committee / Social Christian Party / Green Party,COPEI,0.371
2010.0,VEN,4802.0,Venezuela Project,PRVZL,0.276
2010.0,VEN,4803.0,Radical Cause,LCR,0.932
2010.0,VEN,4804.0,National Convergence,CN,0.5
2010.0,VEN,5094.0,United Socialist Party of Venezuela,PSUV,0.986
2011.0,VEN,413.0,For Social Democracy,PODEMOS,0.83
2011.0,VEN,646.0,Movement toward Socialism,MAS,0.824
2011.0,VEN,849.0,A New Era,UNT,0.525
2011.0,VEN,862.0,Democratic Action,AD,0.5632
2011.0,VEN,1356.0,Fatherland for All,PPT,0.905
2011.0,VEN,1754.0,Fifth Republic Movement,MVR,0.994
2011.0,VEN,4759.0,Political Electoral Independent Organization Committee / Social Christian Party / Green Party,COPEI,0.371
2011.0,VEN,4802.0,Venezuela Project,PRVZL,0.276
2011.0,VEN,4803.0,Radical Cause,LCR,0.932
2011.0,VEN,4804.0,National Convergence,CN,0.5
2011.0,VEN,5094.0,United Socialist Party of Venezuela,PSUV,0.986
2012.0,VEN,413.0,For Social Democracy,PODEMOS,0.83
2012.0,VEN,646.0,Movement toward Socialism,MAS,0.824
2012.0,VEN,849.0,A New Era,UNT,0.523
2012.0,VEN,862.0,Democratic Action,AD,0.5694
2012.0,VEN,1356.0,Fatherland for All,PPT,0.905
2012.0,VEN,1754.0,Fifth Republic Movement,MVR,0.994
2012.0,VEN,4759.0,Political Electoral Independent Organization Committee / Social Christian Party / Green Party,COPEI,0.371
2012.0,VEN,4802.0,Venezuela Project,PRVZL,0.276
2012.0,VEN,4803.0,Radical Cause,LCR,0.932
2012.0,VEN,4804.0,National Convergence,CN,0.5
2012.0,VEN,5094.0,United Socialist Party of Venezuela,PSUV,0.986
2013.0,VEN,413.0,For Social Democracy,PODEMOS,0.83
2013.0,VEN,646.0,Movement toward Socialism,MAS,0.824
2013.0,VEN,849.0,A New Era,UNT,0.521
2013.0,VEN,862.0,Democratic Action,AD,0.5756
2013.0,VEN,1356.0,Fatherland for All,PPT,0.905
2013.0,VEN,1754.0,Fifth Republic Movement,MVR,0.994
2013.0,VEN,4759.0,Political Electoral Independent Organization Committee / Social Christian Party / Green Party,COPEI,0.371
2013.0,VEN,4802.0,Venezuela Project,PRVZL,0.276
2013.0,VEN,4803.0,Radical Cause,LCR,0.932
2013.0,VEN,4804.0,National Convergence,CN,0.5
2013.0,VEN,5094.0,United Socialist Party of Venezuela,PSUV,0.986
2014.0,VEN,413.0,For Social Democracy,PODEMOS,0.83
2014.0,VEN,646.0,Movement toward Socialism,MAS,0.824
2014.0,VEN,849.0,A New Era,UNT,0.519
2014.0,VEN,862.0,Democratic Action,AD,0.5818
2014.0,VEN,1356.0,Fatherland for All,PPT,0.905
2014.0,VEN,1754.0,Fifth Republic Movement,MVR,0.994
2014.0,VEN,4759.0,Political Electoral Independent Organization Committee / Social Christian Party / Green Party,COPEI,0.371
2014.0,VEN,4802.0,Venezuela Project,PRVZL,0.276
2014.0,VEN,4803.0,Radical Cause,LCR,0.932
2014.0,VEN,4804.0,National Convergence,CN,0.5
2014.0,VEN,5094.0,United Socialist Party of Venezuela,PSUV,0.986
2015.0,VEN,361.0,Justice First,PJ,0.496
2015.0,VEN,413.0,For Social Democracy,PODEMOS,0.83
2015.0,VEN,646.0,Movement toward Socialism,MAS,0.824
2015.0,VEN,849.0,A New Era,UNT,0.517
2015.0,VEN,862.0,Democratic Action,AD,0.588
2015.0,VEN,1356.0,Fatherland for All,PPT,0.905
2015.0,VEN,1754.0,Fifth Republic Movement,MVR,0.994
2015.0,VEN,4759.0,Political Electoral Independent Organization Committee / Social Christian Party / Green Party,COPEI,0.371
2015.0,VEN,4802.0,Venezuela Project,PRVZL,0.276
2015.0,VEN,4803.0,Radical Cause,LCR,0.932
2015.0,VEN,4804.0,National Convergence,CN,0.5
2015.0,VEN,5094.0,United Socialist Party of Venezuela,PSUV,0.986
2015.0,VEN,7976.0,Popular Will,VP,0.562
2016.0,VEN,361.0,Justice First,PJ,0.496
2016.0,VEN,413.0,For Social Democracy,PODEMOS,0.83
2016.0,VEN,646.0,Movement toward Socialism,MAS,0.824
2016.0,VEN,849.0,A New Era,UNT,0.517
2016.0,VEN,862.0,Democratic Action,AD,0.588
2016.0,VEN,1356.0,Fatherland for All,PPT,0.905
2016.0,VEN,1754.0,Fifth Republic Movement,MVR,0.994
2016.0,VEN,4759.0,Political Electoral Independent Organization Committee / Social Christian Party / Green Party,COPEI,0.371
2016.0,VEN,4802.0,Venezuela Project,PRVZL,0.276
2016.0,VEN,4803.0,Radical Cause,LCR,0.932
2016.0,VEN,4804.0,National Convergence,CN,0.5
2016.0,VEN,5094.0,United Socialist Party of Venezuela,PSUV,0.986
2016.0,VEN,7976.0,Popular Will,VP,0.562
2017.0,VEN,361.0,Justice First,PJ,0.496
2017.0,VEN,413.0,For Social Democracy,PODEMOS,0.83
2017.0,VEN,646.0,Movement toward Socialism,MAS,0.824
2017.0,VEN,849.0,A New Era,UNT,0.517
2017.0,VEN,862.0,Democratic Action,AD,0.588
2017.0,VEN,1356.0,Fatherland for All,PPT,0.905
2017.0,VEN,1754.0,Fifth Republic Movement,MVR,0.994
2017.0,VEN,4759.0,Political Electoral Independent Organization Committee / Social Christian Party / Green Party,COPEI,0.371
2017.0,VEN,4802.0,Venezuela Project,PRVZL,0.276
2017.0,VEN,4803.0,Radical Cause,LCR,0.932
2017.0,VEN,4804.0,National Convergence,CN,0.5
2017.0,VEN,5094.0,United Socialist Party of Venezuela,PSUV,0.986
2017.0,VEN,7976.0,Popular Will,VP,0.562
2018.0,VEN,361.0,Justice First,PJ,0.496
2018.0,VEN,413.0,For Social Democracy,PODEMOS,0.83
2018.0,VEN,646.0,Movement toward Socialism,MAS,0.824
2018.0,VEN,849.0,A New Era,UNT,0.517
2018.0,VEN,862.0,Democratic Action,AD,0.588
2018.0,VEN,1356.0,Fatherland for All,PPT,0.905
2018.0,VEN,1754.0,Fifth Republic Movement,MVR,0.994
2018.0,VEN,4759.0,Political Electoral Independent Organization Committee / Social Christian Party / Green Party,COPEI,0.371
2018.0,VEN,4802.0,Venezuela Project,PRVZL,0.276
2018.0,VEN,4803.0,Radical Cause,LCR,0.932
2018.0,VEN,4804.0,National Convergence,CN,0.5
2018.0,VEN,5094.0,United Socialist Party of Venezuela,PSUV,0.986
2018.0,VEN,7976.0,Popular Will,VP,0.562
2019.0,VEN,361.0,Justice First,PJ,0.496
2019.0,VEN,413.0,For Social Democracy,PODEMOS,0.83
2019.0,VEN,646.0,Movement toward Socialism,MAS,0.824
2019.0,VEN,849.0,A New Era,UNT,0.517
2019.0,VEN,862.0,Democratic Action,AD,0.588
2019.0,VEN,1356.0,Fatherland for All,PPT,0.905
2019.0,VEN,1754.0,Fifth Republic Movement,MVR,0.994
2019.0,VEN,4759.0,Political Electoral Independent Organization Committee / Social Christian Party / Green Party,COPEI,0.371
2019.0,VEN,4802.0,Venezuela Project,PRVZL,0.276
2019.0,VEN,4803.0,Radical Cause,LCR,0.932
2019.0,VEN,4804.0,National Convergence,CN,0.5
2019.0,VEN,5094.0,United Socialist Party of Venezuela,PSUV,0.986
2019.0,VEN,7976.0,Popular Will,VP,0.562
