ISO2,ISO3,YEAR,COUNTRY,REGION,LDC,LLDC,SIDS,POP_R,PARTY_CODE,PARTY_NAME,VDEM_1,VDEM_2,VDEM_3,VDEM_4,VDEM_5,VDEM_6,HERITAGE_1,HERITAGE_2,HERITAGE_3,HERITAGE_4,HERITAGE_5,HERITAGE_6,EFW_1,EFW_2,EFW_3,EFW_4,EFW_5,EFW_6
NA,AIA,2000,Anguila,Caribbean,0,0,1,,,,,,,,,,,,,,,,,,,,,
NA,AIA,2001,Anguila,Caribbean,0,0,1,,,,,,,,,,,,,,,,,,,,,
NA,AIA,2002,Anguila,Caribbean,0,0,1,,,,,,,,,,,,,,,,,,,,,
NA,AIA,2003,Anguila,Caribbean,0,0,1,,,,,,,,,,,,,,,,,,,,,
NA,AIA,2004,Anguila,Caribbean,0,0,1,,,,,,,,,,,,,,,,,,,,,
NA,AIA,2005,Anguila,Caribbean,0,0,1,,,,,,,,,,,,,,,,,,,,,
NA,AIA,2006,Anguila,Caribbean,0,0,1,,,,,,,,,,,,,,,,,,,,,
NA,AIA,2007,Anguila,Caribbean,0,0,1,,,,,,,,,,,,,,,,,,,,,
NA,AIA,2008,Anguila,Caribbean,0,0,1,,,,,,,,,,,,,,,,,,,,,
NA,AIA,2009,Anguila,Caribbean,0,0,1,,,,,,,,,,,,,,,,,,,,,
NA,AIA,2010,Anguila,Caribbean,0,0,1,,,,,,,,,,,,,,,,,,,,,
NA,AIA,2011,Anguila,Caribbean,0,0,1,,,,,,,,,,,,,,,,,,,,,
NA,AIA,2012,Anguila,Caribbean,0,0,1,,,,,,,,,,,,,,,,,,,,,
NA,AIA,2013,Anguila,Caribbean,0,0,1,,,,,,,,,,,,,,,,,,,,,
NA,AIA,2014,Anguila,Caribbean,0,0,1,,,,,,,,,,,,,,,,,,,,,
NA,AIA,2015,Anguila,Caribbean,0,0,1,,,,,,,,,,,,,,,,,,,,,
NA,AIA,2016,Anguila,Caribbean,0,0,1,,,,,,,,,,,,,,,,,,,,,
NA,AIA,2017,Anguila,Caribbean,0,0,1,,,,,,,,,,,,,,,,,,,,,
NA,AIA,2018,Anguila,Caribbean,0,0,1,,,,,,,,,,,,,,,,,,,,,
NA,AIA,2019,Anguila,Caribbean,0,0,1,,,,,,,,,,,,,,,,,,,,,
NA,AIA,2020,Anguila,Caribbean,0,0,1,,,,,,,,,,,,,,,,,,,,,
NA,ATG,2000,Antigua and Barbuda,Caribbean,0,0,1,,,,,,,,,,,,,,,,,,,,,
NA,ATG,2001,Antigua and Barbuda,Caribbean,0,0,1,,,,,,,,,,,,,,,,,,,,,
NA,ATG,2002,Antigua and Barbuda,Caribbean,0,0,1,,,,,,,,,,,,,,,,,,,,,
NA,ATG,2003,Antigua and Barbuda,Caribbean,0,0,1,,,,,,,,,,,,,,,,,,,,,
NA,ATG,2004,Antigua and Barbuda,Caribbean,0,0,1,,,,,,,,,,,,,,,,,,,,,
NA,ATG,2005,Antigua and Barbuda,Caribbean,0,0,1,,,,,,,,,,,,,,,,,,,,,
NA,ATG,2006,Antigua and Barbuda,Caribbean,0,0,1,,,,,,,,,,,,,,,,,,,,,
NA,ATG,2007,Antigua and Barbuda,Caribbean,0,0,1,,,,,,,,,,,,,,,,,,,,,
NA,ATG,2008,Antigua and Barbuda,Caribbean,0,0,1,,,,,,,,,,,,,,,,,,,,,
NA,ATG,2009,Antigua and Barbuda,Caribbean,0,0,1,,,,,,,,,,,,,,,,,,,,,
NA,ATG,2010,Antigua and Barbuda,Caribbean,0,0,1,,,,,,,,,,,,,,,,,,,,,
NA,ATG,2011,Antigua and Barbuda,Caribbean,0,0,1,,,,,,,,,,,,,,,,,,,,,
NA,ATG,2012,Antigua and Barbuda,Caribbean,0,0,1,,,,,,,,,,,,,,,,,,,,,
NA,ATG,2013,Antigua and Barbuda,Caribbean,0,0,1,,,,,,,,,,,,,,,,,,,,,
NA,ATG,2014,Antigua and Barbuda,Caribbean,0,0,1,,,,,,,,,,,,,,,,,,,,,
NA,ATG,2015,Antigua and Barbuda,Caribbean,0,0,1,,,,,,,,,,,,,,,,,,,,,
NA,ATG,2016,Antigua and Barbuda,Caribbean,0,0,1,,,,,,,,,,,,,,,,,,,,,
NA,ATG,2017,Antigua and Barbuda,Caribbean,0,0,1,,,,,,,,,,,,,,,,,,,,,
NA,ATG,2018,Antigua and Barbuda,Caribbean,0,0,1,,,,,,,,,,,,,,,,,,,,,
NA,ATG,2019,Antigua and Barbuda,Caribbean,0,0,1,,,,,,,,,,,,,,,,,,,,,
NA,ATG,2020,Antigua and Barbuda,Caribbean,0,0,1,,,,,,,,,,,,,,,,,,,,,
AR,ARG,2000,Argentina,South America,0,0,0,0.309,UCR,Radical Civic Union,33.3,27.60000000000001,27.299999999999997,20.9,29.599999999999998,12.949999999999989,30.0,15.0,10.400000000000006,38.0,30.0,70.0,22.623479295390865,16.92500000000001,0.0,24.653252978906977,46.30610796361375,44.01641567775263
AR,ARG,2001,Argentina,South America,0,0,0,0.288,UCR,Radical Civic Union,32.8,27.900000000000006,22.599999999999994,20.9,29.099999999999998,14.649999999999991,50.0,15.0,4.599999999999994,35.0,30.0,70.0,23.960981736778663,18.200000000000003,0.0,31.835545988820556,45.92242111247559,64.34352521672103
AR,ARG,2002,Argentina,South America,0,0,0,0.5805,PJ,Justicialist [Peronist] Party,35.0,29.299999999999997,23.0,28.799999999999997,30.4,14.649999999999991,50.0,30.0,5.700000000000003,47.0,30.0,65.0,26.999787283611724,18.200000000000003,0.0,32.89377161587187,42.27701272551852,59.31147401108597
AR,ARG,2003,Argentina,South America,0,0,0,0.791,FPV-PJ,Front for Victory,36.1,28.0,23.0,48.4,33.1,46.675,70.0,30.0,11.5,46.0,70.0,65.0,22.55203200185518,18.200000000000003,50.0,32.188968479745924,43.70558415408994,58.61147401108597
AR,ARG,2004,Argentina,South America,0,0,0,0.791,FPV-PJ,Front for Victory,35.5,28.0,23.0,48.4,32.9,23.02499999999999,70.0,30.0,36.0,38.4,70.0,72.0,21.141494745036965,22.573564269417616,50.0,33.617909888960554,43.30303138040315,55.82834014583774
AR,ARG,2005,Argentina,South America,0,0,0,0.791,FPV-PJ,Front for Victory,35.900000000000006,30.10000000000001,23.700000000000003,48.4,34.9,23.02499999999999,70.0,30.0,34.599999999999994,43.8,70.0,75.0,20.66132634037409,18.200000000000003,50.0,36.49651528366414,41.81669878269156,53.867553715695074
AR,ARG,2006,Argentina,South America,0,0,0,0.797,FPV-PJ,Front for Victory,35.900000000000006,30.10000000000001,23.700000000000003,48.4,35.0,23.02499999999999,70.0,37.1,28.5,32.599999999999994,70.0,75.0,21.135914806389522,19.97500000000001,50.0,34.31832400854893,46.073545051869445,65.78426551066772
AR,ARG,2007,Argentina,South America,0,0,0,0.803,FPV-PJ,Front for Victory,36.9,30.700000000000003,25.599999999999994,48.4,35.4,23.02499999999999,70.0,36.1,28.599999999999994,38.6,60.0,72.0,26.79047226439566,19.97500000000001,50.0,33.70096715375257,44.417681426197674,62.865285697815565
AR,ARG,2008,Argentina,South America,0,0,0,0.837,FPV-PJ,Front for Victory,38.1,34.89999999999999,24.299999999999997,48.4,37.3,30.174999999999997,70.0,36.33079958,35.013868689999995,30.400000000000006,60.0,71.0,30.662092773320893,23.674999999999997,50.0,33.58980653990656,47.495219507251775,65.22089647490364
AR,ARG,2009,Argentina,South America,0,0,0,0.871,FPV-PJ,Front for Victory,38.1,34.89999999999999,24.299999999999997,48.4,37.6,31.10000000000001,80.0,37.92574343,39.41965623,30.0,60.0,71.0,35.56240291323944,23.674999999999997,50.0,36.61699350378069,44.67758546839625,62.362251923798084
AR,ARG,2010,Argentina,South America,0,0,0,0.871,FPV-PJ,Front for Victory,38.1,34.89999999999999,23.0,48.4,37.0,32.95,80.0,37.9,38.8,30.5,70.0,71.0,38.80957066715901,23.674999999999997,50.0,39.39444261980471,41.091243924306575,55.984175891345316
AR,ARG,2011,Argentina,South America,0,0,0,0.871,FPV-PJ,Front for Victory,37.6,34.89999999999999,27.700000000000003,48.4,37.3,32.95,80.0,37.6,36.8,30.5,70.0,71.0,42.4231474156762,23.674999999999997,50.0,43.12619673964213,41.91230865339584,55.07154178642985
AR,ARG,2012,Argentina,South America,0,0,0,0.8714999999999999,FPV-PJ,Front for Victory,37.6,34.89999999999999,27.5,48.4,37.9,34.075,80.0,39.0,39.3,32.400000000000006,70.0,71.0,47.5658211083085,27.849999999999994,50.0,64.38479480335926,44.15330180240352,58.33408442314084
AR,ARG,2013,Argentina,South America,0,0,0,0.872,FPV-PJ,Front for Victory,40.1,34.3,29.200000000000003,52.300000000000004,38.4,34.075,85.0,39.9,39.6,32.400000000000006,70.0,70.0,50.65003830645633,27.849999999999994,50.0,65.93641900763056,45.74674166721027,58.21662780122835
AR,ARG,2014,Argentina,South America,0,0,0,0.86,FPV-PJ,Front for Victory,40.1,34.3,28.0,52.300000000000004,38.7,29.200000000000003,85.0,46.1,40.0,31.099999999999994,70.0,70.5,58.766862921248205,27.849999999999994,50.0,68.15805747624117,42.51332122028542,58.46725115739765
AR,ARG,2015,Argentina,South America,0,0,0,0.848,FPV-PJ,Front for Victory,38.1,33.89999999999999,25.0,42.6,35.6,29.200000000000003,85.0,47.2,40.4,31.200000000000003,70.0,66.0,39.510695774306996,28.25,0.0,65.02897357885271,44.86350651129233,56.928487300792554
AR,ARG,2016,Argentina,South America,0,0,0,0.1465,PRO,Republican Proposal,31.10000000000001,22.200000000000003,15.700000000000003,36.9,28.1,23.075000000000003,85.0,44.0,56.0,32.599999999999994,70.0,66.0,40.05449591280653,26.700000000000003,0.0,37.23913033504145,42.543365295887114,49.299936422570276
AR,ARG,2017,Argentina,South America,0,0,0,0.145,PRO,Republican Proposal,31.0,24.599999999999994,17.900000000000006,36.9,29.799999999999997,23.075000000000003,67.6,42.7,49.1,33.3,50.0,61.8,36.9209809264305,26.700000000000003,0.0,32.75039027606063,42.260488210708765,48.42904452395916
AR,ARG,2018,Argentina,South America,0,0,0,0.1654999999999999,PRO,Republican Proposal,32.099999999999994,24.5,21.599999999999994,33.4,29.599999999999998,25.325000000000003,59.2,43.8,48.7,29.700000000000003,40.0,67.4,37.3841961852861,26.700000000000003,50.0,26.72071879515579,42.231038405946876,48.96238331840362
AR,ARG,2019,Argentina,South America,0,0,0,0.186,PRO,Republican Proposal,33.5,26.700000000000003,24.700000000000003,38.3,31.7,25.325000000000003,52.2,43.6,39.8,30.0,40.0,66.5,35.068119891008166,27.625,50.0,44.10391025939269,42.231038405946876,51.18460554062583
AR,ARG,2020,Argentina,South America,0,0,0,,FPV-PJ,Front for Victory,31.0,22.799999999999997,24.700000000000003,39.5,30.3,12.5,49.5,39.8,46.3,30.799999999999997,40.0,50.3,51.144414168937324,27.625,50.0,69.49370437125722,42.231038405946876,49.896411096181396
NA,SBW,2000,Aruba,Caribbean,0,0,1,,,,,,,,,,,,,,,,,,,,,
NA,SBW,2001,Aruba,Caribbean,0,0,1,,,,,,,,,,,,,,,,,,,,,
NA,SBW,2002,Aruba,Caribbean,0,0,1,,,,,,,,,,,,,,,,,,,,,
NA,SBW,2003,Aruba,Caribbean,0,0,1,,,,,,,,,,,,,,,,,,,,,
NA,SBW,2004,Aruba,Caribbean,0,0,1,,,,,,,,,,,,,,,,,,,,,
NA,SBW,2005,Aruba,Caribbean,0,0,1,,,,,,,,,,,,,,,,,,,,,
NA,SBW,2006,Aruba,Caribbean,0,0,1,,,,,,,,,,,,,,,,,,,,,
NA,SBW,2007,Aruba,Caribbean,0,0,1,,,,,,,,,,,,,,,,,,,,,
NA,SBW,2008,Aruba,Caribbean,0,0,1,,,,,,,,,,,,,,,,,,,,,
NA,SBW,2009,Aruba,Caribbean,0,0,1,,,,,,,,,,,,,,,,,,,,,
NA,SBW,2010,Aruba,Caribbean,0,0,1,,,,,,,,,,,,,,,,,,,,,
NA,SBW,2011,Aruba,Caribbean,0,0,1,,,,,,,,,,,,,,,,,,,,,
NA,SBW,2012,Aruba,Caribbean,0,0,1,,,,,,,,,,,,,,,,,,,,,
NA,SBW,2013,Aruba,Caribbean,0,0,1,,,,,,,,,,,,,,,,,,,,,
NA,SBW,2014,Aruba,Caribbean,0,0,1,,,,,,,,,,,,,,,,,,,,,
NA,SBW,2015,Aruba,Caribbean,0,0,1,,,,,,,,,,,,,,,,,,,,,
NA,SBW,2016,Aruba,Caribbean,0,0,1,,,,,,,,,,,,,,,,,,,,,
NA,SBW,2017,Aruba,Caribbean,0,0,1,,,,,,,,,,,,,,,,,,,,,
NA,SBW,2018,Aruba,Caribbean,0,0,1,,,,,,,,,,,,,,,,,,,,,
NA,SBW,2019,Aruba,Caribbean,0,0,1,,,,,,,,,,,,,,,,,,,,,
NA,SBW,2020,Aruba,Caribbean,0,0,1,,,,,,,,,,,,,,,,,,,,,
BS,BHS,2000,Bahamas,Caribbean,0,0,1,,,,,,,,,,10.0,0.0,13.0,85.0,30.0,30.0,10.326975476839237,,100.0,52.99145299145299,13.644358862361997,23.251526563320496
BS,BHS,2001,Bahamas,Caribbean,0,0,1,,,,,,,,,,10.0,0.0,12.700000000000003,80.6,30.0,30.0,9.591280653950932,,100.0,53.802564102564105,13.644358862361997,23.251526563320496
BS,BHS,2002,Bahamas,Caribbean,0,0,1,,,,,,,,,,10.0,0.0,11.900000000000006,85.0,30.0,30.0,9.591280653950932,,100.0,54.473504273504275,13.644358862361997,23.251526563320496
BS,BHS,2003,Bahamas,Caribbean,0,0,1,,,,,,,,,,10.0,0.0,19.599999999999994,85.0,30.0,30.0,10.163487738419633,,100.0,54.7957264957265,13.644358862361997,23.251526563320496
BS,BHS,2004,Bahamas,Caribbean,0,0,1,,,,,,,,,,10.0,15.0,17.5,83.0,30.0,30.0,10.681198910081747,,100.0,51.75811965811966,13.644358862361997,23.251526563320496
BS,BHS,2005,Bahamas,Caribbean,0,0,1,,,,,,,,,,10.0,15.0,20.5,83.0,30.0,30.0,12.152588555858316,,100.0,41.86304273504273,13.644358862361997,23.251526563320496
BS,BHS,2006,Bahamas,Caribbean,0,0,1,,,,,,,,,,10.0,20.0,17.799999999999997,83.0,30.0,30.0,7.049046321525907,,100.0,37.639086925704575,13.007339800697707,23.251526563320496
BS,BHS,2007,Bahamas,Caribbean,0,0,1,,,,,,,,,,20.0,20.0,23.900000000000006,61.2,30.0,30.0,9.49622842624818,,100.0,36.205864703482355,13.007339800697707,23.251526563320496
BS,BHS,2008,Bahamas,Caribbean,0,0,1,,,,,,,,,,20.0,20.0,23.687075699999994,68.0,30.0,30.0,10.078422573113272,,100.0,36.328086925704575,13.007339800697707,23.251526563320496
BS,BHS,2009,Bahamas,Caribbean,0,0,1,,,,,,,,,,25.0,25.299505010000004,24.463629030000007,44.0,30.0,50.0,11.246707026389913,,100.0,40.5303539446444,12.636514840445358,23.251526563320496
BS,BHS,2010,Bahamas,Caribbean,0,0,1,,,,,,,,,,30.0,26.599999999999994,27.299999999999997,57.8,30.0,45.0,10.2942779291553,,100.0,40.13557616686662,15.093765613312257,30.56515722105418
BS,BHS,2011,Bahamas,Caribbean,0,0,1,,,,,,,,,,30.0,27.5,25.400000000000006,57.8,30.0,45.0,10.027247956403272,,100.0,40.44668727797773,18.960725443842605,30.56515722105418
BS,BHS,2012,Bahamas,Caribbean,0,0,1,,,,,,,,,,30.0,29.099999999999994,24.0,57.8,30.0,45.0,10.524518981115676,,100.0,40.22123181105364,18.960725443842605,33.84798550388247
BS,BHS,2013,Bahamas,Caribbean,0,0,1,,,,,,,,,,30.0,28.700000000000003,24.200000000000003,53.0,30.0,27.0,10.852938787009322,,100.0,40.11578736660921,22.960725443842605,55.89865700258831
BS,BHS,2014,Bahamas,Caribbean,0,0,1,,,,,,,,,,30.0,29.299999999999997,24.900000000000006,47.8,30.0,33.400000000000006,11.000042367442092,,100.0,36.95627391600063,22.960725443842605,33.84798550388247
BS,BHS,2015,Bahamas,Caribbean,0,0,1,,,,,,,,,,30.0,31.099999999999994,21.200000000000003,47.8,40.0,29.0,9.594965430973446,,100.0,37.43516280488953,22.960725443842605,41.89903047261522
BS,BHS,2016,Bahamas,Caribbean,0,0,1,,,,,,,,,,30.0,29.299999999999997,21.5,36.0,40.0,29.0,14.414168937329705,,100.0,37.13927391600065,22.960725443842605,41.89903047261522
BS,BHS,2017,Bahamas,Caribbean,0,0,1,,,,,,,,,,54.7,31.5,23.0,49.4,40.0,61.8,16.566757493188007,,100.0,45.0777694366328,27.467271203202174,39.131704396507644
BS,BHS,2018,Bahamas,Caribbean,0,0,1,,,,,,,,,,53.5,31.700000000000003,20.799999999999997,47.3,40.0,49.1,9.29155313351498,,50.0,43.40765832552169,27.467271203202174,58.636483411591726
BS,BHS,2019,Bahamas,Caribbean,0,0,1,,,,,,,,,,57.8,31.5,21.900000000000006,52.2,40.0,56.3,10.408719346049054,,50.0,43.54099165885502,27.467271203202174,58.636483411591726
BS,BHS,2020,Bahamas,Caribbean,0,0,1,,,,,,,,,,45.1,31.0,23.700000000000003,52.2,40.0,54.0,13.76021798365123,,100.0,51.713213881077245,27.467271203202174,37.95472511738758
BB,BRB,2000,Barbados,Caribbean,0,0,1,0.307,BLP,Barbados Labour Party,8.599999999999994,9.099999999999994,23.700000000000003,12.7,12.8,19.474999999999994,30.0,30.0,12.0,38.0,30.0,30.0,0.0,31.125,100.0,38.98304167550174,20.24873925855566,31.686993717387878
BB,BRB,2001,Barbados,Caribbean,0,0,1,0.307,BLP,Barbados Labour Party,8.599999999999994,9.099999999999994,23.700000000000003,12.7,12.8,19.474999999999994,10.0,15.0,12.599999999999994,53.2,30.0,30.0,0.0,31.125,100.0,38.98304167550174,20.24873925855566,31.686993717387878
BB,BRB,2002,Barbados,Caribbean,0,0,1,0.307,BLP,Barbados Labour Party,8.599999999999994,9.099999999999994,23.700000000000003,12.7,12.8,19.474999999999994,10.0,15.0,13.700000000000003,33.2,30.0,30.0,0.0,31.125,100.0,38.483041675501745,20.24873925855566,31.686993717387878
BB,BRB,2003,Barbados,Caribbean,0,0,1,0.307,BLP,Barbados Labour Party,8.599999999999994,9.099999999999994,23.700000000000003,12.7,12.9,19.474999999999994,10.0,15.0,14.900000000000006,33.2,30.0,30.0,18.114098928717112,31.125,100.0,36.233041675501745,20.24873925855566,31.686993717387878
BB,BRB,2004,Barbados,Caribbean,0,0,1,0.307,BLP,Barbados Labour Party,8.599999999999994,9.099999999999994,23.700000000000003,12.7,12.9,19.474999999999994,10.0,15.0,11.099999999999994,48.0,30.0,30.0,15.749318801089913,33.378596080061456,100.0,36.3629988030473,20.24873925855566,31.686993717387878
BB,BRB,2005,Barbados,Caribbean,0,0,1,0.307,BLP,Barbados Labour Party,8.599999999999994,9.099999999999994,23.700000000000003,12.7,12.9,19.474999999999994,10.0,15.0,12.299999999999997,48.0,30.0,30.0,15.749318801089913,31.125,100.0,35.944905088081356,22.98687019472331,47.24371214048816
BB,BRB,2006,Barbados,Caribbean,0,0,1,0.307,BLP,Barbados Labour Party,8.599999999999994,9.099999999999994,23.700000000000003,12.7,12.9,19.474999999999994,10.0,10.0,12.299999999999997,48.0,30.0,27.0,36.93195815791893,31.125,100.0,34.309922779976546,30.740525565833977,42.27603107891326
BB,BRB,2007,Barbados,Caribbean,0,0,1,0.307,BLP,Barbados Labour Party,8.599999999999994,9.099999999999994,23.700000000000003,12.7,12.9,19.474999999999994,10.0,10.0,23.400000000000006,43.0,40.0,31.0,40.964636127096924,31.125,100.0,33.44326439741462,31.209314339477316,41.74845741622921
BB,BRB,2008,Barbados,Caribbean,0,0,1,0.756,DLP,Democratic Labour Party,8.599999999999994,9.099999999999994,23.700000000000003,12.7,13.4,19.474999999999994,10.0,10.0,25.993930359999993,41.2,40.0,33.0,36.89373297002724,31.125,100.0,33.812564488581614,33.142972803096555,40.66979689898311
BB,BRB,2009,Barbados,Caribbean,0,0,1,0.756,DLP,Democratic Labour Party,8.599999999999994,9.099999999999994,23.700000000000003,12.7,13.4,19.474999999999994,10.0,10.0,25.49429669,35.400000000000006,40.0,31.0,37.03542234332424,31.125,100.0,33.929049760515056,30.37233285122545,39.581379851921795
BB,BRB,2010,Barbados,Caribbean,0,0,1,0.756,DLP,Democratic Labour Party,9.099999999999994,9.099999999999994,23.700000000000003,15.0,14.099999999999998,19.474999999999994,20.0,10.0,26.900000000000006,39.5,40.0,30.0,37.73024523160763,31.125,100.0,33.72636674013995,34.94954930677116,34.872284420994575
BB,BRB,2011,Barbados,Caribbean,0,0,1,0.756,DLP,Democratic Labour Party,9.099999999999994,9.099999999999994,23.700000000000003,15.0,14.099999999999998,19.474999999999994,20.0,10.0,23.700000000000003,39.5,40.0,26.0,32.20528419074695,31.125,100.0,25.685177480379195,32.064390443102795,36.09635287801211
BB,BRB,2012,Barbados,Caribbean,0,0,1,0.756,DLP,Democratic Labour Party,9.099999999999994,9.099999999999994,23.700000000000003,15.0,14.099999999999998,19.474999999999994,20.0,10.0,24.200000000000003,39.5,40.0,22.0,38.98747298477083,31.125,100.0,27.706351066103267,30.429463466534514,38.78644387088906
BB,BRB,2013,Barbados,Caribbean,0,0,1,0.756,DLP,Democratic Labour Party,9.099999999999994,9.099999999999994,23.700000000000003,15.0,13.8,19.474999999999994,20.0,25.200000000000003,27.900000000000006,39.5,40.0,22.0,40.31058057284916,31.125,100.0,24.422861940911417,34.412342526709935,39.24811585565068
BB,BRB,2014,Barbados,Caribbean,0,0,1,0.756,DLP,Democratic Labour Party,9.099999999999994,9.099999999999994,23.700000000000003,15.0,13.700000000000001,19.474999999999994,20.0,27.200000000000003,25.400000000000006,39.4,40.0,22.099999999999994,40.31058057284916,31.125,100.0,29.80442305367052,35.395290149334485,39.24811585565068
BB,BRB,2015,Barbados,Caribbean,0,0,1,0.756,DLP,Democratic Labour Party,9.599999999999994,9.099999999999994,24.200000000000003,17.299999999999997,14.399999999999999,19.474999999999994,20.0,28.400000000000006,21.799999999999997,36.2,40.0,25.0,40.544959128065386,31.125,100.0,30.477358019647966,34.63394998246318,38.24478204171818
BB,BRB,2016,Barbados,Caribbean,0,0,1,0.756,DLP,Democratic Labour Party,9.599999999999994,9.099999999999994,24.200000000000003,17.299999999999997,14.499999999999998,19.474999999999994,20.0,29.799999999999997,19.200000000000003,37.8,40.0,26.0,33.54223433242507,31.125,100.0,30.35513579742573,34.63394998246318,38.43414141379114
BB,BRB,2017,Barbados,Caribbean,0,0,1,0.756,DLP,Democratic Labour Party,9.5,7.299999999999997,25.799999999999997,17.299999999999997,14.000000000000002,14.224999999999994,44.5,30.400000000000006,16.299999999999997,37.8,40.0,65.7,33.54223433242507,29.474999999999994,100.0,32.291084520441316,35.0112432803916,46.92618956410022
BB,BRB,2018,Barbados,Caribbean,0,0,1,0.369,BLP,Barbados Labour Party,8.299999999999997,7.299999999999997,26.799999999999997,13.700000000000001,12.6,14.224999999999994,48.6,29.5,15.0,37.8,40.0,46.2,33.54223433242507,28.72500000000001,100.0,30.87140760571596,35.200112878430886,41.1941710400945
BB,BRB,2019,Barbados,Caribbean,0,0,1,0.369,BLP,Barbados Labour Party,7.599999999999994,7.299999999999997,26.799999999999997,9.4,11.899999999999999,12.325000000000003,47.1,30.200000000000003,21.700000000000003,43.4,40.0,46.2,33.54223433242507,28.72500000000001,50.0,29.421382329653028,35.200112878430886,40.638615484538946
BB,BRB,2020,Barbados,Caribbean,0,0,1,,,,7.599999999999994,7.299999999999997,25.799999999999997,9.4,11.899999999999999,12.325000000000003,43.4,30.599999999999994,22.099999999999994,43.4,40.0,56.0,33.54223433242507,33.125,50.0,34.817017986653994,35.200112878430886,40.638615484538946
BZ,BLZ,2000,Belize,Central America,0,0,1,,,,,,,,,,50.0,30.0,8.0,46.2,50.0,50.0,3.1143669400276224,,100.0,48.82992221784562,22.441827269169437,20.73885495384053
BZ,BLZ,2001,Belize,Central America,0,0,1,,,,,,,,,,30.0,30.0,11.099999999999994,44.0,50.0,50.0,3.1143669400276224,,100.0,48.82992221784562,22.441827269169437,20.73885495384053
BZ,BLZ,2002,Belize,Central America,0,0,1,,,,,,,,,,50.0,30.0,6.0,33.2,50.0,50.0,3.1143669400276224,,50.0,48.90149487179488,22.441827269169437,20.73885495384053
BZ,BLZ,2003,Belize,Central America,0,0,1,,,,,,,,,,50.0,30.0,10.799999999999997,33.2,50.0,50.0,2.7929155313351544,,50.0,46.95149487179488,32.220749618543735,20.73885495384053
BZ,BLZ,2004,Belize,Central America,0,0,1,,,,,,,,,,50.0,30.0,13.5,40.0,50.0,50.0,3.201634877384194,,50.0,45.23825555117895,25.18874934821929,20.73885495384053
BZ,BLZ,2005,Belize,Central America,0,0,1,,,,,,,,,,50.0,30.0,14.799999999999997,41.6,50.0,55.0,3.337874659400555,,50.0,39.787330936909925,25.18874934821929,20.73885495384053
BZ,BLZ,2006,Belize,Central America,0,0,1,,,,,,,,,,50.0,22.599999999999994,15.799999999999997,41.6,50.0,62.0,4.89918256130791,,50.0,39.1806357674158,25.18874934821929,20.73885495384053
BZ,BLZ,2007,Belize,Central America,0,0,1,,,,,,,,,,50.0,22.599999999999994,26.799999999999997,32.8,50.0,63.0,7.027247956403272,,50.0,37.363216963997,25.18874934821929,20.73885495384053
BZ,BLZ,2008,Belize,Central America,0,0,1,,,,,,,,,,50.0,23.453788059999994,22.731211979999998,35.400000000000006,50.0,65.0,7.572207084468658,,50.0,36.72299474177478,25.18874934821929,20.73885495384053
BZ,BLZ,2009,Belize,Central America,0,0,1,,,,,,,,,,50.0,24.517885629999995,21.636856069999993,30.400000000000006,50.0,70.0,7.9591280653950776,,100.0,37.66966140844144,23.063912325767248,20.73885495384053
BZ,BLZ,2010,Belize,Central America,0,0,1,,,,,,,,,,60.0,25.900000000000006,24.400000000000006,28.5,50.0,71.0,12.530668326350963,,100.0,37.25855029733033,24.995972506749425,43.84200468158322
BZ,BLZ,2011,Belize,Central America,0,0,1,,,,,,,,,,60.0,26.299999999999997,21.200000000000003,28.5,50.0,71.0,12.892365736155611,,100.0,36.95422110323018,23.671934216314426,54.38769912602765
BZ,BLZ,2012,Belize,Central America,0,0,1,,,,,,,,,,70.0,26.400000000000006,22.400000000000006,21.900000000000006,50.0,80.0,13.511886272969662,,100.0,36.466225763282985,23.671934216314426,57.28332202165055
BZ,BLZ,2013,Belize,Central America,0,0,1,,,,,,,,,,70.0,27.400000000000006,22.700000000000003,22.799999999999997,50.0,100.0,13.148149670342164,,100.0,36.27855909661632,29.087968425424393,57.28332202165055
BZ,BLZ,2014,Belize,Central America,0,0,1,,,,,,,,,,70.0,28.400000000000006,22.400000000000006,32.2,50.0,93.3,15.687400278506459,,100.0,33.008021168947764,26.59405877717593,57.28332202165055
BZ,BLZ,2015,Belize,Central America,0,0,1,,,,,,,,,,70.0,40.9,20.700000000000003,29.599999999999994,50.0,93.3,15.687400278506459,,100.0,38.25955153746571,31.458175369868826,57.28332202165055
BZ,BLZ,2016,Belize,Central America,0,0,1,,,,,,,,,,65.0,36.7,20.799999999999997,30.0,50.0,93.3,15.687400278506459,,100.0,37.42832931524349,31.458175369868826,57.28332202165055
BZ,BLZ,2017,Belize,Central America,0,0,1,,,,,,,,,,56.5,37.3,20.400000000000006,29.900000000000006,50.0,65.0,15.687400278506459,,100.0,34.49973388776567,31.458175369868826,58.02406276239129
BZ,BLZ,2018,Belize,Central America,0,0,1,,,,,,,,,,57.9,37.1,21.700000000000003,35.099999999999994,50.0,65.3,15.687400278506459,,100.0,34.3422718764058,31.458175369868826,58.02406276239129
BZ,BLZ,2019,Belize,Central America,0,0,1,,,,,,,,,,58.3,38.2,21.299999999999997,36.0,50.0,72.8,15.687400278506459,,100.0,34.34420814260456,31.458175369868826,58.02406276239129
BZ,BLZ,2020,Belize,Central America,0,0,1,,,,,,,,,,55.6,39.1,19.599999999999994,35.8,50.0,66.5,15.687400278506459,,100.0,40.59684378549072,31.458175369868826,45.63405849572462
BO,BOL,2000,Bolivia,South America,0,1,0,0.047,ADN,Nationalist Democratic Action,54.3,46.199999999999996,31.10000000000001,63.2,51.300000000000004,27.325000000000003,50.0,45.0,17.200000000000003,24.799999999999997,30.0,72.0,12.378256342348408,28.400000000000006,0.0,24.076621981983166,59.02316747613136,64.82849999999999
BO,BOL,2001,Bolivia,South America,0,1,0,0.047,ADN,Nationalist Democratic Action,54.3,46.199999999999996,31.10000000000001,63.2,51.300000000000004,27.325000000000003,50.0,45.0,12.299999999999997,28.400000000000006,30.0,75.0,14.359567452406111,28.400000000000006,0.0,25.381183395610094,60.30915610455515,73.26026194095611
BO,BOL,2002,Bolivia,South America,0,1,0,0.047,ADN,Nationalist Democratic Action,53.5,46.199999999999996,31.10000000000001,63.2,50.8,27.325000000000003,70.0,45.0,18.099999999999994,25.799999999999997,30.0,73.0,14.359567452406111,28.400000000000006,0.0,23.902943680016193,58.14181129466756,72.16458333333334
BO,BOL,2003,Bolivia,South America,0,1,0,0.122,MNR,Revolutionary Nationalist Movement,52.2,44.599999999999994,24.299999999999997,63.2,49.3,27.325000000000003,70.0,45.0,14.799999999999997,33.2,30.0,80.0,15.095367847411438,28.400000000000006,0.0,23.71405479112731,58.379906532762796,70.28958333333334
BO,BOL,2004,Bolivia,South America,0,1,0,,,,54.9,41.5,29.5,60.0,47.4,24.424999999999997,70.0,45.0,12.5,33.0,30.0,78.0,13.433242506811979,23.76765146733979,0.0,25.86437165077163,58.783764278392695,69.08287337662338
BO,BOL,2005,Bolivia,South America,0,1,0,,,,53.8,43.8,28.10000000000001,60.699999999999996,47.699999999999996,24.424999999999997,70.0,45.0,15.099999999999994,32.599999999999994,30.0,77.0,14.604904632152582,28.400000000000006,0.0,27.735983673518447,52.25180256954119,71.84502160059427
BO,BOL,2006,Bolivia,South America,0,1,0,0.939,MAS,Movement for Socialism,59.9,47.5,53.5,69.19999999999999,55.800000000000004,32.474999999999994,70.0,39.1,17.400000000000006,25.599999999999994,30.0,78.0,14.005449591280666,41.125,0.0,27.002385426808388,55.61775122187177,68.03909374481833
BO,BOL,2007,Bolivia,South America,0,1,0,0.939,MAS,Movement for Socialism,59.9,47.5,53.5,69.19999999999999,55.800000000000004,32.474999999999994,70.0,40.1,29.099999999999994,20.799999999999997,40.0,75.0,11.634877384196187,41.125,0.0,28.643175342653393,57.62639948448288,69.1714302966223
BO,BOL,2008,Bolivia,South America,0,1,0,0.939,MAS,Movement for Socialism,58.800000000000004,47.599999999999994,55.199999999999996,69.19999999999999,56.3,32.474999999999994,75.0,40.95839994,23.544135749999995,21.0,40.0,73.0,11.634877384196187,41.125,0.0,29.109437253572708,60.83696076486176,67.26604942254295
BO,BOL,2009,Bolivia,South America,0,1,0,0.939,MAS,Movement for Socialism,61.199999999999996,54.4,56.7,69.19999999999999,58.599999999999994,32.474999999999994,80.0,41.46035961,32.12170184,18.200000000000003,40.0,71.0,11.634877384196187,41.125,0.0,30.265364039483785,55.31944640817188,65.43250219664739
BO,BOL,2010,Bolivia,South America,0,1,0,0.9296,MAS,Movement for Socialism,63.6,61.5,58.1,70.3,63.4,42.800000000000004,90.0,42.7,36.8,23.099999999999994,50.0,70.0,11.634877384196187,41.125,0.0,30.910479984424214,56.59061582061167,71.12417483463365
BO,BOL,2011,Bolivia,South America,0,1,0,0.9202,MAS,Movement for Socialism,63.6,61.5,58.1,70.3,63.4,42.800000000000004,90.0,42.8,31.200000000000003,22.400000000000006,50.0,73.0,11.634877384196187,41.125,0.0,31.348564172430457,57.69731354064785,69.94177470378787
BO,BOL,2012,Bolivia,South America,0,1,0,0.9108,MAS,Movement for Socialism,63.800000000000004,62.5,58.1,70.3,64.1,42.800000000000004,90.0,43.5,27.200000000000003,25.700000000000003,50.0,72.0,11.634877384196187,43.00000000000001,0.0,31.13299500248435,57.17507229178941,74.46032429984781
BO,BOL,2013,Bolivia,South America,0,1,0,0.9014,MAS,Movement for Socialism,59.300000000000004,58.6,55.8,65.8,61.1,45.65,90.0,44.2,32.599999999999994,25.700000000000003,50.0,72.0,11.634877384196187,43.00000000000001,0.0,31.78288111176937,57.225684241211255,74.61486678658615
BO,BOL,2014,Bolivia,South America,0,1,0,0.892,MAS,Movement for Socialism,59.8,58.6,55.8,66.5,61.199999999999996,48.699999999999996,90.0,46.6,30.0,22.400000000000006,50.0,71.9,11.634877384196187,43.00000000000001,0.0,35.181068067730294,59.09594565650273,76.47392676406437
BO,BOL,2015,Bolivia,South America,0,1,0,0.8854,MAS,Movement for Socialism,59.599999999999994,58.7,57.2,68.30000000000001,62.0,48.699999999999996,90.0,46.3,30.299999999999997,22.400000000000006,60.0,66.0,11.634877384196187,43.00000000000001,0.0,33.57036247085388,59.283020019775506,78.51652698332501
BO,BOL,2016,Bolivia,South America,0,1,0,0.8788,MAS,Movement for Socialism,59.8,59.5,57.2,68.30000000000001,61.199999999999996,50.3,90.0,41.2,35.0,23.400000000000006,60.0,65.0,11.634877384196187,43.00000000000001,0.0,32.17364271574142,59.283020019775506,77.4054158722139
BO,BOL,2017,Bolivia,South America,0,1,0,0.8722,MAS,Movement for Socialism,59.8,61.1,60.9,67.60000000000001,63.5,50.3,74.3,41.1,33.599999999999994,24.0,60.0,67.4,11.634877384196187,43.00000000000001,0.0,31.71924111583725,60.26951026944444,75.42708671111112
BO,BOL,2018,Bolivia,South America,0,1,0,0.8656,MAS,Movement for Socialism,60.8,66.0,61.3,67.60000000000001,66.5,53.3,81.0,40.8,32.5,24.5,60.0,76.9,11.634877384196187,43.00000000000001,0.0,32.361997013079616,60.354923725,77.17843814027778
BO,BOL,2019,Bolivia,South America,0,1,0,0.859,MAS,Movement for Socialism,64.9,70.1,64.6,67.80000000000001,71.8,56.275,79.5,41.2,31.200000000000003,29.599999999999994,60.0,80.3,11.634877384196187,43.00000000000001,0.0,32.36341206459949,60.354923725,75.08121591805556
BO,BOL,2020,Bolivia,South America,0,1,0,,,,60.099999999999994,66.4,30.200000000000003,64.4,62.8,46.025000000000006,79.9,41.7,30.099999999999994,32.2,60.0,76.9,11.634877384196187,43.00000000000001,0.0,38.615477738069984,60.354923725,75.33746591805556
NA,BES,2000,Bonaire,Caribbean,0,0,0,,,,,,,,,,,,,,,,,,,,,
NA,BES,2001,Bonaire,Caribbean,0,0,0,,,,,,,,,,,,,,,,,,,,,
NA,BES,2002,Bonaire,Caribbean,0,0,0,,,,,,,,,,,,,,,,,,,,,
NA,BES,2003,Bonaire,Caribbean,0,0,0,,,,,,,,,,,,,,,,,,,,,
NA,BES,2004,Bonaire,Caribbean,0,0,0,,,,,,,,,,,,,,,,,,,,,
NA,BES,2005,Bonaire,Caribbean,0,0,0,,,,,,,,,,,,,,,,,,,,,
NA,BES,2006,Bonaire,Caribbean,0,0,0,,,,,,,,,,,,,,,,,,,,,
NA,BES,2007,Bonaire,Caribbean,0,0,0,,,,,,,,,,,,,,,,,,,,,
NA,BES,2008,Bonaire,Caribbean,0,0,0,,,,,,,,,,,,,,,,,,,,,
NA,BES,2009,Bonaire,Caribbean,0,0,0,,,,,,,,,,,,,,,,,,,,,
NA,BES,2010,Bonaire,Caribbean,0,0,0,,,,,,,,,,,,,,,,,,,,,
NA,BES,2011,Bonaire,Caribbean,0,0,0,,,,,,,,,,,,,,,,,,,,,
NA,BES,2012,Bonaire,Caribbean,0,0,0,,,,,,,,,,,,,,,,,,,,,
NA,BES,2013,Bonaire,Caribbean,0,0,0,,,,,,,,,,,,,,,,,,,,,
NA,BES,2014,Bonaire,Caribbean,0,0,0,,,,,,,,,,,,,,,,,,,,,
NA,BES,2015,Bonaire,Caribbean,0,0,0,,,,,,,,,,,,,,,,,,,,,
NA,BES,2016,Bonaire,Caribbean,0,0,0,,,,,,,,,,,,,,,,,,,,,
NA,BES,2017,Bonaire,Caribbean,0,0,0,,,,,,,,,,,,,,,,,,,,,
NA,BES,2018,Bonaire,Caribbean,0,0,0,,,,,,,,,,,,,,,,,,,,,
NA,BES,2019,Bonaire,Caribbean,0,0,0,,,,,,,,,,,,,,,,,,,,,
NA,BES,2020,Bonaire,Caribbean,0,0,0,,,,,,,,,,,,,,,,,,,,,
NA,BVT,2000,Bouvet Island,South America,0,0,0,,,,,,,,,,,,,,,,,,,,,
NA,BVT,2001,Bouvet Island,South America,0,0,0,,,,,,,,,,,,,,,,,,,,,
NA,BVT,2002,Bouvet Island,South America,0,0,0,,,,,,,,,,,,,,,,,,,,,
NA,BVT,2003,Bouvet Island,South America,0,0,0,,,,,,,,,,,,,,,,,,,,,
NA,BVT,2004,Bouvet Island,South America,0,0,0,,,,,,,,,,,,,,,,,,,,,
NA,BVT,2005,Bouvet Island,South America,0,0,0,,,,,,,,,,,,,,,,,,,,,
NA,BVT,2006,Bouvet Island,South America,0,0,0,,,,,,,,,,,,,,,,,,,,,
NA,BVT,2007,Bouvet Island,South America,0,0,0,,,,,,,,,,,,,,,,,,,,,
NA,BVT,2008,Bouvet Island,South America,0,0,0,,,,,,,,,,,,,,,,,,,,,
NA,BVT,2009,Bouvet Island,South America,0,0,0,,,,,,,,,,,,,,,,,,,,,
NA,BVT,2010,Bouvet Island,South America,0,0,0,,,,,,,,,,,,,,,,,,,,,
NA,BVT,2011,Bouvet Island,South America,0,0,0,,,,,,,,,,,,,,,,,,,,,
NA,BVT,2012,Bouvet Island,South America,0,0,0,,,,,,,,,,,,,,,,,,,,,
NA,BVT,2013,Bouvet Island,South America,0,0,0,,,,,,,,,,,,,,,,,,,,,
NA,BVT,2014,Bouvet Island,South America,0,0,0,,,,,,,,,,,,,,,,,,,,,
NA,BVT,2015,Bouvet Island,South America,0,0,0,,,,,,,,,,,,,,,,,,,,,
NA,BVT,2016,Bouvet Island,South America,0,0,0,,,,,,,,,,,,,,,,,,,,,
NA,BVT,2017,Bouvet Island,South America,0,0,0,,,,,,,,,,,,,,,,,,,,,
NA,BVT,2018,Bouvet Island,South America,0,0,0,,,,,,,,,,,,,,,,,,,,,
NA,BVT,2019,Bouvet Island,South America,0,0,0,,,,,,,,,,,,,,,,,,,,,
NA,BVT,2020,Bouvet Island,South America,0,0,0,,,,,,,,,,,,,,,,,,,,,
BR,BRA,2000,Brazil,South America,0,0,0,0.2175,PSDB,Brazilian Social Democracy Party,24.299999999999997,13.400000000000006,16.60000000000001,46.0,24.8,12.299999999999997,50.0,30.0,19.5,49.0,50.0,60.0,40.409054676609614,26.10000000000001,100.0,33.016149194218144,58.0684598836481,43.639900000000004
BR,BRA,2001,Brazil,South America,0,0,0,0.22075,PSDB,Brazilian Social Democracy Party,24.299999999999997,13.400000000000006,16.60000000000001,46.0,24.8,12.299999999999997,50.0,30.0,18.700000000000003,43.0,50.0,59.0,40.409054676609614,26.10000000000001,100.0,30.52806010416819,58.39146419142224,58.65856492519379
BR,BRA,2002,Brazil,South America,0,0,0,0.224,PSDB,Brazilian Social Democracy Party,25.799999999999997,13.400000000000006,16.60000000000001,52.900000000000006,25.0,16.60000000000001,50.0,30.0,20.700000000000003,42.0,50.0,61.0,16.626702997275203,26.10000000000001,50.0,25.853849327164212,61.20622655031477,59.46875
BR,BRA,2003,Brazil,South America,0,0,0,0.6787500000000001,PT,Workers' Party,25.799999999999997,13.400000000000006,14.200000000000003,52.900000000000006,24.5,16.60000000000001,50.0,30.0,21.400000000000006,41.0,50.0,60.0,18.820163487738427,26.10000000000001,50.0,27.760233243676254,61.44432178841,64.46875
BR,BRA,2004,Brazil,South America,0,0,0,0.6765000000000001,PT,Workers' Party,25.799999999999997,13.400000000000006,14.200000000000003,52.900000000000006,24.5,16.60000000000001,50.0,30.0,22.799999999999997,37.2,50.0,60.0,19.46049046321525,29.442467374151178,50.0,27.01929028810855,61.41159779834004,63.46856962481962
BR,BRA,2005,Brazil,South America,0,0,0,0.67425,PT,Workers' Party,20.19999999999999,6.8999999999999915,9.700000000000003,55.7,18.4,9.850000000000009,50.0,30.0,27.299999999999997,34.8,50.0,61.0,10.19073569482289,26.10000000000001,50.0,25.762894639228463,54.98235566522879,64.15905128085265
BR,BRA,2006,Brazil,South America,0,0,0,0.672,PT,Workers' Party,20.099999999999994,6.8999999999999915,10.200000000000003,55.400000000000006,18.4,9.850000000000009,50.0,46.5,23.700000000000003,31.0,50.0,61.0,21.634877384196187,26.10000000000001,50.0,21.835551549027926,51.52726238589335,70.27717307350802
BR,BRA,2007,Brazil,South America,0,0,0,0.6645000000000001,PT,Workers' Party,20.099999999999994,6.8999999999999915,10.200000000000003,55.400000000000006,18.2,9.850000000000009,50.0,45.8,27.400000000000006,30.200000000000003,60.0,63.0,21.87891691216211,26.10000000000001,50.0,23.67479718237408,51.226997765900094,70.20935193867908
BR,BRA,2008,Brazil,South America,0,0,0,0.657,PT,Workers' Party,20.099999999999994,6.8999999999999915,10.200000000000003,55.400000000000006,18.2,9.850000000000009,50.0,45.95528166,24.262657680000004,29.200000000000003,60.0,67.0,20.52433578850588,26.10000000000001,50.0,24.101972548210455,53.12339141176502,70.30433431864047
BR,BRA,2009,Brazil,South America,0,0,0,0.6495,PT,Workers' Party,20.099999999999994,6.8999999999999915,10.200000000000003,55.400000000000006,18.2,9.850000000000009,50.0,45.61948643,22.765269739999994,28.400000000000006,50.0,65.0,22.510790015701133,26.10000000000001,50.0,24.79961858952025,49.73067582232177,69.99202709576453
BR,BRA,2010,Brazil,South America,0,0,0,0.642,PT,Workers' Party,20.099999999999994,6.8999999999999915,9.399999999999991,55.400000000000006,18.3,8.049999999999997,50.0,45.5,24.200000000000003,30.799999999999997,50.0,65.0,27.392582331755918,26.10000000000001,50.0,23.919197706936856,50.496521807935736,62.97070371255043
BR,BRA,2011,Brazil,South America,0,0,0,0.6535,PT,Workers' Party,20.19999999999999,6.8999999999999915,8.899999999999991,55.1,18.2,8.049999999999997,50.0,45.7,24.099999999999994,30.200000000000003,50.0,63.0,27.90586589257495,26.10000000000001,50.0,24.280790154657694,48.85974296946885,63.08589500530303
BR,BRA,2012,Brazil,South America,0,0,0,0.665,PT,Workers' Party,20.299999999999997,7.299999999999997,8.899999999999991,55.1,17.9,9.225000000000009,50.0,46.3,24.200000000000003,30.299999999999997,40.0,63.0,36.76152069610588,26.10000000000001,50.0,24.540004025675614,49.05142882943722,65.7050936381973
BR,BRA,2013,Brazil,South America,0,0,0,0.6765,PT,Workers' Party,20.5,6.8999999999999915,6.599999999999994,55.1,16.900000000000002,2.4000000000000057,50.0,47.0,25.599999999999994,30.299999999999997,40.0,62.0,33.086204913910564,26.10000000000001,50.0,25.12502689766214,49.86783141498981,66.09720925961281
BR,BRA,2014,Brazil,South America,0,0,0,0.688,PT,Workers' Party,20.799999999999997,7.299999999999997,6.599999999999994,55.1,17.5,4.299999999999997,50.0,46.2,30.099999999999994,30.700000000000003,40.0,62.1,36.488640615889096,26.10000000000001,50.0,27.528373829215283,49.2085980631999,66.94862663500136
BR,BRA,2015,Brazil,South America,0,0,0,0.7102499999999999,PT,Workers' Party,21.0,7.599999999999994,6.699999999999989,55.1,18.4,4.299999999999997,50.0,46.4,30.599999999999994,30.400000000000006,40.0,58.0,42.136256128065845,26.10000000000001,50.0,29.920477673962296,49.56990867299155,66.44804256482003
BR,BRA,2016,Brazil,South America,0,0,0,0.7324999999999999,PT,Workers' Party,27.60000000000001,13.099999999999994,18.200000000000003,62.3,28.199999999999996,23.474999999999994,55.0,38.6,35.8,30.599999999999994,50.0,57.0,46.294277929155314,18.224999999999994,0.0,28.89626832497042,49.50140503386252,65.71205797222223
BR,BRA,2017,Brazil,South America,0,0,0,0.22025,PMDB,Partido do Movimento Democrático Brasileiro,27.900000000000006,11.400000000000006,20.599999999999994,62.1,28.7,29.60000000000001,45.0,38.7,33.0,30.599999999999994,50.0,66.6,47.847411444141684,18.224999999999994,0.0,26.826306970973533,49.01682129948361,65.00948402083333
BR,BRA,2018,Brazil,South America,0,0,0,0.215,PMDB,Partido do Movimento Democrático Brasileiro,29.299999999999997,13.5,20.599999999999994,62.1,30.2,36.525,44.2,41.4,28.599999999999994,31.5,50.0,68.6,48.400639137770575,18.224999999999994,0.0,26.83321614317508,48.59880995186457,66.34649085277778
BR,BRA,2019,Brazil,South America,0,0,0,,,,36.4,18.30000000000001,23.5,67.4,35.699999999999996,43.85,42.7,42.1,24.5,31.0,50.0,71.9,48.4741144414169,18.224999999999994,0.0,26.59486610033096,48.59880995186457,65.47774085277777
BR,BRA,2020,Brazil,South America,0,0,0,,,,36.1,19.39999999999999,23.5,67.10000000000001,35.0,48.95,42.7,39.5,22.799999999999997,32.2,50.0,54.4,62.752043596730246,18.224999999999994,0.0,32.762279520994895,48.59880995186457,65.47774085277777
NA,VGB,2000,British Virgin Islands,Caribbean,0,0,1,,,,,,,,,,,,,,,,,,,,,
NA,VGB,2001,British Virgin Islands,Caribbean,0,0,1,,,,,,,,,,,,,,,,,,,,,
NA,VGB,2002,British Virgin Islands,Caribbean,0,0,1,,,,,,,,,,,,,,,,,,,,,
NA,VGB,2003,British Virgin Islands,Caribbean,0,0,1,,,,,,,,,,,,,,,,,,,,,
NA,VGB,2004,British Virgin Islands,Caribbean,0,0,1,,,,,,,,,,,,,,,,,,,,,
NA,VGB,2005,British Virgin Islands,Caribbean,0,0,1,,,,,,,,,,,,,,,,,,,,,
NA,VGB,2006,British Virgin Islands,Caribbean,0,0,1,,,,,,,,,,,,,,,,,,,,,
NA,VGB,2007,British Virgin Islands,Caribbean,0,0,1,,,,,,,,,,,,,,,,,,,,,
NA,VGB,2008,British Virgin Islands,Caribbean,0,0,1,,,,,,,,,,,,,,,,,,,,,
NA,VGB,2009,British Virgin Islands,Caribbean,0,0,1,,,,,,,,,,,,,,,,,,,,,
NA,VGB,2010,British Virgin Islands,Caribbean,0,0,1,,,,,,,,,,,,,,,,,,,,,
NA,VGB,2011,British Virgin Islands,Caribbean,0,0,1,,,,,,,,,,,,,,,,,,,,,
NA,VGB,2012,British Virgin Islands,Caribbean,0,0,1,,,,,,,,,,,,,,,,,,,,,
NA,VGB,2013,British Virgin Islands,Caribbean,0,0,1,,,,,,,,,,,,,,,,,,,,,
NA,VGB,2014,British Virgin Islands,Caribbean,0,0,1,,,,,,,,,,,,,,,,,,,,,
NA,VGB,2015,British Virgin Islands,Caribbean,0,0,1,,,,,,,,,,,,,,,,,,,,,
NA,VGB,2016,British Virgin Islands,Caribbean,0,0,1,,,,,,,,,,,,,,,,,,,,,
NA,VGB,2017,British Virgin Islands,Caribbean,0,0,1,,,,,,,,,,,,,,,,,,,,,
NA,VGB,2018,British Virgin Islands,Caribbean,0,0,1,,,,,,,,,,,,,,,,,,,,,
NA,VGB,2019,British Virgin Islands,Caribbean,0,0,1,,,,,,,,,,,,,,,,,,,,,
NA,VGB,2020,British Virgin Islands,Caribbean,0,0,1,,,,,,,,,,,,,,,,,,,,,
NA,CYM,2000,Cayman Islands,Caribbean,0,0,0,,,,,,,,,,,,,,,,,,,,,
NA,CYM,2001,Cayman Islands,Caribbean,0,0,0,,,,,,,,,,,,,,,,,,,,,
NA,CYM,2002,Cayman Islands,Caribbean,0,0,0,,,,,,,,,,,,,,,,,,,,,
NA,CYM,2003,Cayman Islands,Caribbean,0,0,0,,,,,,,,,,,,,,,,,,,,,
NA,CYM,2004,Cayman Islands,Caribbean,0,0,0,,,,,,,,,,,,,,,,,,,,,
NA,CYM,2005,Cayman Islands,Caribbean,0,0,0,,,,,,,,,,,,,,,,,,,,,
NA,CYM,2006,Cayman Islands,Caribbean,0,0,0,,,,,,,,,,,,,,,,,,,,,
NA,CYM,2007,Cayman Islands,Caribbean,0,0,0,,,,,,,,,,,,,,,,,,,,,
NA,CYM,2008,Cayman Islands,Caribbean,0,0,0,,,,,,,,,,,,,,,,,,,,,
NA,CYM,2009,Cayman Islands,Caribbean,0,0,0,,,,,,,,,,,,,,,,,,,,,
NA,CYM,2010,Cayman Islands,Caribbean,0,0,0,,,,,,,,,,,,,,,,,,,,,
NA,CYM,2011,Cayman Islands,Caribbean,0,0,0,,,,,,,,,,,,,,,,,,,,,
NA,CYM,2012,Cayman Islands,Caribbean,0,0,0,,,,,,,,,,,,,,,,,,,,,
NA,CYM,2013,Cayman Islands,Caribbean,0,0,0,,,,,,,,,,,,,,,,,,,,,
NA,CYM,2014,Cayman Islands,Caribbean,0,0,0,,,,,,,,,,,,,,,,,,,,,
NA,CYM,2015,Cayman Islands,Caribbean,0,0,0,,,,,,,,,,,,,,,,,,,,,
NA,CYM,2016,Cayman Islands,Caribbean,0,0,0,,,,,,,,,,,,,,,,,,,,,
NA,CYM,2017,Cayman Islands,Caribbean,0,0,0,,,,,,,,,,,,,,,,,,,,,
NA,CYM,2018,Cayman Islands,Caribbean,0,0,0,,,,,,,,,,,,,,,,,,,,,
NA,CYM,2019,Cayman Islands,Caribbean,0,0,0,,,,,,,,,,,,,,,,,,,,,
NA,CYM,2020,Cayman Islands,Caribbean,0,0,0,,,,,,,,,,,,,,,,,,,,,
CL,CHL,2000,Chile,South America,0,0,0,0.311,PPD,Party for Democracy,3.9000000000000057,5.200000000000003,5.700000000000003,3.0,4.6,6.200000000000003,10.0,15.0,19.900000000000006,29.599999999999994,50.0,32.0,35.214929006625965,17.849999999999994,0.0,19.940532859308092,37.927056966530095,27.51666242495628
CL,CHL,2001,Chile,South America,0,0,0,0.311,PPD,Party for Democracy,3.9000000000000057,5.200000000000003,5.700000000000003,3.0,4.6,6.200000000000003,10.0,15.0,17.599999999999994,28.400000000000006,50.0,31.0,34.879519249533786,17.849999999999994,0.0,9.559523350706371,39.102161170689776,42.21360932761282
CL,CHL,2002,Chile,South America,0,0,0,0.311,PPD,Party for Democracy,3.9000000000000057,5.200000000000003,5.700000000000003,3.0,4.6,6.200000000000003,10.0,15.0,17.299999999999997,28.599999999999994,30.0,26.0,34.879519249533786,17.849999999999994,0.0,8.942350469168915,33.92434744272056,42.05393742495627
CL,CHL,2003,Chile,South America,0,0,0,0.311,PPD,Party for Democracy,3.9000000000000057,5.200000000000003,5.700000000000003,3.0,4.6,6.200000000000003,10.0,30.0,17.0,31.0,30.0,25.0,27.057220708446863,17.849999999999994,0.0,7.6579628281780145,33.44815696653009,38.92893742495627
CL,CHL,2004,Chile,South America,0,0,0,0.311,PPD,Party for Democracy,3.9000000000000057,5.200000000000003,5.700000000000003,3.0,4.6,6.200000000000003,10.0,30.0,15.799999999999997,27.0,30.0,25.0,24.65940054495914,15.452951648682188,0.0,9.965170042192597,33.36489666854585,36.342567452833606
CL,CHL,2005,Chile,South America,0,0,0,0.479,PS,Socialist Party of Chile,3.9000000000000057,5.200000000000003,2.799999999999997,3.0,4.0,6.200000000000003,10.0,30.0,15.599999999999994,20.799999999999997,30.0,26.0,24.032697547683924,17.849999999999994,0.0,13.00985010858183,29.14871842967544,40.32969547506029
CL,CHL,2006,Chile,South America,0,0,0,0.479,PS,Socialist Party of Chile,3.9000000000000057,5.200000000000003,2.4000000000000057,3.0,3.8,4.625,10.0,31.900000000000006,13.099999999999994,22.400000000000006,30.0,26.0,22.016348773841955,17.849999999999994,0.0,10.571892163930826,31.804272815074654,40.12647591827314
CL,CHL,2007,Chile,South America,0,0,0,0.479,PS,Socialist Party of Chile,3.9000000000000057,5.200000000000003,1.7000000000000028,3.0,3.5999999999999996,4.625,10.0,31.799999999999997,20.200000000000003,17.599999999999994,30.0,27.0,22.47956403269754,17.849999999999994,0.0,9.76450276823364,32.56665120121015,40.81353260209761
CL,CHL,2008,Chile,South America,0,0,0,0.479,PS,Socialist Party of Chile,3.9000000000000057,5.200000000000003,1.7000000000000028,3.0,3.5999999999999996,4.625,10.0,32.17685371,21.18013327,17.799999999999997,30.0,27.0,26.566757493188007,17.849999999999994,0.0,9.14153703806599,34.08660355944137,41.24888548895232
CL,CHL,2009,Chile,South America,0,0,0,0.479,PS,Socialist Party of Chile,3.9000000000000057,5.200000000000003,1.7000000000000028,3.0,3.5999999999999996,4.625,10.0,33.7200196,22.70431327,14.200000000000003,30.0,30.0,24.87738419618529,17.849999999999994,0.0,12.122984103186383,34.20199424984169,41.13639187617308
CL,CHL,2010,Chile,South America,0,0,0,0.102,RN,National Renewal,3.6000000000000085,4.400000000000006,1.7000000000000028,4.5,3.5999999999999996,4.625,15.0,35.2,27.0,12.0,30.0,31.0,20.972752043596728,17.849999999999994,0.0,12.795883896838347,30.557811453748002,32.364431414128234
CL,CHL,2011,Chile,South America,0,0,0,0.1159999999999999,RN,National Renewal,3.6000000000000085,4.400000000000006,1.7000000000000028,4.5,3.5999999999999996,4.625,15.0,32.8,22.099999999999994,12.0,30.0,33.0,19.564032697547674,17.849999999999994,0.0,13.911698052445075,36.680278270189824,30.552993162751548
CL,CHL,2012,Chile,South America,0,0,0,0.13,RN,National Renewal,3.6000000000000085,4.400000000000006,1.7000000000000028,4.5,3.5000000000000004,4.625,10.0,31.400000000000006,14.400000000000006,18.0,30.0,28.0,19.882454174902108,17.849999999999994,0.0,16.071693340629082,45.84319372720777,29.16409300025157
CL,CHL,2013,Chile,South America,0,0,0,0.144,RN,National Renewal,3.9000000000000057,2.9000000000000057,2.799999999999997,6.4,3.5000000000000004,4.625,10.0,29.5,15.400000000000006,18.0,30.0,28.0,18.862893224088737,15.974999999999994,0.0,16.165845119532435,45.50698482841209,30.529623705515206
CL,CHL,2014,Chile,South America,0,0,0,0.5045,PS,Socialist Party of Chile,4.0,2.799999999999997,2.299999999999997,7.3999999999999995,3.6999999999999997,4.625,10.0,30.700000000000003,15.900000000000006,18.0,30.0,27.700000000000003,20.747507576252502,15.974999999999994,0.0,12.09326127530116,45.309789005514595,31.95560624465969
CL,CHL,2015,Chile,South America,0,0,0,0.502,PS,Socialist Party of Chile,4.6000000000000085,3.200000000000003,2.200000000000003,10.0,4.0,7.525000000000006,10.0,30.700000000000003,14.400000000000006,18.0,30.0,29.0,21.08358226505807,15.974999999999994,0.0,14.099690590036602,44.409792828983754,33.95409274370036
CL,CHL,2016,Chile,South America,0,0,0,0.4995,PS,Socialist Party of Chile,4.6000000000000085,3.200000000000003,2.200000000000003,10.0,3.9,7.525000000000006,15.0,27.900000000000006,17.099999999999994,13.599999999999994,30.0,27.0,21.55313351498637,15.974999999999994,0.0,13.482576586125191,44.40862582737503,35.28707214747378
CL,CHL,2017,Chile,South America,0,0,0,0.497,PS,Socialist Party of Chile,4.6000000000000085,3.200000000000003,2.1000000000000085,10.0,3.8,7.525000000000006,31.799999999999997,27.700000000000003,17.799999999999997,13.599999999999994,30.0,29.5,15.040871934604908,15.974999999999994,0.0,13.424989778055604,45.31210428808973,36.40936565906202
CL,CHL,2018,Chile,South America,0,0,0,0.152,RN,National Renewal,5.0,8.0,2.1000000000000085,5.1,4.5,5.25,32.099999999999994,27.599999999999994,17.599999999999994,11.299999999999997,30.0,38.8,15.071945737801087,15.974999999999994,0.0,13.944839912252547,45.99059946904211,34.9031576430898
CL,CHL,2019,Chile,South America,0,0,0,0.152,RN,National Renewal,5.5,6.799999999999997,1.7000000000000028,4.5,4.2,17.575000000000003,31.299999999999997,23.400000000000006,15.5,11.200000000000003,30.0,37.7,15.395095367847418,15.974999999999994,0.0,14.003920393910278,45.99059946904211,37.252463198645344
CL,CHL,2020,Chile,South America,0,0,0,,RN,National Renewal,5.1000000000000085,5.200000000000003,1.7999999999999972,4.5,3.6999999999999997,21.075000000000003,30.099999999999994,25.0,14.799999999999997,11.0,30.0,26.599999999999994,31.662125340599445,15.974999999999994,0.0,19.848803264947406,45.99059946904211,38.36357430975646
CO,COL,2000,Colombia,South America,0,0,0,0.3125,PCC,Colombian Conservative Party,31.299999999999997,16.299999999999997,16.400000000000006,38.6,27.800000000000004,19.674999999999997,50.0,30.0,32.400000000000006,36.2,30.0,78.0,12.907909040278142,15.700000000000003,100.0,32.09697619709877,46.261321319702155,48.92663614201722
CO,COL,2001,Colombia,South America,0,0,0,0.30325,PCC,Colombian Conservative Party,31.299999999999997,16.299999999999997,16.400000000000006,38.6,27.800000000000004,19.674999999999997,50.0,30.0,28.299999999999997,30.799999999999997,30.0,71.0,12.907909040278142,15.700000000000003,50.0,32.29375859505784,45.68210231250678,61.6482871822216
CO,COL,2002,Colombia,South America,0,0,0,0.294,PCC,Colombian Conservative Party,29.5,16.299999999999997,18.30000000000001,38.6,28.4,27.10000000000001,70.0,30.0,25.5,30.200000000000003,30.0,68.0,12.907909040278142,15.700000000000003,50.0,35.40136334685522,41.44829909747993,55.80901947535055
CO,COL,2003,Colombia,South America,0,0,0,,,,29.5,16.299999999999997,18.30000000000001,38.6,28.599999999999998,48.3,70.0,30.0,23.5,37.0,30.0,62.0,12.907909040278142,15.700000000000003,50.0,32.94133599343695,42.003854653035475,53.725686142017224
CO,COL,2004,Colombia,South America,0,0,0,,,,29.5,16.299999999999997,18.30000000000001,38.6,28.599999999999998,39.425,70.0,30.0,21.700000000000003,37.0,30.0,64.0,12.907909040278142,18.160699641142173,50.0,35.94658918067388,41.06368371286454,54.8302458904449
CO,COL,2005,Colombia,South America,0,0,0,,,,28.900000000000006,15.5,18.30000000000001,38.6,27.800000000000004,31.200000000000003,70.0,30.0,21.700000000000003,35.2,30.0,63.0,24.032697547683924,15.700000000000003,50.0,34.870796022649586,39.52416659051049,57.05336065763788
CO,COL,2006,Colombia,South America,0,0,0,,,,28.60000000000001,14.799999999999997,18.30000000000001,38.6,27.1,31.200000000000003,70.0,27.900000000000006,20.799999999999997,34.2,30.0,62.0,25.409448005852823,15.700000000000003,50.0,31.372367699324386,43.397343375346075,55.73858308964897
CO,COL,2007,Colombia,South America,0,0,0,,,,29.299999999999997,14.799999999999997,17.5,41.099999999999994,26.8,31.200000000000003,70.0,28.200000000000003,29.700000000000003,28.599999999999994,40.0,60.0,29.040250033137212,15.700000000000003,50.0,28.549681938837864,43.51841323555645,54.53916689976076
CO,COL,2008,Colombia,South America,0,0,0,,,,29.0,14.799999999999997,17.5,41.099999999999994,26.8,31.200000000000003,60.0,27.468983359999996,28.598983489999995,29.200000000000003,40.0,61.0,24.701312365435527,15.700000000000003,50.0,28.496722316657326,46.09722336430549,55.326596676133974
CO,COL,2009,Colombia,South America,0,0,0,,,,28.900000000000006,14.400000000000006,17.5,41.099999999999994,26.6,31.200000000000003,60.0,22.632198369999998,29.426184860000006,27.599999999999994,40.0,62.0,17.441416893732963,15.700000000000003,50.0,29.285880722576508,43.917074982232684,55.456640176913474
CO,COL,2010,Colombia,South America,0,0,0,,,,27.60000000000001,14.200000000000003,16.900000000000006,35.699999999999996,25.900000000000002,27.799999999999997,50.0,16.400000000000006,26.0,27.5,40.0,62.0,18.98365122615803,15.700000000000003,50.0,29.32923010325142,43.06631240568364,45.675021840145654
CO,COL,2011,Colombia,South America,0,0,0,0.395,Partido-U,Social Party of National Unity,25.0,12.400000000000006,16.60000000000001,30.4,23.1,15.200000000000003,50.0,13.900000000000006,24.200000000000003,26.799999999999997,40.0,63.0,14.04632152588556,15.700000000000003,50.0,26.361865032745357,43.19414975265917,44.10363031170796
CO,COL,2012,Colombia,South America,0,0,0,0.4,Partido-U,Social Party of National Unity,24.0,12.099999999999994,16.60000000000001,30.4,22.6,14.775000000000006,50.0,10.599999999999994,21.299999999999997,27.799999999999997,40.0,65.0,23.034638119784915,15.700000000000003,50.0,25.28311486453127,41.40810497287298,43.92466570689195
CO,COL,2013,Colombia,South America,0,0,0,0.4049999999999999,Partido-U,Social Party of National Unity,24.700000000000003,13.5,18.10000000000001,30.4,24.099999999999998,14.775000000000006,50.0,9.799999999999997,21.299999999999997,27.799999999999997,30.0,66.0,25.123648047433676,21.25,50.0,24.66927533121519,41.36981178982849,44.490819537275435
CO,COL,2014,Colombia,South America,0,0,0,0.41,Partido-U,Social Party of National Unity,24.700000000000003,13.5,16.900000000000006,30.4,24.099999999999998,14.775000000000006,50.0,14.799999999999997,21.200000000000003,21.200000000000003,30.0,66.8,27.90054651576338,21.25,50.0,30.18564459520306,41.602957246488046,45.32187306394362
CO,COL,2015,Colombia,South America,0,0,0,0.4252499999999999,Partido-U,Social Party of National Unity,25.200000000000003,13.5,16.900000000000006,30.4,23.599999999999998,14.775000000000006,50.0,18.5,19.900000000000006,18.799999999999997,30.0,64.0,21.59785963283342,21.25,50.0,30.055755496389892,41.187655604009294,46.14203525352992
CO,COL,2016,Colombia,South America,0,0,0,0.4405,Partido-U,Social Party of National Unity,25.099999999999994,13.099999999999994,18.0,30.4,24.6,19.150000000000006,50.0,21.799999999999997,20.400000000000006,19.0,30.0,63.0,21.253405994550405,19.474999999999994,50.0,30.97129082745178,42.32525284192292,47.0797600246539
CO,COL,2017,Colombia,South America,0,0,0,0.45575,Partido-U,Social Party of National Unity,25.799999999999997,12.599999999999994,18.799999999999997,34.2,25.1,14.049999999999997,36.2,22.900000000000006,23.0,18.400000000000006,30.0,60.4,20.027247956403272,20.5,50.0,32.365933414702084,42.481600896974214,51.18451285732356
CO,COL,2018,Colombia,South America,0,0,0,0.471,Partido-U,Social Party of National Unity,25.900000000000006,13.5,18.400000000000006,34.2,26.8,19.299999999999997,39.3,21.400000000000006,26.099999999999994,18.400000000000006,30.0,66.6,24.550408719346038,18.224999999999994,50.0,31.57757594650525,41.87056246125992,51.077056286490226
CO,COL,2019,Colombia,South America,0,0,0,0.356,CD,Democratic Centre,26.5,14.700000000000003,20.700000000000003,29.299999999999997,26.1,23.474999999999994,40.8,28.599999999999994,24.400000000000006,24.0,30.0,66.5,25.231607629427785,21.974999999999994,50.0,32.25254427679418,41.87056246125992,53.08330628649023
CO,COL,2020,Colombia,South America,0,0,0,,CD,Democratic Centre,28.60000000000001,14.700000000000003,25.700000000000003,30.4,26.700000000000003,26.224999999999994,38.9,28.700000000000003,22.5,18.799999999999997,30.0,53.9,28.365122615803813,23.625,50.0,37.834358552208215,41.87056246125992,53.820806286490225
CR,CRI,2000,Costa Rica,Central America,0,0,0,0.502,PUSC,Social Christian Unity Party,4.6000000000000085,3.9000000000000057,5.1000000000000085,12.1,6.800000000000001,7.174999999999997,50.0,30.0,27.5,24.400000000000006,50.0,44.0,14.059945504087196,27.599999999999994,0.0,15.443092520302088,32.274704078307735,34.175181675895985
CR,CRI,2001,Costa Rica,Central America,0,0,0,0.486,PUSC,Social Christian Unity Party,4.6000000000000085,3.9000000000000057,5.1000000000000085,12.1,6.800000000000001,7.174999999999997,50.0,30.0,25.700000000000003,28.200000000000003,50.0,49.0,16.103542234332423,27.599999999999994,0.0,15.966735951101583,32.106064135956885,48.641040104851065
CR,CRI,2002,Costa Rica,Central America,0,0,0,0.47,PUSC,Social Christian Unity Party,4.6000000000000085,3.9000000000000057,5.1000000000000085,12.1,6.800000000000001,7.174999999999997,50.0,30.0,25.799999999999997,29.0,50.0,46.0,16.103542234332423,27.599999999999994,0.0,15.655819247580439,32.29470407830773,42.26193167589599
CR,CRI,2003,Costa Rica,Central America,0,0,0,0.519,PUSC,Social Christian Unity Party,4.6000000000000085,3.9000000000000057,5.1000000000000085,12.1,6.6000000000000005,7.174999999999997,50.0,30.0,26.0,22.400000000000006,50.0,55.0,11.934604904632167,27.599999999999994,0.0,14.31191931872334,31.81851360211725,43.92859834256265
CR,CRI,2004,Costa Rica,Central America,0,0,0,0.5680000000000001,PUSC,Social Christian Unity Party,4.6000000000000085,3.9000000000000057,5.1000000000000085,12.1,6.6000000000000005,7.174999999999997,50.0,30.0,24.900000000000006,23.599999999999994,50.0,55.0,13.868391890427588,28.808045415694195,0.0,22.59966914076712,32.05660884021249,48.111290650254965
CR,CRI,2005,Costa Rica,Central America,0,0,0,0.617,PUSC,Social Christian Unity Party,5.1000000000000085,3.9000000000000057,5.1000000000000085,12.1,6.6000000000000005,7.174999999999997,50.0,30.0,24.5,26.599999999999994,50.0,57.0,13.62397820163487,27.599999999999994,0.0,22.15573662882052,28.12333601984291,54.333998290873055
CR,CRI,2006,Costa Rica,Central America,0,0,0,0.324,PLN,National Liberation Party,5.800000000000011,4.400000000000006,5.1000000000000085,17.9,7.1,7.174999999999997,50.0,40.6,26.299999999999997,22.599999999999994,50.0,51.0,6.539509536784735,27.599999999999994,0.0,16.847787097210954,28.688481418192694,45.39200654614223
CR,CRI,2007,Costa Rica,Central America,0,0,0,0.324,PLN,National Liberation Party,5.800000000000011,4.400000000000006,5.1000000000000085,17.9,7.000000000000001,7.174999999999997,50.0,41.0,32.900000000000006,17.599999999999994,60.0,58.0,6.566757493188007,27.599999999999994,50.0,15.721874152130454,28.88533403897162,41.27463128746821
CR,CRI,2008,Costa Rica,Central America,0,0,0,0.324,PLN,National Liberation Party,5.800000000000011,4.400000000000006,5.1000000000000085,17.9,7.000000000000001,7.174999999999997,50.0,39.9679239,32.050671019999996,18.200000000000003,60.0,59.0,6.539509536784735,26.125,50.0,15.17756201529592,31.688954782288604,43.449559009760954
CR,CRI,2009,Costa Rica,Central America,0,0,0,0.324,PLN,National Liberation Party,5.800000000000011,4.1000000000000085,5.1000000000000085,17.9,7.000000000000001,7.174999999999997,50.0,39.71299327,30.289779730000006,18.200000000000003,50.0,50.0,5.558670694197616,26.125,50.0,15.989291095153504,28.405702903707365,40.6163979915103
CR,CRI,2010,Costa Rica,Central America,0,0,0,0.324,PLN,National Liberation Party,5.5,4.1000000000000085,5.1000000000000085,14.299999999999999,6.7,7.174999999999997,50.0,40.7,32.2,17.5,50.0,49.0,5.8038147138964575,26.25,50.0,16.886970163819484,31.89296412093492,40.92983568466525
CR,CRI,2011,Costa Rica,Central America,0,0,0,0.324,PLN,National Liberation Party,5.400000000000006,4.1000000000000085,5.1000000000000085,14.299999999999999,6.5,7.174999999999997,45.0,41.8,29.299999999999997,14.799999999999997,50.0,47.0,5.708446866485005,26.25,0.0,15.099116352922138,33.57281581766125,39.331712538376095
CR,CRI,2012,Costa Rica,Central America,0,0,0,0.324,PLN,National Liberation Party,5.200000000000003,4.1000000000000085,5.1000000000000085,14.299999999999999,6.6000000000000005,9.325000000000003,45.0,42.4,26.599999999999994,14.900000000000006,50.0,47.0,14.494195578674407,26.25,0.0,15.70736271220433,33.11752456859497,40.82876195894948
CR,CRI,2013,Costa Rica,Central America,0,0,0,0.324,PLN,National Liberation Party,5.700000000000003,4.1000000000000085,5.6000000000000085,14.299999999999999,6.5,9.125,50.0,41.7,24.599999999999994,14.900000000000006,50.0,52.0,14.882065968025543,26.25,0.0,15.91240499944071,36.9882712908946,40.58963646457685
CR,CRI,2014,Costa Rica,Central America,0,0,0,0.608,PAC,Citizens' Action Party,5.0,4.1000000000000085,4.900000000000006,13.100000000000001,6.2,16.375,50.0,35.099999999999994,23.700000000000003,16.200000000000003,50.0,49.1,14.69014555449479,26.25,0.0,18.19544187703876,33.127464864961155,41.534849242781995
CR,CRI,2015,Costa Rica,Central America,0,0,0,0.608,PAC,Citizens' Action Party,4.900000000000006,4.1000000000000085,4.900000000000006,14.6,6.1,16.375,50.0,35.5,24.200000000000003,16.200000000000003,50.0,47.0,14.986747804530012,21.875,0.0,17.34600487952123,34.494815497711855,42.55012632902506
CR,CRI,2016,Costa Rica,Central America,0,0,0,0.608,PAC,Citizens' Action Party,5.300000000000011,3.9000000000000057,4.900000000000006,16.7,6.5,11.350000000000009,50.0,31.400000000000006,22.400000000000006,18.400000000000006,50.0,46.0,14.610354223433234,21.875,0.0,17.11444963297275,34.09707196758782,42.69647968607696
CR,CRI,2017,Costa Rica,Central America,0,0,0,0.608,PAC,Citizens' Action Party,5.6000000000000085,3.9000000000000057,3.9000000000000057,20.3,6.5,13.299999999999997,48.4,31.900000000000006,19.200000000000003,15.299999999999997,50.0,44.6,15.422343324250676,29.625,0.0,16.795240529644232,33.69749656896069,39.05012196177141
CR,CRI,2018,Costa Rica,Central America,0,0,0,0.608,PAC,Citizens' Action Party,5.5,3.9000000000000057,3.9000000000000057,17.7,6.6000000000000005,13.299999999999997,45.2,31.700000000000003,15.0,15.299999999999997,50.0,48.2,12.515657973390717,29.625,0.0,18.183541179199594,34.29314224753212,41.725041487465845
CR,CRI,2019,Costa Rica,Central America,0,0,0,0.608,PAC,Citizens' Action Party,5.200000000000003,3.9000000000000057,3.9000000000000057,15.7,6.6000000000000005,10.775000000000006,41.7,32.8,16.799999999999997,18.599999999999994,50.0,45.5,15.313351498637587,24.424999999999997,0.0,18.109318956977376,34.29314224753212,41.725041487465845
CR,CRI,2020,Costa Rica,Central America,0,0,0,,,,5.200000000000003,3.9000000000000057,3.9000000000000057,15.7,6.4,14.549999999999997,33.3,33.5,18.799999999999997,18.599999999999994,50.0,42.8,18.63760217983652,24.424999999999997,0.0,20.123601846499938,34.29314224753212,41.725041487465845
NA,CUB,2000,Cuba,Caribbean,0,0,1,0.7988000000000001,PCC,Communist Party of Cuba,85.2,90.4,92.1,60.5,84.89999999999999,96.25,,,,,,,,,,,,
NA,CUB,2001,Cuba,Caribbean,0,0,1,0.7962,PCC,Communist Party of Cuba,85.2,90.4,92.1,60.5,84.89999999999999,96.25,,,,,,,,,,,,
NA,CUB,2002,Cuba,Caribbean,0,0,1,0.7936000000000001,PCC,Communist Party of Cuba,85.2,90.4,92.1,60.5,84.89999999999999,96.25,,,,,,,,,,,,
NA,CUB,2003,Cuba,Caribbean,0,0,1,0.791,PCC,Communist Party of Cuba,85.7,90.4,92.1,60.5,85.0,96.25,,,,,,,,,,,,
NA,CUB,2004,Cuba,Caribbean,0,0,1,0.7912,PCC,Communist Party of Cuba,85.7,90.4,92.1,60.5,85.0,96.25,,,,,,,,,,,,
NA,CUB,2005,Cuba,Caribbean,0,0,1,0.7914,PCC,Communist Party of Cuba,85.7,90.4,92.1,60.5,85.0,96.25,,,,,,,,,,,,
NA,CUB,2006,Cuba,Caribbean,0,0,1,0.7916000000000001,PCC,Communist Party of Cuba,85.7,90.4,92.1,60.5,85.0,96.25,,,,,,,,,,,,
NA,CUB,2007,Cuba,Caribbean,0,0,1,0.7918000000000001,PCC,Communist Party of Cuba,85.7,90.4,92.1,60.5,84.8,96.25,,,,,,,,,,,,
NA,CUB,2008,Cuba,Caribbean,0,0,1,0.792,PCC,Communist Party of Cuba,85.5,90.4,92.1,60.5,85.3,96.25,,,,,,,,,,,,
NA,CUB,2009,Cuba,Caribbean,0,0,1,0.7918000000000001,PCC,Communist Party of Cuba,85.6,90.4,92.2,60.5,84.89999999999999,96.25,,,,,,,,,,,,
NA,CUB,2010,Cuba,Caribbean,0,0,1,0.7916000000000001,PCC,Communist Party of Cuba,85.6,90.4,92.2,60.5,85.0,96.25,,,,,,,,,,,,
NA,CUB,2011,Cuba,Caribbean,0,0,1,0.7914,PCC,Communist Party of Cuba,85.6,90.4,92.2,60.5,85.0,96.25,,,,,,,,,,,,
NA,CUB,2012,Cuba,Caribbean,0,0,1,0.7912,PCC,Communist Party of Cuba,85.6,90.4,92.2,60.5,85.0,96.25,,,,,,,,,,,,
NA,CUB,2013,Cuba,Caribbean,0,0,1,0.791,PCC,Communist Party of Cuba,85.0,88.5,92.8,60.5,83.8,96.25,,,,,,,,,,,,
NA,CUB,2014,Cuba,Caribbean,0,0,1,0.791,PCC,Communist Party of Cuba,85.0,89.2,92.8,60.5,84.3,96.25,,,,,,,,,,,,
NA,CUB,2015,Cuba,Caribbean,0,0,1,0.791,PCC,Communist Party of Cuba,85.8,89.2,92.8,60.5,84.3,96.25,,,,,,,,,,,,
NA,CUB,2016,Cuba,Caribbean,0,0,1,0.791,PCC,Communist Party of Cuba,84.0,89.2,92.8,51.6,82.89999999999999,96.25,,,,,,,,,,,,
NA,CUB,2017,Cuba,Caribbean,0,0,1,0.791,PCC,Communist Party of Cuba,86.2,89.2,92.8,64.1,84.8,95.725,,,,,,,,,,,,
NA,CUB,2018,Cuba,Caribbean,0,0,1,0.791,PCC,Communist Party of Cuba,85.2,89.2,90.0,57.199999999999996,83.2,81.65,,,,,,,,,,,,
NA,CUB,2019,Cuba,Caribbean,0,0,1,0.791,PCC,Communist Party of Cuba,85.0,89.2,90.0,57.199999999999996,83.6,94.325,,,,,,,,,,,,
NA,CUB,2020,Cuba,Caribbean,0,0,1,,,,85.6,89.2,90.2,57.199999999999996,83.2,94.325,,,,,,,,,,,,
NA,CUW,2000,Curaçao,Caribbean,0,0,1,,,,,,,,,,,,,,,,,,,,,
NA,CUW,2001,Curaçao,Caribbean,0,0,1,,,,,,,,,,,,,,,,,,,,,
NA,CUW,2002,Curaçao,Caribbean,0,0,1,,,,,,,,,,,,,,,,,,,,,
NA,CUW,2003,Curaçao,Caribbean,0,0,1,,,,,,,,,,,,,,,,,,,,,
NA,CUW,2004,Curaçao,Caribbean,0,0,1,,,,,,,,,,,,,,,,,,,,,
NA,CUW,2005,Curaçao,Caribbean,0,0,1,,,,,,,,,,,,,,,,,,,,,
NA,CUW,2006,Curaçao,Caribbean,0,0,1,,,,,,,,,,,,,,,,,,,,,
NA,CUW,2007,Curaçao,Caribbean,0,0,1,,,,,,,,,,,,,,,,,,,,,
NA,CUW,2008,Curaçao,Caribbean,0,0,1,,,,,,,,,,,,,,,,,,,,,
NA,CUW,2009,Curaçao,Caribbean,0,0,1,,,,,,,,,,,,,,,,,,,,,
NA,CUW,2010,Curaçao,Caribbean,0,0,1,,,,,,,,,,,,,,,,,,,,,
NA,CUW,2011,Curaçao,Caribbean,0,0,1,,,,,,,,,,,,,,,,,,,,,
NA,CUW,2012,Curaçao,Caribbean,0,0,1,,,,,,,,,,,,,,,,,,,,,
NA,CUW,2013,Curaçao,Caribbean,0,0,1,,,,,,,,,,,,,,,,,,,,,
NA,CUW,2014,Curaçao,Caribbean,0,0,1,,,,,,,,,,,,,,,,,,,,,
NA,CUW,2015,Curaçao,Caribbean,0,0,1,,,,,,,,,,,,,,,,,,,,,
NA,CUW,2016,Curaçao,Caribbean,0,0,1,,,,,,,,,,,,,,,,,,,,,
NA,CUW,2017,Curaçao,Caribbean,0,0,1,,,,,,,,,,,,,,,,,,,,,
NA,CUW,2018,Curaçao,Caribbean,0,0,1,,,,,,,,,,,,,,,,,,,,,
NA,CUW,2019,Curaçao,Caribbean,0,0,1,,,,,,,,,,,,,,,,,,,,,
NA,CUW,2020,Curaçao,Caribbean,0,0,1,,,,,,,,,,,,,,,,,,,,,
DM,DMA,2000,Dominica,Caribbean,0,0,1,,,,,,,,,,,,,,,,,,,,,
DM,DMA,2001,Dominica,Caribbean,0,0,1,,,,,,,,,,,,,,,,,,,,,
DM,DMA,2002,Dominica,Caribbean,0,0,1,,,,,,,,,,,,,,,,,,,,,
DM,DMA,2003,Dominica,Caribbean,0,0,1,,,,,,,,,,,,,,,,,,,,,
DM,DMA,2004,Dominica,Caribbean,0,0,1,,,,,,,,,,,,,,,,,,,,,
DM,DMA,2005,Dominica,Caribbean,0,0,1,,,,,,,,,,,,,,,,,,,,,
DM,DMA,2006,Dominica,Caribbean,0,0,1,,,,,,,,,,,,,,,,,,,,,
DM,DMA,2007,Dominica,Caribbean,0,0,1,,,,,,,,,,,,,,,,,,,,,
DM,DMA,2008,Dominica,Caribbean,0,0,1,,,,,,,,,,,,,,,,,,,,,
DM,DMA,2009,Dominica,Caribbean,0,0,1,,,,,,,,,,40.0,23.610595160000003,20.152212640000002,25.799999999999997,70.0,44.0,,,,,,
DM,DMA,2010,Dominica,Caribbean,0,0,1,,,,,,,,,,35.0,24.599999999999994,20.0,25.700000000000003,70.0,40.0,,,,,,
DM,DMA,2011,Dominica,Caribbean,0,0,1,,,,,,,,,,35.0,25.200000000000003,13.700000000000003,25.700000000000003,70.0,41.0,,,,,,
DM,DMA,2012,Dominica,Caribbean,0,0,1,,,,,,,,,,40.0,19.5,15.0,25.700000000000003,70.0,48.0,,,,,,
DM,DMA,2013,Dominica,Caribbean,0,0,1,,,,,,,,,,40.0,23.0,14.700000000000003,25.700000000000003,70.0,48.0,,,,,,
DM,DMA,2014,Dominica,Caribbean,0,0,1,,,,,,,,,,40.0,25.0,14.200000000000003,27.299999999999997,70.0,46.5,,,,,,
DM,DMA,2015,Dominica,Caribbean,0,0,1,,,,,,,,,,40.0,28.400000000000006,10.5,27.200000000000003,70.0,42.0,,,,,,
DM,DMA,2016,Dominica,Caribbean,0,0,1,,,,,,,,,,40.0,26.700000000000003,9.900000000000006,27.400000000000006,70.0,42.0,,,,,,
DM,DMA,2017,Dominica,Caribbean,0,0,1,,,,,,,,,,56.2,27.900000000000006,10.5,27.400000000000006,70.0,59.1,,,,,,
DM,DMA,2018,Dominica,Caribbean,0,0,1,,,,,,,,,,51.4,28.299999999999997,13.400000000000006,37.4,70.0,50.1,,,,,,
DM,DMA,2019,Dominica,Caribbean,0,0,1,,,,,,,,,,50.8,29.299999999999997,14.299999999999997,31.799999999999997,70.0,45.5,,,,,,
DM,DMA,2020,Dominica,Caribbean,0,0,1,,,,,,,,,,40.2,29.599999999999994,16.5,31.599999999999994,70.0,48.8,,,,,,
DO,DOM,2000,Dominican Republic,Caribbean,0,0,1,0.188,PLD,Dominican Liberation Party,64.4,57.4,82.0,76.7,73.7,22.75,70.0,45.0,20.099999999999994,42.2,50.0,70.0,5.0622912372254945,15.475000000000009,100.0,35.58356759767362,39.76867509354563,39.293390952451794
DO,DOM,2001,Dominican Republic,Caribbean,0,0,1,0.348,PRD,Dominican Revolutionary Party,64.4,57.4,85.0,76.7,72.39999999999999,22.75,70.0,45.0,20.799999999999997,40.6,50.0,70.0,5.0622912372254945,15.475000000000009,50.0,32.13668042953492,37.596084987489775,47.739890137950354
DO,DOM,2002,Dominican Republic,Caribbean,0,0,1,0.35,PRD,Dominican Revolutionary Party,65.4,57.4,85.0,76.7,72.89999999999999,22.75,70.0,45.0,26.900000000000006,39.2,50.0,70.0,4.8773841961852895,15.475000000000009,50.0,31.093984736714617,39.413127474498005,48.372074285785146
DO,DOM,2003,Dominican Republic,Caribbean,0,0,1,0.34625,PRD,Dominican Revolutionary Party,67.3,57.4,85.0,76.7,73.2,22.75,70.0,45.0,28.299999999999997,46.6,50.0,69.0,4.277929155313345,15.475000000000009,50.0,28.471743990036373,38.22265128402182,54.1074909524518
DO,DOM,2004,Dominican Republic,Caribbean,0,0,1,0.3425,PRD,Dominican Revolutionary Party,67.9,57.4,85.0,76.7,74.0,22.75,70.0,45.0,30.900000000000006,55.6,70.0,65.0,9.95367847411444,17.71343721719012,50.0,29.34935417488157,37.98110539030202,45.52126100592774
DO,DOM,2005,Dominican Republic,Caribbean,0,0,1,0.1895,PLD,Dominican Liberation Party,67.9,57.4,83.3,76.7,74.4,22.75,70.0,45.0,43.5,35.2,70.0,67.0,8.286103542234315,15.475000000000009,50.0,26.31103292896266,35.1662138942511,54.76260576517531
DO,DOM,2006,Dominican Republic,Caribbean,0,0,1,0.186,PLD,Dominican Liberation Party,67.9,57.4,83.3,76.7,74.0,22.75,70.0,43.0,50.7,32.599999999999994,50.0,71.0,8.182561307901906,15.475000000000009,50.0,20.88765582096771,37.94432310212895,51.92701518099266
DO,DOM,2007,Dominican Republic,Caribbean,0,0,1,0.17175,PLD,Dominican Liberation Party,68.2,58.1,80.9,76.7,74.4,22.75,70.0,43.3,36.8,26.200000000000003,60.0,70.0,7.2670299727520415,15.475000000000009,50.0,18.948059417513022,37.51579555207806,56.04076616260029
DO,DOM,2008,Dominican Republic,Caribbean,0,0,1,0.1575,PLD,Dominican Liberation Party,68.2,58.1,80.9,76.7,74.2,22.75,70.0,37.39550348,30.725569730000004,27.0,60.0,72.0,10.891541460956262,15.475000000000009,50.0,19.84443321750814,39.267629558846615,51.314714602462175
DO,DOM,2009,Dominican Republic,Caribbean,0,0,1,0.14325,PLD,Dominican Liberation Party,68.2,58.1,80.9,76.7,74.1,22.75,70.0,36.27081484,25.873699799999997,27.0,60.0,70.0,6.779291553133518,15.475000000000009,50.0,20.813072979829656,41.19627859879862,55.06439798919962
DO,DOM,2010,Dominican Republic,Caribbean,0,0,1,0.129,PLD,Dominican Liberation Party,68.0,59.5,76.7,76.7,73.7,22.75,70.0,37.6,29.200000000000003,20.0,60.0,70.0,6.163487738419619,15.475000000000009,0.0,19.1732655945856,39.86992529046607,57.18554278054125
DO,DOM,2011,Dominican Republic,Caribbean,0,0,1,0.1296666666666666,PLD,Dominican Liberation Party,67.5,58.4,82.7,76.7,74.3,22.75,70.0,43.6,22.900000000000006,20.200000000000003,60.0,70.0,5.686743258420478,15.475000000000009,0.0,19.33105247860631,38.83185196998866,55.635102636383166
DO,DOM,2012,Dominican Republic,Caribbean,0,0,1,0.1303333333333333,PLD,Dominican Liberation Party,66.8,56.2,84.8,76.7,73.8,22.75,70.0,44.5,24.900000000000006,19.900000000000006,60.0,70.0,7.059310144853384,15.475000000000009,0.0,20.21454425868606,38.838475099693895,56.60023651242936
DO,DOM,2013,Dominican Republic,Caribbean,0,0,1,0.131,PLD,Dominican Liberation Party,66.69999999999999,54.6,87.7,69.0,71.8,24.625,70.0,46.3,27.099999999999994,22.200000000000003,60.0,74.0,7.3662026486570085,15.475000000000009,0.0,20.390123575652353,39.92372445960855,57.78508311428158
DO,DOM,2014,Dominican Republic,Caribbean,0,0,1,0.1316666666666666,PLD,Dominican Liberation Party,66.9,57.300000000000004,87.7,69.0,73.3,24.625,70.0,43.9,24.299999999999997,22.200000000000003,60.0,72.7,7.844936972916059,15.475000000000009,0.0,18.6629431877235,39.325108539039604,58.844539590302254
DO,DOM,2015,Dominican Republic,Caribbean,0,0,1,0.1323333333333333,PLD,Dominican Liberation Party,66.3,57.300000000000004,87.7,69.1,72.7,36.625,70.0,46.5,24.0,22.200000000000003,60.0,71.0,4.144034047511624,15.475000000000009,0.0,17.54882960792061,39.6712560595693,60.05962746981651
DO,DOM,2016,Dominican Republic,Caribbean,0,0,1,0.133,PLD,Dominican Liberation Party,65.9,56.2,86.3,69.1,72.39999999999999,36.625,75.0,43.4,26.900000000000006,22.799999999999997,60.0,68.0,3.651226158038156,15.475000000000009,0.0,18.586642785369463,41.04447887556465,60.61708774342536
DO,DOM,2017,Dominican Republic,Caribbean,0,0,1,0.133,PLD,Dominican Liberation Party,69.3,56.2,89.1,73.1,73.5,36.625,43.9,47.2,23.299999999999997,23.0,60.0,69.1,3.405994550408721,20.275000000000006,0.0,18.473697790100175,41.33214436115019,60.15713672328648
DO,DOM,2018,Dominican Republic,Caribbean,0,0,1,0.133,PLD,Dominican Liberation Party,72.19999999999999,56.2,86.9,73.1,73.5,31.974999999999994,48.3,46.8,22.900000000000006,27.599999999999994,60.0,73.8,4.005449591280666,14.099999999999994,0.0,17.535995337261255,41.089479661150186,62.242704521203144
DO,DOM,2019,Dominican Republic,Caribbean,0,0,1,0.133,PLD,Dominican Liberation Party,74.4,53.199999999999996,86.9,73.1,72.6,51.35,49.4,48.1,20.299999999999997,24.200000000000003,60.0,76.8,4.005449591280666,14.099999999999994,0.0,17.479437584933137,41.089479661150186,61.13159341009204
DO,DOM,2020,Dominican Republic,Caribbean,0,0,1,,,,41.1,24.0,82.1,48.9,51.6,16.60000000000001,44.2,49.7,26.5,23.400000000000006,60.0,68.8,4.005449591280666,14.099999999999994,0.0,24.647262482495165,41.089479661150186,53.31909341009204
EC,ECU,2000,Ecuador,South America,0,0,0,,,,61.199999999999996,65.0,31.5,55.00000000000001,59.699999999999996,38.324999999999996,50.0,45.0,41.7,33.0,50.0,77.0,1.4168937329700384,34.650000000000006,0.0,31.104922650414764,65.99824248538943,52.25674124949304
EC,ECU,2001,Ecuador,South America,0,0,0,,,,61.199999999999996,65.0,31.5,55.00000000000001,59.699999999999996,38.324999999999996,70.0,45.0,48.1,41.0,70.0,76.0,1.4168937329700384,34.650000000000006,0.0,30.756248412457452,64.49207869246136,61.77139399299153
EC,ECU,2002,Ecuador,South America,0,0,0,,,,61.199999999999996,65.0,31.5,55.00000000000001,59.8,38.324999999999996,70.0,45.0,66.6,37.6,70.0,74.0,1.4168937329700384,34.650000000000006,0.0,29.691691861955036,60.414694866341804,58.717741249493045
EC,ECU,2003,Ecuador,South America,0,0,0,0.7355,PSP,Patriotic Society Party,62.6,63.800000000000004,31.5,60.199999999999996,60.8,38.324999999999996,70.0,45.0,56.2,37.2,50.0,77.0,1.4168937329700384,34.650000000000006,0.0,28.787354848964114,59.93850439015133,57.88440791615972
EC,ECU,2004,Ecuador,South America,0,0,0,0.732,PSP,Patriotic Society Party,62.2,65.0,31.5,59.9,61.5,38.324999999999996,70.0,45.0,42.4,37.6,50.0,78.0,1.4168937329700384,35.67235113271241,100.0,27.363766497637442,60.42837850071509,62.603867148437665
EC,ECU,2005,Ecuador,South America,0,0,0,,,,62.8,64.1,31.5,65.5,61.7,38.324999999999996,70.0,45.0,31.700000000000003,36.0,50.0,78.0,4.087193460490468,34.650000000000006,100.0,25.494097551002895,56.15095879232967,64.48143124834743
EC,ECU,2006,Ecuador,South America,0,0,0,,,,62.0,62.8,35.599999999999994,64.1,61.199999999999996,35.85000000000001,70.0,41.8,23.900000000000006,33.0,50.0,76.0,4.087193460490468,34.650000000000006,100.0,24.803658921354653,60.51531232208964,63.6113323327393
EC,ECU,2007,Ecuador,South America,0,0,0,0.977,PAIS,PAIS Alliance,58.6,63.800000000000004,55.7,62.3,64.7,36.025,70.0,41.2,25.5,33.0,40.0,75.0,4.087193460490468,34.650000000000006,100.0,23.264043344618926,60.21131373415851,62.618015526925234
EC,ECU,2008,Ecuador,South America,0,0,0,0.9725,PAIS,PAIS Alliance,60.5,76.0,69.8,62.0,70.89999999999999,36.5,70.0,41.31811288,25.8763833,32.400000000000006,50.0,77.0,4.087193460490468,38.14999999999999,100.0,26.250209407386336,63.4319109368736,62.42400017415486
EC,ECU,2009,Ecuador,South America,0,0,0,0.968,PAIS,PAIS Alliance,60.0,76.3,73.8,62.0,71.39999999999999,32.95,75.0,46.00415757,24.987015220000004,27.400000000000006,60.0,79.0,4.087193460490468,38.14999999999999,100.0,30.01540585574962,61.2454468429735,61.11304405706236
EC,ECU,2010,Ecuador,South America,0,0,0,0.96625,PAIS,PAIS Alliance,61.4,78.0,74.0,63.3,72.7,38.74999999999999,80.0,47.1,36.1,28.200000000000003,60.0,80.0,4.087193460490468,40.45,100.0,28.74234709769094,58.992806823909774,58.52640966476825
EC,ECU,2011,Ecuador,South America,0,0,0,0.9645,PAIS,PAIS Alliance,62.0,78.0,74.0,63.3,72.7,38.74999999999999,80.0,46.5,35.099999999999994,24.0,60.0,78.0,4.087193460490468,40.45,100.0,29.63403688345909,57.26992035192766,59.705849440251946
EC,ECU,2012,Ecuador,South America,0,0,0,0.96275,PAIS,PAIS Alliance,61.8,78.0,77.6,63.3,73.6,35.375,80.0,45.9,33.2,31.900000000000006,60.0,75.0,4.087193460490468,40.45,100.0,28.317096961379164,56.55205241353009,61.18656447121637
EC,ECU,2013,Ecuador,South America,0,0,0,0.961,PAIS,PAIS Alliance,64.1,80.9,84.8,65.60000000000001,75.7,54.4,80.0,48.5,33.099999999999994,31.900000000000006,60.0,73.0,4.087193460490468,40.45,100.0,28.823668677295387,59.82561881376954,71.69260385944386
EC,ECU,2014,Ecuador,South America,0,0,0,0.94225,PAIS,PAIS Alliance,65.30000000000001,83.4,85.1,65.60000000000001,77.4,54.4,80.0,47.2,33.900000000000006,28.200000000000003,60.0,74.0,4.087193460490468,40.45,100.0,37.01154249749418,60.70011346526872,66.5303618045046
EC,ECU,2015,Ecuador,South America,0,0,0,0.9235,PAIS,PAIS Alliance,65.30000000000001,83.4,84.7,65.60000000000001,76.7,54.4,85.0,48.6,31.799999999999997,28.599999999999994,60.0,65.0,4.087193460490468,40.45,50.0,33.0005582795591,48.497690540161855,66.88714459355172
EC,ECU,2016,Ecuador,South America,0,0,0,0.90475,PAIS,PAIS Alliance,66.1,83.4,83.8,65.60000000000001,76.7,54.4,85.0,44.5,31.900000000000006,28.599999999999994,60.0,67.0,4.087193460490468,40.45,50.0,33.25129660268968,49.32363920227874,65.67931357060579
EC,ECU,2017,Ecuador,South America,0,0,0,0.886,PAIS,PAIS Alliance,56.0,74.4,47.199999999999996,41.8,62.5,56.474999999999994,61.3,44.6,32.3,30.299999999999997,60.0,66.1,4.087193460490468,40.475,50.0,32.818936575392556,48.95922877648125,68.76874308842139
EC,ECU,2018,Ecuador,South America,0,0,0,0.886,PAIS,PAIS Alliance,48.6,48.699999999999996,29.80000000000001,46.1,49.8,22.82499999999999,63.3,44.4,29.900000000000006,31.200000000000003,60.0,69.8,4.087193460490468,39.525,50.0,32.49823676319524,49.29312377886219,66.43707492800472
EC,ECU,2019,Ecuador,South America,0,0,0,0.886,PAIS,PAIS Alliance,47.4,49.7,26.400000000000006,46.1,48.4,33.75,64.1,45.9,26.5,33.599999999999994,60.0,74.7,4.087193460490468,37.075,50.0,33.45820650498902,49.29312377886219,65.19332492800473
EC,ECU,2020,Ecuador,South America,0,0,0,,,,47.199999999999996,45.49999999999999,19.0,47.4,44.5,21.950000000000003,59.6,46.2,19.0,34.0,60.0,66.6,4.087193460490468,37.075,50.0,39.70723476301467,49.29312377886219,65.19332492800473
SV,SLV,2000,El Salvador,Central America,0,0,0,0.083,ARENA,Nationalist Republican Alliance,61.199999999999996,45.699999999999996,55.4,69.3,58.4,38.849999999999994,30.0,15.0,17.099999999999994,25.0,30.0,64.0,0.0,9.650000000000006,0.0,11.646651694054384,38.52599420106947,42.210735393164505
SV,SLV,2001,El Salvador,Central America,0,0,0,0.083,ARENA,Nationalist Republican Alliance,61.199999999999996,45.699999999999996,52.1,69.3,58.5,38.849999999999994,50.0,15.0,12.400000000000006,22.799999999999997,30.0,61.0,0.0,9.650000000000006,0.0,12.323049842119431,38.31353990143336,46.35499372649784
SV,SLV,2002,El Salvador,Central America,0,0,0,0.083,ARENA,Nationalist Republican Alliance,61.4,45.699999999999996,52.1,69.3,58.5,38.849999999999994,50.0,15.0,13.700000000000003,22.599999999999994,30.0,59.0,0.0,9.650000000000006,0.0,12.207730450535749,37.448679915355186,47.631035393164524
SV,SLV,2003,El Salvador,Central America,0,0,0,0.083,ARENA,Nationalist Republican Alliance,61.7,42.300000000000004,52.1,69.3,56.599999999999994,38.849999999999994,50.0,15.0,16.200000000000003,28.0,30.0,64.0,0.0,9.650000000000006,0.0,12.000290891397626,36.972489439164704,50.756035393164524
SV,SLV,2004,El Salvador,Central America,0,0,0,0.0833333333333333,ARENA,Nationalist Republican Alliance,64.5,42.300000000000004,52.1,70.6,56.99999999999999,38.849999999999994,50.0,15.0,14.799999999999997,27.799999999999997,30.0,66.0,0.0,2.8870177547272817,0.0,15.101041067321006,38.09007933226481,48.445160688672786
SV,SLV,2005,El Salvador,Central America,0,0,0,0.0836666666666666,ARENA,Nationalist Republican Alliance,65.6,42.300000000000004,52.0,73.1,56.89999999999999,38.849999999999994,50.0,15.0,14.400000000000006,27.200000000000003,30.0,63.0,6.810297097572757,9.650000000000006,0.0,19.13803786403392,34.00615164071013,57.04513436608701
SV,SLV,2006,El Salvador,Central America,0,0,0,0.084,ARENA,Nationalist Republican Alliance,65.30000000000001,41.400000000000006,52.0,73.1,56.10000000000001,38.849999999999994,50.0,42.1,17.099999999999994,23.599999999999994,30.0,58.0,7.084468664850135,9.650000000000006,0.0,16.696249718955727,35.10260198182132,48.20253509855615
SV,SLV,2007,El Salvador,Central America,0,0,0,0.084,ARENA,Nationalist Republican Alliance,65.30000000000001,41.400000000000006,52.0,73.1,56.00000000000001,38.849999999999994,50.0,39.8,22.299999999999997,23.400000000000006,30.0,58.0,5.765036070111904,9.650000000000006,0.0,15.729674587574962,35.39246569202095,50.13456747243293
SV,SLV,2008,El Salvador,Central America,0,0,0,0.084,ARENA,Nationalist Republican Alliance,62.7,35.900000000000006,52.0,69.39999999999999,52.6,38.849999999999994,50.0,40.49371723,23.233699290000004,23.400000000000006,30.0,60.0,8.980061281472842,9.650000000000006,0.0,15.015677475753137,37.17237368456537,47.72255997904496
SV,SLV,2009,El Salvador,Central America,0,0,0,0.913,FMLN,Farabundo Martí National Liberation Front,60.9,34.39999999999999,43.300000000000004,62.0,50.0,38.849999999999994,50.0,32.654399510000005,22.621123769999997,18.200000000000003,30.0,60.0,8.015325902049,9.650000000000006,0.0,17.483974966427738,38.32591517555578,50.14318491744759
SV,SLV,2010,El Salvador,Central America,0,0,0,0.863,FMLN,Farabundo Martí National Liberation Front,58.7,29.60000000000001,39.2,62.0,46.300000000000004,32.22500000000001,50.0,32.599999999999994,25.900000000000006,16.200000000000003,30.0,61.0,8.403269754768402,9.650000000000006,0.0,19.531694764885103,38.199194092612025,52.98046031667202
SV,SLV,2011,El Salvador,Central America,0,0,0,0.8130000000000001,FMLN,Farabundo Martí National Liberation Front,58.7,29.60000000000001,39.2,62.0,46.300000000000004,32.22500000000001,60.0,34.5,20.099999999999994,15.0,30.0,66.0,10.136239782016347,9.650000000000006,0.0,21.36002471334274,37.29834732648126,53.26576670655298
SV,SLV,2012,El Salvador,Central America,0,0,0,0.763,FMLN,Farabundo Martí National Liberation Front,57.800000000000004,27.799999999999997,39.2,62.0,44.5,32.22500000000001,60.0,36.8,17.900000000000006,21.0,30.0,64.0,8.947898953337031,9.650000000000006,0.0,23.101640118999015,49.97773130853254,55.40085380547488
SV,SLV,2013,El Salvador,Central America,0,0,0,0.7486666666666667,FMLN,Farabundo Martí National Liberation Front,52.300000000000004,27.799999999999997,36.199999999999996,45.2,40.699999999999996,32.22500000000001,60.0,38.2,20.400000000000006,21.0,30.0,66.0,7.119369234034906,16.724999999999994,0.0,23.810507170066288,52.75647681562677,54.925478089837625
SV,SLV,2014,El Salvador,Central America,0,0,0,0.7343333333333333,FMLN,Farabundo Martí National Liberation Front,50.5,27.799999999999997,36.199999999999996,38.1,38.800000000000004,32.22500000000001,60.0,40.4,20.0,21.0,30.0,65.7,5.2391466584765425,16.724999999999994,0.0,18.153806152826775,48.65415023766162,57.2804687945747
SV,SLV,2015,El Salvador,Central America,0,0,0,0.72,FMLN,Farabundo Martí National Liberation Front,50.5,27.799999999999997,36.199999999999996,36.0,38.800000000000004,32.22500000000001,65.0,46.7,17.5,14.799999999999997,30.0,62.0,5.279108519494258,16.724999999999994,0.0,20.05659676911739,49.76000984770031,56.84846226855235
SV,SLV,2016,El Salvador,Central America,0,0,0,0.72,FMLN,Farabundo Martí National Liberation Front,51.5,28.700000000000003,34.7,36.0,38.7,32.22500000000001,65.0,44.0,16.599999999999994,14.200000000000003,40.0,61.0,6.566757493188007,16.724999999999994,0.0,20.080538578927175,51.39536455529735,55.60530174970175
SV,SLV,2017,El Salvador,Central America,0,0,0,0.72,FMLN,Farabundo Martí National Liberation Front,54.6,30.5,33.39999999999999,42.1,40.2,32.22500000000001,54.7,42.7,20.799999999999997,13.5,40.0,68.3,6.7574931880108835,10.299999999999997,0.0,19.619342183102134,52.000515667276105,56.72288204206286
SV,SLV,2018,El Salvador,Central America,0,0,0,0.72,FMLN,Farabundo Martí National Liberation Front,61.0,33.2,37.3,59.699999999999996,44.800000000000004,32.22500000000001,62.7,41.8,20.200000000000003,13.599999999999994,40.0,74.8,6.185286103542211,10.299999999999997,0.0,20.780870119769148,51.648524693466584,55.53995294574015
SV,SLV,2019,El Salvador,Central America,0,0,0,,,,59.4,40.400000000000006,27.0,47.699999999999996,41.9,56.15,62.4,42.8,21.0,18.599999999999994,40.0,76.6,6.648501362397809,10.299999999999997,0.0,19.875792853196884,51.648524693466584,53.87328627907348
SV,SLV,2020,El Salvador,Central America,0,0,0,,,,69.1,49.8,29.700000000000003,63.3,52.1,76.925,58.4,46.4,21.400000000000006,19.200000000000003,40.0,68.4,5.47683923705722,10.299999999999997,0.0,25.307809473301603,51.648524693466584,53.87328627907348
NA,FLK,2000,Falkland Islands,South America,0,0,0,,,,,,,,,,,,,,,,,,,,,
NA,FLK,2001,Falkland Islands,South America,0,0,0,,,,,,,,,,,,,,,,,,,,,
NA,FLK,2002,Falkland Islands,South America,0,0,0,,,,,,,,,,,,,,,,,,,,,
NA,FLK,2003,Falkland Islands,South America,0,0,0,,,,,,,,,,,,,,,,,,,,,
NA,FLK,2004,Falkland Islands,South America,0,0,0,,,,,,,,,,,,,,,,,,,,,
NA,FLK,2005,Falkland Islands,South America,0,0,0,,,,,,,,,,,,,,,,,,,,,
NA,FLK,2006,Falkland Islands,South America,0,0,0,,,,,,,,,,,,,,,,,,,,,
NA,FLK,2007,Falkland Islands,South America,0,0,0,,,,,,,,,,,,,,,,,,,,,
NA,FLK,2008,Falkland Islands,South America,0,0,0,,,,,,,,,,,,,,,,,,,,,
NA,FLK,2009,Falkland Islands,South America,0,0,0,,,,,,,,,,,,,,,,,,,,,
NA,FLK,2010,Falkland Islands,South America,0,0,0,,,,,,,,,,,,,,,,,,,,,
NA,FLK,2011,Falkland Islands,South America,0,0,0,,,,,,,,,,,,,,,,,,,,,
NA,FLK,2012,Falkland Islands,South America,0,0,0,,,,,,,,,,,,,,,,,,,,,
NA,FLK,2013,Falkland Islands,South America,0,0,0,,,,,,,,,,,,,,,,,,,,,
NA,FLK,2014,Falkland Islands,South America,0,0,0,,,,,,,,,,,,,,,,,,,,,
NA,FLK,2015,Falkland Islands,South America,0,0,0,,,,,,,,,,,,,,,,,,,,,
NA,FLK,2016,Falkland Islands,South America,0,0,0,,,,,,,,,,,,,,,,,,,,,
NA,FLK,2017,Falkland Islands,South America,0,0,0,,,,,,,,,,,,,,,,,,,,,
NA,FLK,2018,Falkland Islands,South America,0,0,0,,,,,,,,,,,,,,,,,,,,,
NA,FLK,2019,Falkland Islands,South America,0,0,0,,,,,,,,,,,,,,,,,,,,,
NA,FLK,2020,Falkland Islands,South America,0,0,0,,,,,,,,,,,,,,,,,,,,,
NA,GUF,2000,French Guiana,South America,0,0,0,,,,,,,,,,,,,,,,,,,,,
NA,GUF,2001,French Guiana,South America,0,0,0,,,,,,,,,,,,,,,,,,,,,
NA,GUF,2002,French Guiana,South America,0,0,0,,,,,,,,,,,,,,,,,,,,,
NA,GUF,2003,French Guiana,South America,0,0,0,,,,,,,,,,,,,,,,,,,,,
NA,GUF,2004,French Guiana,South America,0,0,0,,,,,,,,,,,,,,,,,,,,,
NA,GUF,2005,French Guiana,South America,0,0,0,,,,,,,,,,,,,,,,,,,,,
NA,GUF,2006,French Guiana,South America,0,0,0,,,,,,,,,,,,,,,,,,,,,
NA,GUF,2007,French Guiana,South America,0,0,0,,,,,,,,,,,,,,,,,,,,,
NA,GUF,2008,French Guiana,South America,0,0,0,,,,,,,,,,,,,,,,,,,,,
NA,GUF,2009,French Guiana,South America,0,0,0,,,,,,,,,,,,,,,,,,,,,
NA,GUF,2010,French Guiana,South America,0,0,0,,,,,,,,,,,,,,,,,,,,,
NA,GUF,2011,French Guiana,South America,0,0,0,,,,,,,,,,,,,,,,,,,,,
NA,GUF,2012,French Guiana,South America,0,0,0,,,,,,,,,,,,,,,,,,,,,
NA,GUF,2013,French Guiana,South America,0,0,0,,,,,,,,,,,,,,,,,,,,,
NA,GUF,2014,French Guiana,South America,0,0,0,,,,,,,,,,,,,,,,,,,,,
NA,GUF,2015,French Guiana,South America,0,0,0,,,,,,,,,,,,,,,,,,,,,
NA,GUF,2016,French Guiana,South America,0,0,0,,,,,,,,,,,,,,,,,,,,,
NA,GUF,2017,French Guiana,South America,0,0,0,,,,,,,,,,,,,,,,,,,,,
NA,GUF,2018,French Guiana,South America,0,0,0,,,,,,,,,,,,,,,,,,,,,
NA,GUF,2019,French Guiana,South America,0,0,0,,,,,,,,,,,,,,,,,,,,,
NA,GUF,2020,French Guiana,South America,0,0,0,,,,,,,,,,,,,,,,,,,,,
NA,GRD,2000,Grenada,Caribbean,0,0,1,,,,,,,,,,,,,,,,,,,,,
NA,GRD,2001,Grenada,Caribbean,0,0,1,,,,,,,,,,,,,,,,,,,,,
NA,GRD,2002,Grenada,Caribbean,0,0,1,,,,,,,,,,,,,,,,,,,,,
NA,GRD,2003,Grenada,Caribbean,0,0,1,,,,,,,,,,,,,,,,,,,,,
NA,GRD,2004,Grenada,Caribbean,0,0,1,,,,,,,,,,,,,,,,,,,,,
NA,GRD,2005,Grenada,Caribbean,0,0,1,,,,,,,,,,,,,,,,,,,,,
NA,GRD,2006,Grenada,Caribbean,0,0,1,,,,,,,,,,,,,,,,,,,,,
NA,GRD,2007,Grenada,Caribbean,0,0,1,,,,,,,,,,,,,,,,,,,,,
NA,GRD,2008,Grenada,Caribbean,0,0,1,,,,,,,,,,,,,,,,,,,,,
NA,GRD,2009,Grenada,Caribbean,0,0,1,,,,,,,,,,,,,,,,,,,,,
NA,GRD,2010,Grenada,Caribbean,0,0,1,,,,,,,,,,,,,,,,,,,,,
NA,GRD,2011,Grenada,Caribbean,0,0,1,,,,,,,,,,,,,,,,,,,,,
NA,GRD,2012,Grenada,Caribbean,0,0,1,,,,,,,,,,,,,,,,,,,,,
NA,GRD,2013,Grenada,Caribbean,0,0,1,,,,,,,,,,,,,,,,,,,,,
NA,GRD,2014,Grenada,Caribbean,0,0,1,,,,,,,,,,,,,,,,,,,,,
NA,GRD,2015,Grenada,Caribbean,0,0,1,,,,,,,,,,,,,,,,,,,,,
NA,GRD,2016,Grenada,Caribbean,0,0,1,,,,,,,,,,,,,,,,,,,,,
NA,GRD,2017,Grenada,Caribbean,0,0,1,,,,,,,,,,,,,,,,,,,,,
NA,GRD,2018,Grenada,Caribbean,0,0,1,,,,,,,,,,,,,,,,,,,,,
NA,GRD,2019,Grenada,Caribbean,0,0,1,,,,,,,,,,,,,,,,,,,,,
NA,GRD,2020,Grenada,Caribbean,0,0,1,,,,,,,,,,,,,,,,,,,,,
NA,GLP,2000,Guadeloupe,Caribbean,0,0,0,,,,,,,,,,,,,,,,,,,,,
NA,GLP,2001,Guadeloupe,Caribbean,0,0,0,,,,,,,,,,,,,,,,,,,,,
NA,GLP,2002,Guadeloupe,Caribbean,0,0,0,,,,,,,,,,,,,,,,,,,,,
NA,GLP,2003,Guadeloupe,Caribbean,0,0,0,,,,,,,,,,,,,,,,,,,,,
NA,GLP,2004,Guadeloupe,Caribbean,0,0,0,,,,,,,,,,,,,,,,,,,,,
NA,GLP,2005,Guadeloupe,Caribbean,0,0,0,,,,,,,,,,,,,,,,,,,,,
NA,GLP,2006,Guadeloupe,Caribbean,0,0,0,,,,,,,,,,,,,,,,,,,,,
NA,GLP,2007,Guadeloupe,Caribbean,0,0,0,,,,,,,,,,,,,,,,,,,,,
NA,GLP,2008,Guadeloupe,Caribbean,0,0,0,,,,,,,,,,,,,,,,,,,,,
NA,GLP,2009,Guadeloupe,Caribbean,0,0,0,,,,,,,,,,,,,,,,,,,,,
NA,GLP,2010,Guadeloupe,Caribbean,0,0,0,,,,,,,,,,,,,,,,,,,,,
NA,GLP,2011,Guadeloupe,Caribbean,0,0,0,,,,,,,,,,,,,,,,,,,,,
NA,GLP,2012,Guadeloupe,Caribbean,0,0,0,,,,,,,,,,,,,,,,,,,,,
NA,GLP,2013,Guadeloupe,Caribbean,0,0,0,,,,,,,,,,,,,,,,,,,,,
NA,GLP,2014,Guadeloupe,Caribbean,0,0,0,,,,,,,,,,,,,,,,,,,,,
NA,GLP,2015,Guadeloupe,Caribbean,0,0,0,,,,,,,,,,,,,,,,,,,,,
NA,GLP,2016,Guadeloupe,Caribbean,0,0,0,,,,,,,,,,,,,,,,,,,,,
NA,GLP,2017,Guadeloupe,Caribbean,0,0,0,,,,,,,,,,,,,,,,,,,,,
NA,GLP,2018,Guadeloupe,Caribbean,0,0,0,,,,,,,,,,,,,,,,,,,,,
NA,GLP,2019,Guadeloupe,Caribbean,0,0,0,,,,,,,,,,,,,,,,,,,,,
NA,GLP,2020,Guadeloupe,Caribbean,0,0,0,,,,,,,,,,,,,,,,,,,,,
GT,GTM,2000,Guatemala,Central America,0,0,0,0.59975,FRG,Guatemalan Republican Front,70.1,38.7,25.900000000000006,75.4,55.2,33.275000000000006,50.0,45.0,27.799999999999997,28.200000000000003,30.0,69.0,5.340599455040859,6.875,50.0,21.611712066572565,56.47770543264619,47.46892007028012
GT,GTM,2001,Guatemala,Central America,0,0,0,0.5945,FRG,Guatemalan Republican Front,70.1,38.7,25.900000000000006,75.4,55.2,33.275000000000006,50.0,45.0,25.200000000000003,27.400000000000006,30.0,68.0,5.330670130417289,6.875,0.0,20.799415455968926,56.003709355826174,57.566706598676724
GT,GTM,2002,Guatemala,Central America,0,0,0,0.5892499999999999,FRG,Guatemalan Republican Front,69.9,38.7,25.900000000000006,75.4,55.2,33.275000000000006,70.0,45.0,25.299999999999997,26.400000000000006,30.0,68.0,10.709990134904842,6.875,0.0,19.071410209323503,57.97948162312238,50.50530340361345
GT,GTM,2003,Guatemala,Central America,0,0,0,0.584,FRG,Guatemalan Republican Front,69.9,38.7,25.900000000000006,75.4,55.2,33.275000000000006,70.0,45.0,21.700000000000003,26.599999999999994,30.0,71.0,12.17443068666708,6.875,0.0,18.73598703801099,57.027100670741426,53.42197007028012
GT,GTM,2004,Guatemala,Central America,0,0,0,0.17,GANA,Grand National Alliance,65.5,38.7,23.599999999999994,74.2,54.2,33.275000000000006,70.0,45.0,22.599999999999994,26.200000000000003,30.0,75.0,10.631490663200651,5.962654002752217,0.0,20.02441161562072,57.15530579894655,51.69048118412526
GT,GTM,2005,Guatemala,Central America,0,0,0,0.17,GANA,Grand National Alliance,65.5,38.7,24.0,74.2,53.400000000000006,33.275000000000006,70.0,45.0,20.900000000000006,26.599999999999994,30.0,76.0,7.285208285750173,6.875,0.0,21.147603353179647,52.16793958842848,52.791317690357786
GT,GTM,2006,Guatemala,Central America,0,0,0,0.17,GANA,Grand National Alliance,65.5,38.7,24.0,74.2,53.400000000000006,33.275000000000006,70.0,50.8,21.900000000000006,24.799999999999997,50.0,78.0,11.960646111600894,6.875,0.0,14.515650813826312,54.59579225819215,50.82924212858803
GT,GTM,2007,Guatemala,Central America,0,0,0,0.17,GANA,Grand National Alliance,65.5,38.7,21.099999999999994,74.2,53.7,36.275,70.0,47.7,28.400000000000006,19.799999999999997,40.0,75.0,11.961852861035425,6.875,0.0,13.079690081629636,53.82493834268759,49.77721605055514
GT,GTM,2008,Guatemala,Central America,0,0,0,0.744,UNE,National Unity of Hope,63.5,38.7,21.099999999999994,72.89999999999999,54.400000000000006,33.575,70.0,45.44837365,27.104887239999996,21.599999999999994,50.0,74.0,11.171662125340589,6.875,0.0,12.843288158834142,55.35596608060175,49.86002203970992
GT,GTM,2009,Guatemala,Central America,0,0,0,0.744,UNE,National Unity of Hope,64.5,38.7,21.099999999999994,72.89999999999999,53.5,33.575,70.0,45.94078392,26.704299989999996,21.599999999999994,50.0,72.0,10.572207084468658,6.875,0.0,13.29355896943892,56.58366478469765,50.250864970229955
GT,GTM,2010,Guatemala,Central America,0,0,0,0.744,UNE,National Unity of Hope,63.9,39.2,21.700000000000003,72.89999999999999,53.5,33.575,65.0,47.5,29.799999999999997,16.0,50.0,69.0,9.86376021798364,6.875,0.0,14.178556177172055,55.37302086822744,48.64555302671391
GT,GTM,2011,Guatemala,Central America,0,0,0,0.744,UNE,National Unity of Hope,63.7,38.4,23.900000000000006,72.89999999999999,53.6,33.575,65.0,47.9,23.599999999999994,15.400000000000006,50.0,66.0,9.727520435967307,6.875,0.0,14.531586903017782,51.99181525299004,48.39842575728831
GT,GTM,2012,Guatemala,Central America,0,0,0,0.208,PP,Patriotic Party,63.1,38.4,25.200000000000003,72.5,54.2,33.575,70.0,51.5,22.700000000000003,15.400000000000006,50.0,68.0,9.700272479564035,6.875,0.0,14.100376309419502,52.368387832660375,49.79138636372103
GT,GTM,2013,Guatemala,Central America,0,0,0,0.225,PP,Patriotic Party,61.199999999999996,27.200000000000003,20.39999999999999,80.60000000000001,49.3,34.375,70.0,49.2,24.5,14.799999999999997,50.0,73.0,10.326975476839237,6.875,0.0,14.062325147320337,51.9893448258025,47.65364079897586
GT,GTM,2014,Guatemala,Central America,0,0,0,0.242,PP,Patriotic Party,60.9,24.200000000000003,20.39999999999999,80.60000000000001,47.199999999999996,34.375,75.0,41.6,23.299999999999997,14.599999999999994,50.0,71.3,9.972752043596728,6.875,0.0,14.881132111961648,55.33239628105762,47.693516350171095
GT,GTM,2015,Guatemala,Central America,0,0,0,0.259,PP,Patriotic Party,56.4,22.200000000000003,19.099999999999994,79.3,44.9,31.174999999999997,80.0,45.3,23.200000000000003,15.400000000000006,50.0,71.0,10.217983651226149,6.875,0.0,13.928552025043146,56.0776257388619,48.46973907520972
GT,GTM,2016,Guatemala,Central America,0,0,0,0.178,FCN,National Convergence Front,53.599999999999994,24.299999999999997,19.099999999999994,76.2,44.7,31.174999999999997,80.0,37.5,22.099999999999994,13.599999999999994,50.0,68.0,9.727520435967307,6.875,0.0,14.259708731123993,56.45259394715482,50.2954401897434
GT,GTM,2017,Guatemala,Central America,0,0,0,0.178,FCN,National Convergence Front,53.4,21.89999999999999,20.799999999999997,79.10000000000001,44.5,34.325,55.0,41.3,20.599999999999994,13.0,50.0,72.5,11.226158038147119,6.875,0.0,15.938268952423329,56.71888812929791,52.21523713002117
GT,GTM,2018,Guatemala,Central America,0,0,0,0.178,FCN,National Convergence Front,62.4,26.400000000000006,27.0,84.2,49.5,38.24999999999999,59.6,42.7,22.400000000000006,12.799999999999997,50.0,72.7,10.735694822888291,6.875,0.0,15.978860896520573,56.73804108882172,51.815620824465626
GT,GTM,2019,Guatemala,Central America,0,0,0,0.178,FCN,National Convergence Front,64.1,31.200000000000003,25.0,84.2,52.900000000000006,38.24999999999999,59.7,46.4,23.0,17.799999999999997,50.0,73.6,10.435967302452298,6.875,0.0,16.01219422985389,46.73804108882172,52.37117638002118
GT,GTM,2020,Guatemala,Central America,0,0,0,,,,63.1,26.900000000000006,28.10000000000001,80.30000000000001,52.400000000000006,20.474999999999994,54.5,37.4,22.599999999999994,17.799999999999997,50.0,70.4,10.435967302452298,6.875,0.0,21.49347629561268,46.73804108882172,52.37117638002118
GY,GUY,2000,Guyana,South America,0,0,1,0.2394999999999999,PPP,People's Progressive Party,49.5,27.60000000000001,67.9,70.7,54.0,82.85,50.0,45.0,18.599999999999994,49.0,50.0,70.0,,31.200000000000017,50.0,29.23716870182946,20.37349903801706,51.185123980203535
GY,GUY,2001,Guyana,South America,0,0,1,0.081,PPP,People's Progressive Party,51.5,31.69999999999999,64.5,70.7,52.7,82.85,50.0,45.0,21.0,49.0,50.0,70.0,,31.200000000000017,50.0,28.98716870182946,20.37349903801706,51.185123980203535
GY,GUY,2002,Guyana,South America,0,0,1,0.1054,PPP,People's Progressive Party,51.6,33.89999999999999,64.5,70.7,54.1,82.85,50.0,45.0,20.900000000000006,33.2,50.0,70.0,,31.200000000000017,50.0,26.48716870182946,24.40158176456613,51.185123980203535
GY,GUY,2003,Guyana,South America,0,0,1,0.1298,PPP,People's Progressive Party,51.6,33.89999999999999,64.5,70.7,54.1,50.074999999999996,50.0,45.0,17.599999999999994,33.2,50.0,70.0,,36.89999999999999,50.0,26.437168701829464,24.40158176456613,51.185123980203535
GY,GUY,2004,Guyana,South America,0,0,1,0.1542,PPP,People's Progressive Party,51.6,33.89999999999999,64.5,70.7,54.1,50.074999999999996,50.0,45.0,18.900000000000006,34.8,30.0,70.0,,35.48935457221654,50.0,26.090951549439737,25.47913357597733,56.66895087899066
GY,GUY,2005,Guyana,South America,0,0,1,0.1786,PPP,People's Progressive Party,52.300000000000004,33.89999999999999,64.5,70.7,54.1,50.074999999999996,50.0,45.0,19.900000000000006,36.2,30.0,70.0,,36.89999999999999,50.0,28.963754906056153,22.991884792372403,58.0531430810847
GY,GUY,2006,Guyana,South America,0,0,1,0.203,PPP,People's Progressive Party,52.300000000000004,33.89999999999999,64.5,70.7,54.300000000000004,52.800000000000004,50.0,43.1,19.299999999999997,36.2,30.0,70.0,,36.89999999999999,50.0,27.617850834508545,31.329391036988966,54.54559375170207
GY,GUY,2007,Guyana,South America,0,0,1,0.1812,PPP,People's Progressive Party,52.300000000000004,33.89999999999999,64.5,70.7,54.6,47.95,60.0,43.0,25.900000000000006,33.0,40.0,75.0,,36.89999999999999,50.0,26.86308908968023,30.462974527643837,52.4006672296332
GY,GUY,2008,Guyana,South America,0,0,1,0.1594,PPP,People's Progressive Party,52.300000000000004,33.89999999999999,64.5,70.7,54.6,50.025,60.0,43.38657447,26.1413268,34.2,60.0,75.0,,36.89999999999999,50.0,26.538477390155762,31.42469468562551,51.88822297639818
GY,GUY,2009,Guyana,South America,0,0,1,0.1376,PPP,People's Progressive Party,52.300000000000004,33.89999999999999,64.5,70.7,54.6,47.9,60.0,39.095849,30.366826419999995,27.400000000000006,60.0,74.0,,36.89999999999999,50.0,27.2468683457557,28.5696642950424,51.914681607227905
GY,GUY,2010,Guyana,South America,0,0,1,0.1158,PPP,People's Progressive Party,53.599999999999994,35.3,64.5,71.2,54.800000000000004,47.9,65.0,36.6,29.0,28.700000000000003,60.0,74.0,,36.89999999999999,50.0,27.739459164865465,29.588529915216682,53.081063647855785
GY,GUY,2011,Guyana,South America,0,0,1,0.094,PPP,People's Progressive Party,53.599999999999994,35.3,64.5,71.2,54.800000000000004,46.550000000000004,70.0,33.2,24.200000000000003,28.700000000000003,60.0,74.0,,36.89999999999999,50.0,27.73408890437338,25.08046943448393,51.92025826592368
GY,GUY,2012,Guyana,South America,0,0,1,0.1375,PPP,People's Progressive Party,53.0,35.3,62.0,71.2,54.6,44.675,70.0,34.5,22.599999999999994,28.5,70.0,73.0,,36.89999999999999,50.0,27.62631420646656,25.93368312124953,54.178511645881
GY,GUY,2013,Guyana,South America,0,0,1,0.181,PPP,People's Progressive Party,52.2,37.0,62.4,68.0,53.0,36.975,70.0,33.7,24.099999999999994,28.799999999999997,70.0,75.0,,36.89999999999999,50.0,27.49564803418629,27.255115282011673,54.88003702020433
GY,GUY,2014,Guyana,South America,0,0,1,0.2245,PPP,People's Progressive Party,52.2,37.0,62.1,68.0,53.1,38.925,70.0,35.7,21.900000000000006,28.0,70.0,75.6,,36.89999999999999,50.0,33.47884530305086,26.657343060114258,55.755927959949794
GY,GUY,2015,Guyana,South America,0,0,1,0.2,PNC,People's National Congress – Reform,35.3,29.5,58.800000000000004,37.7,41.099999999999994,28.75,75.0,36.2,21.599999999999994,28.0,70.0,73.0,,36.89999999999999,50.0,34.03667863638418,26.9921206373551,48.81217795994979
GY,GUY,2016,Guyana,South America,0,0,1,0.2,PNC,People's National Congress – Reform,33.39999999999999,27.200000000000003,58.6,30.8,36.7,33.974999999999994,70.0,37.0,22.599999999999994,29.200000000000003,70.0,70.0,,36.89999999999999,50.0,34.03667863638418,31.031002750183546,50.824677959949796
GY,GUY,2017,Guyana,South America,0,0,1,0.2,PNC,People's National Congress – Reform,33.7,28.700000000000003,59.5,33.1,38.7,24.575000000000003,62.3,36.8,20.200000000000003,29.299999999999997,70.0,66.1,,36.89999999999999,50.0,34.94163423679802,30.971235673643463,59.69587335858817
GY,GUY,2018,Guyana,South America,0,0,1,0.2,PNC,People's National Congress – Reform,33.7,27.10000000000001,63.3,31.1,35.8,28.799999999999997,57.9,39.7,20.700000000000003,28.5,70.0,65.2,,36.89999999999999,50.0,35.386076928240314,30.971235673643463,61.64462335858816
GY,GUY,2019,Guyana,South America,0,0,1,0.2,PNC,People's National Congress – Reform,32.8,25.5,65.4,29.5,37.1,34.599999999999994,58.3,40.7,23.099999999999994,33.2,70.0,66.8,,36.89999999999999,50.0,35.812598282617586,30.971235673643463,62.75573446969928
GY,GUY,2020,Guyana,South America,0,0,1,,,,37.3,26.400000000000006,60.3,46.1,41.6,34.599999999999994,46.4,41.1,17.5,33.2,70.0,65.9,,36.89999999999999,50.0,39.40850159477647,30.971235673643463,52.50701639886594
HT,HTI,2000,Haiti,Haiti,1,0,1,0.946,FL,Lavalas Family,70.3,64.1,36.0,71.3,71.89999999999999,33.325,90.0,60.0,38.6,38.2,70.0,90.0,0.8310626702997297,21.825000000000017,0.0,30.940456994772205,21.015509870136427,39.0969003667399
HT,HTI,2001,Haiti,Haiti,1,0,1,0.9414,FL,Lavalas Family,71.7,64.1,36.0,80.2,75.0,33.325,90.0,60.0,35.3,35.0,70.0,90.0,0.8310626702997297,21.825000000000017,0.0,32.60712366143888,19.55415709795355,48.81710956046803
HT,HTI,2002,Haiti,Haiti,1,0,1,0.9368,FL,Lavalas Family,71.5,64.1,36.0,80.2,74.8,33.325,90.0,60.0,32.099999999999994,31.200000000000003,70.0,90.0,0.8310626702997297,21.825000000000017,0.0,31.58233460250625,21.015509870136427,49.05261685003662
HT,HTI,2003,Haiti,Haiti,1,0,1,0.9322,FL,Lavalas Family,73.8,64.1,36.0,80.2,74.8,33.325,90.0,60.0,33.3,26.799999999999997,50.0,90.0,0.8310626702997297,21.825000000000017,0.0,24.199520906274145,23.361541864532853,49.05261685003662
HT,HTI,2004,Haiti,Haiti,1,0,1,0.9276,FL,Lavalas Family,81.8,83.5,37.4,80.2,80.30000000000001,52.074999999999996,90.0,60.0,31.299999999999997,35.0,50.0,78.0,0.8310626702997297,21.822937420537173,0.0,24.77285991768548,23.361541864532853,55.52848913338216
HT,HTI,2005,Haiti,Haiti,1,0,1,0.923,FL,Lavalas Family,85.3,82.7,,83.89999999999999,84.0,51.550000000000004,90.0,60.0,44.6,33.0,70.0,85.0,0.8310626702997297,21.825000000000017,0.0,26.44207575035567,23.921798841954995,60.02190036673991
HT,HTI,2006,Haiti,Haiti,1,0,1,0.9184,FL,Lavalas Family,80.9,73.0,28.60000000000001,76.4,72.39999999999999,51.550000000000004,90.0,63.8,41.4,20.799999999999997,70.0,85.0,0.8310626702997297,21.825000000000017,0.0,26.025886224102337,23.09130544138985,58.171900366739905
HT,HTI,2007,Haiti,Haiti,1,0,1,0.9138,FL,Lavalas Family,78.1,65.6,20.099999999999994,76.4,71.39999999999999,45.525000000000006,90.0,61.4,37.8,20.799999999999997,60.0,82.0,0.8310626702997297,21.825000000000017,0.0,24.771058405000957,23.09130544138985,56.37190036673991
HT,HTI,2008,Haiti,Haiti,1,0,1,0.9092,FL,Lavalas Family,77.9,65.6,20.099999999999994,76.4,71.3,45.525000000000006,90.0,64.18167298,34.69655772,33.0,70.0,82.0,0.8310626702997297,21.825000000000017,0.0,23.62040829526704,23.09130544138985,56.37190036673991
HT,HTI,2009,Haiti,Haiti,1,0,1,0.9046,FL,Lavalas Family,78.0,66.6,20.099999999999994,76.4,71.7,45.525000000000006,90.0,62.33790239,31.00698577,20.599999999999994,70.0,84.0,0.8310626702997297,21.825000000000017,0.0,24.027764938623676,17.131295306269067,56.37190036673991
HT,HTI,2010,Haiti,Haiti,1,0,1,0.9,FL,Lavalas Family,82.9,80.7,20.099999999999994,76.4,78.10000000000001,45.525000000000006,90.0,64.0,32.900000000000006,20.900000000000006,70.0,86.0,0.8310626702997297,24.424999999999997,0.0,27.69220532306113,18.305479310135397,66.20740607244484
HT,HTI,2011,Haiti,Haiti,1,0,1,0.8954,FL,Lavalas Family,82.7,78.7,21.200000000000003,79.2,79.2,45.525000000000006,90.0,62.5,26.299999999999997,25.200000000000003,70.0,82.0,0.8310626702997297,24.424999999999997,0.0,27.584277897385462,18.137651923463537,64.68174363077817
HT,HTI,2012,Haiti,Haiti,1,0,1,0.8908,FL,Lavalas Family,83.0,79.2,21.200000000000003,83.7,78.4,51.475,90.0,66.7,24.0,25.200000000000003,70.0,78.0,0.8310626702997297,24.424999999999997,50.0,25.862612251050876,18.136948623101233,68.35380237246956
HT,HTI,2013,Haiti,Haiti,1,0,1,0.8862,FL,Lavalas Family,82.5,81.2,21.200000000000003,76.5,77.9,51.275,90.0,66.6,25.799999999999997,25.200000000000003,70.0,82.0,0.8310626702997297,18.400000000000006,50.0,25.454739540363562,20.031821945739892,70.19425533459642
HT,HTI,2014,Haiti,Haiti,1,0,1,0.8815999999999999,FL,Lavalas Family,82.9,81.2,21.200000000000003,76.5,78.4,51.275,90.0,66.7,26.400000000000006,29.599999999999994,70.0,83.1,0.8310626702997297,18.400000000000006,50.0,18.124664890571268,20.031821945739892,70.85628919759725
HT,HTI,2015,Haiti,Haiti,1,0,1,0.877,FL,Lavalas Family,83.1,81.2,30.60000000000001,76.5,80.5,51.275,90.0,56.9,26.5,22.400000000000006,70.0,81.0,0.8310626702997297,18.400000000000006,50.0,19.74596355660644,20.031821945739892,70.85628919759725
HT,HTI,2016,Haiti,Haiti,1,0,1,,,,82.5,82.9,19.799999999999997,76.5,80.10000000000001,48.1,90.0,52.9,24.0,28.0,70.0,81.0,0.8310626702997297,18.400000000000006,50.0,22.500084189900946,20.777530867908084,70.57467280009635
HT,HTI,2017,Haiti,Haiti,1,0,1,,,,82.8,79.3,19.799999999999997,76.5,78.8,51.4,87.4,50.6,26.200000000000003,29.400000000000006,70.0,80.9,0.8310626702997297,21.825000000000017,50.0,23.110660408326126,21.96036974642857,70.09592270495747
HT,HTI,2018,Haiti,Haiti,1,0,1,,,,85.7,76.5,19.69999999999999,89.60000000000001,80.60000000000001,49.025,74.9,51.7,31.099999999999994,28.099999999999994,70.0,75.4,0.8310626702997297,16.75,50.0,23.728432115033968,20.876126063095242,73.1799483445408
HT,HTI,2019,Haiti,Haiti,1,0,1,,,,86.9,80.9,21.5,89.60000000000001,81.8,51.4,89.6,63.8,33.5,28.0,70.0,79.7,0.8310626702997297,15.75,50.0,23.728432115033968,20.876126063095242,73.96258723342969
HT,HTI,2020,Haiti,Haiti,1,0,1,,,,85.2,79.3,22.799999999999997,89.60000000000001,81.8,51.4,83.6,66.4,38.5,33.0,70.0,77.7,0.8310626702997297,15.75,50.0,20.70743211503398,20.876126063095242,73.96258723342969
HN,HND,2000,Honduras,Central America,0,0,0,0.25325,PLH,Liberal Party of Honduras,67.9,34.3,77.0,79.80000000000001,66.7,32.849999999999994,50.0,45.0,35.5,37.0,50.0,83.0,9.536784741144402,24.924999999999997,0.0,26.816287242177268,41.76782907719243,51.26523048977166
HN,HND,2001,Honduras,Central America,0,0,0,0.263,PLH,Liberal Party of Honduras,67.9,34.3,77.0,79.80000000000001,66.7,32.849999999999994,70.0,45.0,32.8,26.200000000000003,50.0,82.0,9.536784741144402,17.424999999999997,0.0,26.658073193631267,43.30730904058588,60.38748550473163
HN,HND,2002,Honduras,Central America,0,0,0,0.105,PNH,National Party of Honduras,67.69999999999999,34.3,77.0,80.9,65.9,32.849999999999994,50.0,45.0,31.400000000000006,30.200000000000003,50.0,82.0,9.536784741144402,16.950000000000003,0.0,25.466486854726654,43.19801955338291,56.50979715643834
HN,HND,2003,Honduras,Central America,0,0,0,0.105,PNH,National Party of Honduras,67.69999999999999,34.3,77.0,80.9,65.9,20.72500000000001,50.0,45.0,25.200000000000003,31.599999999999994,50.0,73.0,3.3514986376021625,16.950000000000003,0.0,23.03737230833059,42.721829077192425,59.426463823104996
HN,HND,2004,Honduras,Central America,0,0,0,0.105,PNH,National Party of Honduras,67.69999999999999,34.3,77.0,80.9,65.9,20.72500000000001,70.0,45.0,28.5,30.0,50.0,73.0,0.16348773841961872,8.739863222077815,0.0,25.854743197585975,41.995928961048406,62.42899804148515
HN,HND,2005,Honduras,Central America,0,0,0,0.105,PNH,National Party of Honduras,67.69999999999999,34.3,77.0,80.9,66.0,20.72500000000001,70.0,45.0,27.799999999999997,29.599999999999994,30.0,77.0,0.0,16.950000000000003,0.0,24.580587130358623,38.15583853596438,62.33055304663867
HN,HND,2006,Honduras,Central America,0,0,0,0.292,PLH,Liberal Party of Honduras,66.8,32.3,77.0,80.9,65.5,20.72500000000001,70.0,44.7,27.900000000000006,30.599999999999994,30.0,77.0,0.8719346049046237,16.950000000000003,0.0,21.957568145512212,43.26424567965783,54.55517470853288
HN,HND,2007,Honduras,Central America,0,0,0,0.282,PLH,Liberal Party of Honduras,67.19999999999999,32.3,77.0,81.69999999999999,65.8,20.72500000000001,70.0,43.9,28.5,20.799999999999997,30.0,74.0,2.7792915531335183,16.950000000000003,0.0,20.944729078327896,43.54128010935716,48.42835929119815
HN,HND,2008,Honduras,Central America,0,0,0,0.272,PLH,Liberal Party of Honduras,67.19999999999999,32.3,71.2,81.69999999999999,65.5,20.72500000000001,70.0,40.09559152,26.272172780000005,22.0,40.0,75.0,0.0,16.950000000000003,0.0,18.409265016526774,48.241036897376844,53.89988467701446
HN,HND,2009,Honduras,Central America,0,0,0,0.262,PLH,Liberal Party of Honduras,71.5,36.4,54.4,81.69999999999999,65.4,33.099999999999994,70.0,35.557571429999996,26.473606009999997,22.0,40.0,75.0,0.0,16.950000000000003,0.0,20.37003349172099,48.05440424321641,50.44826833887137
HN,HND,2010,Honduras,Central America,0,0,0,0.128,PNH,National Party of Honduras,72.4,39.0,74.1,80.9,69.6,27.375,70.0,37.0,29.799999999999997,16.299999999999997,40.0,74.0,0.0,16.950000000000003,0.0,24.700859753095187,50.03731865358981,50.07902219827969
HN,HND,2011,Honduras,Central America,0,0,0,0.104,PNH,National Party of Honduras,71.1,36.9,74.1,81.39999999999999,68.7,26.049999999999997,70.0,37.9,26.799999999999997,23.0,40.0,75.0,0.0,16.950000000000003,0.0,24.03497603273658,48.22324744634508,51.59813019015353
HN,HND,2012,Honduras,Central America,0,0,0,0.0799999999999999,PNH,National Party of Honduras,73.5,44.599999999999994,74.1,81.39999999999999,71.89999999999999,26.049999999999997,70.0,39.4,25.900000000000006,22.900000000000006,40.0,76.0,0.0,16.950000000000003,0.0,24.54989078081782,48.601592941920885,54.9496617833273
HN,HND,2013,Honduras,Central America,0,0,0,0.056,PNH,National Party of Honduras,70.5,35.8,71.5,81.39999999999999,68.8,29.325000000000003,70.0,39.0,26.099999999999994,22.900000000000006,40.0,74.0,0.0,16.950000000000003,0.0,24.75959127347366,46.921494989257155,52.25093348838645
HN,HND,2014,Honduras,Central America,0,0,0,0.05575,PNH,National Party of Honduras,69.0,35.8,68.9,81.39999999999999,68.60000000000001,29.325000000000003,70.0,44.6,24.900000000000006,24.599999999999994,40.0,76.3,0.0,15.199999999999989,0.0,27.32927299845801,46.8165393904937,53.054712583950334
HN,HND,2015,Honduras,Central America,0,0,0,0.0555,PNH,National Party of Honduras,74.8,53.0,68.9,81.39999999999999,75.1,31.525000000000006,70.0,46.8,24.599999999999994,22.400000000000006,40.0,74.0,0.0,15.199999999999989,0.0,26.47298121944803,46.83295680594688,53.81721258395033
HN,HND,2016,Honduras,Central America,0,0,0,0.05525,PNH,National Party of Honduras,72.3,44.099999999999994,68.9,81.39999999999999,72.39999999999999,31.525000000000006,70.0,42.0,25.200000000000003,21.599999999999994,40.0,71.0,0.0,15.199999999999989,0.0,28.20135326726556,47.428560660708776,56.76031994570909
HN,HND,2017,Honduras,Central America,0,0,0,0.055,PNH,National Party of Honduras,73.4,46.3,68.9,81.39999999999999,74.5,33.175,55.0,43.1,22.700000000000003,21.599999999999994,40.0,67.8,0.0,15.199999999999989,0.0,27.95137385648016,47.55491115594687,52.50922296862576
HN,HND,2018,Honduras,Central America,0,0,0,0.055,PNH,National Party of Honduras,71.2,39.4,65.8,81.39999999999999,70.5,44.15,55.7,41.5,26.200000000000003,15.599999999999994,40.0,71.8,0.0,15.199999999999989,0.0,28.324529917966686,47.55491115594687,54.48360339398462
HN,HND,2019,Honduras,Central America,0,0,0,0.055,PNH,National Party of Honduras,72.5,41.1,69.0,81.39999999999999,69.69999999999999,40.825,56.6,43.1,27.0,20.599999999999994,40.0,74.7,0.0,15.199999999999989,0.0,28.328799517498766,47.55491115594687,55.808603393984626
HN,HND,2020,Honduras,Central America,0,0,0,,,,71.80000000000001,41.300000000000004,70.6,75.9,69.5,40.825,51.4,43.3,27.799999999999997,20.599999999999994,40.0,71.4,6.403269754768388,15.199999999999989,0.0,34.08658749689265,47.55491115594687,54.621103393984626
JM,JAM,2000,Jamaica,Caribbean,0,0,1,0.254,PNP,People's National Party,13.599999999999994,10.5,26.5,18.2,18.9,14.924999999999997,30.0,30.0,25.5,33.0,50.0,62.0,0.0,36.525,0.0,20.728162983092957,31.316287225549303,39.69842037516169
JM,JAM,2001,Jamaica,Caribbean,0,0,1,0.254,PNP,People's National Party,13.599999999999994,10.5,26.5,18.2,18.9,14.924999999999997,50.0,30.0,21.700000000000003,23.599999999999994,70.0,62.0,0.0,36.525,0.0,21.52983756053662,31.200512145476992,54.862362991624394
JM,JAM,2002,Jamaica,Caribbean,0,0,1,0.254,PNP,People's National Party,13.599999999999994,10.5,26.5,18.2,18.5,14.924999999999997,50.0,30.0,22.599999999999994,33.2,70.0,62.0,0.0,24.39999999999999,0.0,22.522072942705506,30.93735389221598,53.15183704182835
JM,JAM,2003,Jamaica,Caribbean,0,0,1,0.254,PNP,People's National Party,13.599999999999994,10.5,21.39999999999999,18.2,18.9,14.924999999999997,50.0,30.0,22.0,34.2,30.0,62.0,0.38147138964578176,24.39999999999999,0.0,24.229632267572455,31.175449130311222,51.068503708495015
JM,JAM,2004,Jamaica,Caribbean,0,0,1,0.254,PNP,People's National Party,13.599999999999994,10.5,21.39999999999999,18.2,18.9,14.924999999999997,50.0,30.0,22.0,35.599999999999994,30.0,60.0,1.852861035422336,34.98689125031903,0.0,23.475924326135697,30.801299470447262,48.076556929783536
JM,JAM,2005,Jamaica,Caribbean,0,0,1,0.254,PNP,People's National Party,13.599999999999994,10.5,19.099999999999994,18.2,17.0,14.924999999999997,50.0,30.0,24.200000000000003,30.599999999999994,30.0,62.0,0.7629427792915635,24.39999999999999,0.0,22.42368945769978,26.868665014931153,53.311779193019646
JM,JAM,2006,Jamaica,Caribbean,0,0,1,0.254,PNP,People's National Party,13.599999999999994,10.5,19.099999999999994,18.2,16.900000000000002,11.400000000000006,50.0,17.400000000000006,27.099999999999994,34.599999999999994,30.0,67.0,1.7252505460467376,24.39999999999999,0.0,20.576785516075958,30.546745857283824,53.83086002443782
JM,JAM,2007,Jamaica,Caribbean,0,0,1,0.254,PNP,People's National Party,13.599999999999994,10.5,17.0,18.2,16.900000000000002,11.400000000000006,50.0,18.0,29.0,29.599999999999994,40.0,64.0,2.3122716613925576,24.39999999999999,0.0,20.858105733831437,32.60137525391323,54.664407004560516
JM,JAM,2008,Jamaica,Caribbean,0,0,1,0.2265,JLP,Jamaica Labour Party,13.599999999999994,10.5,17.0,18.2,17.4,11.400000000000006,50.0,17.706036049999994,25.68741482,29.599999999999994,40.0,63.0,2.198312063382275,24.39999999999999,0.0,21.325831902114942,33.83447513127025,54.52611999172382
JM,JAM,2009,Jamaica,Caribbean,0,0,1,0.229,JLP,Jamaica Labour Party,13.599999999999994,10.5,17.0,18.2,17.4,11.400000000000006,50.0,12.211834690000003,24.644723479999996,29.400000000000006,50.0,67.0,2.0907757009918413,24.39999999999999,0.0,24.534480868963342,32.82734199020234,53.722886587572845
JM,JAM,2010,Jamaica,Caribbean,0,0,1,0.2315,JLP,Jamaica Labour Party,13.599999999999994,10.5,16.5,18.2,18.099999999999998,11.400000000000006,55.0,13.0,31.599999999999994,27.799999999999997,40.0,69.0,2.4114441416893584,20.174999999999997,0.0,25.308698946970594,31.694474244574067,52.51609631924232
JM,JAM,2011,Jamaica,Caribbean,0,0,1,0.234,JLP,Jamaica Labour Party,13.599999999999994,10.5,16.5,18.2,18.7,11.400000000000006,60.0,13.700000000000003,27.5,27.799999999999997,40.0,70.0,3.3705722070844786,20.174999999999997,0.0,25.03394429534552,28.951234266405976,51.289555525491565
JM,JAM,2012,Jamaica,Caribbean,0,0,1,0.2634,PNP,People's National Party,13.5,10.5,15.900000000000006,18.2,17.7,11.400000000000006,60.0,15.299999999999997,27.599999999999994,27.900000000000006,40.0,67.0,6.207378195397766,20.174999999999997,0.0,24.703236230201995,28.08190551682614,52.80725223796556
JM,JAM,2013,Jamaica,Caribbean,0,0,1,0.2768,PNP,People's National Party,13.099999999999994,12.200000000000003,15.900000000000006,18.2,18.5,11.400000000000006,60.0,15.700000000000003,23.900000000000006,25.0,40.0,67.0,6.449953316438325,17.875,0.0,24.69953380001492,25.361211046166318,51.55553389226582
JM,JAM,2014,Jamaica,Caribbean,0,0,1,0.2902,PNP,People's National Party,13.099999999999994,12.200000000000003,15.900000000000006,18.2,18.5,11.400000000000006,60.0,15.400000000000006,22.700000000000003,24.900000000000006,50.0,67.0,16.838247507571822,17.875,0.0,28.133839294943286,26.00091654919511,50.09597350772694
JM,JAM,2015,Jamaica,Caribbean,0,0,1,0.3036,PNP,People's National Party,13.099999999999994,12.200000000000003,15.900000000000006,18.2,18.5,11.400000000000006,60.0,14.099999999999994,28.599999999999994,25.0,50.0,62.0,16.222230256735557,17.875,0.0,24.68517112586548,25.870563106161327,47.901367906006556
JM,JAM,2016,Jamaica,Caribbean,0,0,1,0.298,JLP,Jamaica Labour Party,12.5,12.200000000000003,15.900000000000006,16.2,17.599999999999998,11.400000000000006,60.0,18.700000000000003,22.5,24.599999999999994,50.0,62.0,16.222230256735557,17.875,0.0,24.983574004283454,25.505214933145737,47.947473971833396
JM,JAM,2017,Jamaica,Caribbean,0,0,1,0.298,JLP,Jamaica Labour Party,11.900000000000006,9.0,15.900000000000006,16.2,15.2,11.400000000000006,42.0,21.099999999999994,20.5,24.700000000000003,50.0,61.8,16.222230256735557,17.875,0.0,27.730235828742877,25.9728794836971,47.60976968724993
JM,JAM,2018,Jamaica,Caribbean,0,0,1,0.298,JLP,Jamaica Labour Party,12.400000000000006,9.599999999999994,17.60000000000001,16.2,15.9,11.400000000000006,39.1,21.299999999999997,18.0,29.200000000000003,50.0,60.6,16.222230256735557,17.875,0.0,27.828684375080698,26.15846791226852,46.82610762504977
JM,JAM,2019,Jamaica,Caribbean,0,0,1,0.298,JLP,Jamaica Labour Party,10.399999999999991,9.599999999999994,16.10000000000001,16.2,15.0,11.400000000000006,39.3,22.0,17.400000000000006,31.599999999999994,50.0,55.0,16.222230256735557,11.5,0.0,27.867122333376017,26.15846791226852,46.82610762504977
JM,JAM,2020,Jamaica,Caribbean,0,0,1,,,,12.200000000000003,10.099999999999994,16.10000000000001,35.5,17.1,11.400000000000006,37.9,22.299999999999997,22.299999999999997,31.599999999999994,50.0,53.2,16.222230256735557,15.700000000000003,0.0,34.92355623166131,26.15846791226852,46.251107625049755
NA,MTQ,2000,Martinique,Caribbean,0,0,0,,,,,,,,,,,,,,,,,,,,,
NA,MTQ,2001,Martinique,Caribbean,0,0,0,,,,,,,,,,,,,,,,,,,,,
NA,MTQ,2002,Martinique,Caribbean,0,0,0,,,,,,,,,,,,,,,,,,,,,
NA,MTQ,2003,Martinique,Caribbean,0,0,0,,,,,,,,,,,,,,,,,,,,,
NA,MTQ,2004,Martinique,Caribbean,0,0,0,,,,,,,,,,,,,,,,,,,,,
NA,MTQ,2005,Martinique,Caribbean,0,0,0,,,,,,,,,,,,,,,,,,,,,
NA,MTQ,2006,Martinique,Caribbean,0,0,0,,,,,,,,,,,,,,,,,,,,,
NA,MTQ,2007,Martinique,Caribbean,0,0,0,,,,,,,,,,,,,,,,,,,,,
NA,MTQ,2008,Martinique,Caribbean,0,0,0,,,,,,,,,,,,,,,,,,,,,
NA,MTQ,2009,Martinique,Caribbean,0,0,0,,,,,,,,,,,,,,,,,,,,,
NA,MTQ,2010,Martinique,Caribbean,0,0,0,,,,,,,,,,,,,,,,,,,,,
NA,MTQ,2011,Martinique,Caribbean,0,0,0,,,,,,,,,,,,,,,,,,,,,
NA,MTQ,2012,Martinique,Caribbean,0,0,0,,,,,,,,,,,,,,,,,,,,,
NA,MTQ,2013,Martinique,Caribbean,0,0,0,,,,,,,,,,,,,,,,,,,,,
NA,MTQ,2014,Martinique,Caribbean,0,0,0,,,,,,,,,,,,,,,,,,,,,
NA,MTQ,2015,Martinique,Caribbean,0,0,0,,,,,,,,,,,,,,,,,,,,,
NA,MTQ,2016,Martinique,Caribbean,0,0,0,,,,,,,,,,,,,,,,,,,,,
NA,MTQ,2017,Martinique,Caribbean,0,0,0,,,,,,,,,,,,,,,,,,,,,
NA,MTQ,2018,Martinique,Caribbean,0,0,0,,,,,,,,,,,,,,,,,,,,,
NA,MTQ,2019,Martinique,Caribbean,0,0,0,,,,,,,,,,,,,,,,,,,,,
NA,MTQ,2020,Martinique,Caribbean,0,0,0,,,,,,,,,,,,,,,,,,,,,
MX,MEX,2000,Mexico,Central America,0,0,0,0.208,PRI,Institutional Revolutionary Party,37.7,27.0,27.299999999999997,35.6,33.4,35.650000000000006,50.0,45.0,32.400000000000006,37.0,70.0,67.0,20.77962476003799,26.900000000000006,50.0,21.779574270392175,47.203116804966115,47.28445233953637
MX,MEX,2001,Mexico,Central America,0,0,0,0.164,PAN,National Action Party,37.8,27.0,33.2,37.1,34.1,35.650000000000006,50.0,45.0,30.900000000000006,17.0,50.0,66.0,20.77962476003799,27.950000000000003,50.0,23.213873975296536,46.651820558410236,63.886834639468226
MX,MEX,2002,Mexico,Central America,0,0,0,0.159,PAN,National Action Party,37.8,27.0,33.2,37.1,34.9,35.650000000000006,50.0,45.0,26.799999999999997,18.799999999999997,30.0,67.0,20.77962476003799,27.950000000000003,50.0,24.277774300425804,43.86615966210897,61.860735672869716
MX,MEX,2003,Mexico,Central America,0,0,0,0.154,PAN,National Action Party,41.1,27.0,30.900000000000006,37.1,34.599999999999994,35.650000000000006,50.0,30.0,23.0,19.0,30.0,63.0,20.77962476003799,27.950000000000003,50.0,24.708508659447347,44.10425490020421,62.69406900620305
MX,MEX,2004,Mexico,Central America,0,0,0,0.139,PAN,National Action Party,41.1,27.0,30.900000000000006,37.1,34.699999999999996,35.650000000000006,50.0,30.0,20.200000000000003,18.400000000000006,30.0,64.0,20.77962476003799,32.93166488557783,50.0,23.538957932113306,43.698611161227134,66.0225427496167
MX,MEX,2005,Mexico,Central America,0,0,0,0.124,PAN,National Action Party,41.1,27.0,30.900000000000006,37.1,34.699999999999996,35.650000000000006,50.0,30.0,18.900000000000006,24.799999999999997,30.0,64.0,20.77962476003799,27.950000000000003,50.0,25.024033000026407,38.08637773251627,63.53955444518442
MX,MEX,2006,Mexico,Central America,0,0,0,0.109,PAN,National Action Party,40.400000000000006,27.0,30.900000000000006,37.7,35.3,35.650000000000006,50.0,20.299999999999997,18.700000000000003,42.6,30.0,64.0,20.77962476003799,27.950000000000003,50.0,24.792545938394426,38.923320016066675,61.82926986507917
MX,MEX,2007,Mexico,Central America,0,0,0,0.109,PAN,National Action Party,42.1,27.700000000000003,30.900000000000006,37.7,37.2,40.525,50.0,16.5,23.0,22.400000000000006,40.0,65.0,20.77962476003799,27.950000000000003,50.0,25.926770737903638,39.04434189827654,63.474703751704126
MX,MEX,2008,Mexico,Central America,0,0,0,0.109,PAN,National Action Party,41.6,27.700000000000003,30.900000000000006,37.7,36.1,40.525,50.0,17.130015169999993,22.33444806,21.0,40.0,67.0,10.408719346049054,27.950000000000003,50.0,25.724332975781238,41.55502564590086,62.81388120805499
MX,MEX,2009,Mexico,Central America,0,0,0,0.109,PAN,National Action Party,41.6,27.700000000000003,30.900000000000006,37.7,36.199999999999996,40.525,50.0,19.693283109999996,22.47856779,19.799999999999997,40.0,65.0,13.460490463215251,27.950000000000003,50.0,25.412833318906166,42.10023586157264,62.36254278395944
MX,MEX,2010,Mexico,Central America,0,0,0,0.12,PAN,National Action Party,41.900000000000006,25.599999999999994,33.7,37.7,35.699999999999996,40.525,50.0,17.0,23.700000000000003,18.0,40.0,64.0,12.425068119891023,26.349999999999994,50.0,26.148034582783552,42.373378178965254,53.56547355291487
MX,MEX,2011,Mexico,Central America,0,0,0,0.131,PAN,National Action Party,41.900000000000006,25.599999999999994,33.7,37.7,35.699999999999996,41.525,50.0,12.700000000000003,24.299999999999997,18.799999999999997,40.0,67.0,12.833787465940077,26.349999999999994,50.0,25.67801171799907,42.757647272948475,49.52816159386906
MX,MEX,2012,Mexico,Central America,0,0,0,0.142,PAN,National Action Party,43.8,27.700000000000003,34.2,45.800000000000004,39.0,40.6,50.0,18.0,23.5,27.099999999999994,40.0,69.0,11.961852861035425,26.575000000000003,50.0,25.399165663733257,42.811944370049915,49.64249992181646
MX,MEX,2013,Mexico,Central America,0,0,0,0.091,PRI,Institutional Revolutionary Party,53.599999999999994,29.0,44.8,67.60000000000001,46.800000000000004,29.57499999999999,50.0,18.599999999999994,22.299999999999997,19.400000000000006,40.0,70.0,12.370572207084479,22.849999999999994,50.0,24.851679896995662,39.15869796568921,50.69613837423616
MX,MEX,2014,Mexico,Central America,0,0,0,0.091,PRI,Institutional Revolutionary Party,53.599999999999994,29.0,44.8,67.60000000000001,46.800000000000004,32.55,50.0,23.200000000000003,22.599999999999994,14.400000000000006,40.0,70.3,12.45231607629428,20.150000000000006,50.0,21.4907970625419,42.05124208800383,50.16408352193682
MX,MEX,2015,Mexico,Central America,0,0,0,0.091,PRI,Institutional Revolutionary Party,53.199999999999996,30.200000000000003,48.6,67.60000000000001,47.199999999999996,27.0,50.0,28.5,22.400000000000006,14.400000000000006,40.0,66.0,12.833787465940077,19.97500000000001,50.0,21.35631225712737,40.90038427895095,52.047921188184006
MX,MEX,2016,Mexico,Central America,0,0,0,0.1066666666666666,PRI,Institutional Revolutionary Party,53.199999999999996,30.200000000000003,47.8,67.60000000000001,45.9,27.0,50.0,29.299999999999997,22.599999999999994,20.799999999999997,40.0,65.0,12.31607629427792,19.97500000000001,50.0,24.288959269107806,41.15940961153015,52.07557973605212
MX,MEX,2017,Mexico,Central America,0,0,0,0.1223333333333333,PRI,Institutional Revolutionary Party,53.0,30.200000000000003,40.900000000000006,65.60000000000001,44.0,35.0,41.9,29.299999999999997,21.200000000000003,20.0,40.0,70.0,12.45231607629428,22.69999999999999,50.0,20.58476067921204,41.057249521974214,52.53873295341323
MX,MEX,2018,Mexico,Central America,0,0,0,0.138,PRI,Institutional Revolutionary Party,52.1,30.60000000000001,47.199999999999996,58.9,44.3,28.200000000000003,41.4,32.5,20.799999999999997,12.0,40.0,73.1,12.67029972752043,27.325000000000003,50.0,20.56745511288466,40.86220836483136,53.405503379107685
MX,MEX,2019,Mexico,Central America,0,0,0,0.98,MORENA,National Regeneration Movement,46.0,29.0,56.2,43.0,41.699999999999996,52.35,40.9,32.2,24.099999999999994,18.599999999999994,40.0,73.7,14.03269754768391,27.325000000000003,50.0,18.397446221837882,40.86220836483136,53.405503379107685
MX,MEX,2020,Mexico,Central America,0,0,0,,,,49.1,38.1,55.4,38.3,46.0,59.725,41.7,33.0,29.099999999999994,12.400000000000006,40.0,63.3,16.457765667574932,27.700000000000003,50.0,18.818799266188307,40.86220836483136,53.405503379107685
NA,MSR,2000,Montserrat,Caribbean,0,0,1,,,,,,,,,,,,,,,,,,,,,
NA,MSR,2001,Montserrat,Caribbean,0,0,1,,,,,,,,,,,,,,,,,,,,,
NA,MSR,2002,Montserrat,Caribbean,0,0,1,,,,,,,,,,,,,,,,,,,,,
NA,MSR,2003,Montserrat,Caribbean,0,0,1,,,,,,,,,,,,,,,,,,,,,
NA,MSR,2004,Montserrat,Caribbean,0,0,1,,,,,,,,,,,,,,,,,,,,,
NA,MSR,2005,Montserrat,Caribbean,0,0,1,,,,,,,,,,,,,,,,,,,,,
NA,MSR,2006,Montserrat,Caribbean,0,0,1,,,,,,,,,,,,,,,,,,,,,
NA,MSR,2007,Montserrat,Caribbean,0,0,1,,,,,,,,,,,,,,,,,,,,,
NA,MSR,2008,Montserrat,Caribbean,0,0,1,,,,,,,,,,,,,,,,,,,,,
NA,MSR,2009,Montserrat,Caribbean,0,0,1,,,,,,,,,,,,,,,,,,,,,
NA,MSR,2010,Montserrat,Caribbean,0,0,1,,,,,,,,,,,,,,,,,,,,,
NA,MSR,2011,Montserrat,Caribbean,0,0,1,,,,,,,,,,,,,,,,,,,,,
NA,MSR,2012,Montserrat,Caribbean,0,0,1,,,,,,,,,,,,,,,,,,,,,
NA,MSR,2013,Montserrat,Caribbean,0,0,1,,,,,,,,,,,,,,,,,,,,,
NA,MSR,2014,Montserrat,Caribbean,0,0,1,,,,,,,,,,,,,,,,,,,,,
NA,MSR,2015,Montserrat,Caribbean,0,0,1,,,,,,,,,,,,,,,,,,,,,
NA,MSR,2016,Montserrat,Caribbean,0,0,1,,,,,,,,,,,,,,,,,,,,,
NA,MSR,2017,Montserrat,Caribbean,0,0,1,,,,,,,,,,,,,,,,,,,,,
NA,MSR,2018,Montserrat,Caribbean,0,0,1,,,,,,,,,,,,,,,,,,,,,
NA,MSR,2019,Montserrat,Caribbean,0,0,1,,,,,,,,,,,,,,,,,,,,,
NA,MSR,2020,Montserrat,Caribbean,0,0,1,,,,,,,,,,,,,,,,,,,,,
NI,NIC,2000,Nicaragua,Central America,0,0,0,,PLC,Constitutionalist Liberal Party,75.6,71.5,25.099999999999994,86.3,71.5,21.39999999999999,70.0,45.0,31.900000000000006,44.0,50.0,70.0,14.668568470256176,16.724999999999994,0.0,20.62268933695583,29.582625410539563,49.00904359958958
NI,NIC,2001,Nicaragua,Central America,0,0,0,0.373,PLC,Constitutionalist Liberal Party,70.9,76.1,25.099999999999994,68.89999999999999,69.69999999999999,21.39999999999999,70.0,45.0,31.400000000000006,34.400000000000006,50.0,69.0,14.668568470256176,16.724999999999994,0.0,22.34822763418056,30.486641686508577,53.62434070658676
NI,NIC,2002,Nicaragua,Central America,0,0,0,0.369,PLC,Constitutionalist Liberal Party,70.1,76.1,28.400000000000006,60.099999999999994,67.9,14.049999999999997,70.0,45.0,31.5,36.8,30.0,69.0,0.0,16.724999999999994,0.0,20.726604527329187,27.4178587438729,58.57872693292292
NI,NIC,2003,Nicaragua,Central America,0,0,0,0.365,PLC,Constitutionalist Liberal Party,70.1,76.1,28.400000000000006,60.099999999999994,67.9,14.049999999999997,70.0,45.0,28.700000000000003,20.799999999999997,30.0,76.0,4.577656675749324,16.724999999999994,0.0,19.159155020239908,28.608334934349088,57.12039359958958
NI,NIC,2004,Nicaragua,Central America,0,0,0,0.361,PLC,Constitutionalist Liberal Party,70.2,76.1,28.400000000000006,60.099999999999994,68.7,14.049999999999997,70.0,45.0,24.900000000000006,21.0,30.0,75.0,0.0,0.13988977935167668,0.0,23.643038253224674,28.442389768403928,60.46398577130675
NI,NIC,2005,Nicaragua,Central America,0,0,0,0.357,PLC,Constitutionalist Liberal Party,70.2,76.1,28.400000000000006,60.099999999999994,68.7,14.049999999999997,70.0,45.0,24.200000000000003,19.599999999999994,30.0,74.0,0.0,16.724999999999994,0.0,23.42156627895399,26.117010486035483,56.86169396588995
NI,NIC,2006,Nicaragua,Central America,0,0,0,0.353,PLC,Constitutionalist Liberal Party,77.5,87.7,34.8,61.9,75.8,23.075000000000003,70.0,43.0,27.700000000000003,22.400000000000006,30.0,73.0,0.08719346049045384,17.69999999999999,0.0,21.310263613283695,27.58689228459241,53.861878034318664
NI,NIC,2007,Nicaragua,Central America,0,0,0,0.7124,FSLN,Sandinista National Liberation Front,86.5,91.8,66.19999999999999,81.39999999999999,86.1,45.775,70.0,43.6,29.099999999999994,17.599999999999994,40.0,74.0,0.2945031355735921,19.549999999999997,0.0,19.294731595239426,27.873392846735513,53.88144592629567
NI,NIC,2008,Nicaragua,Central America,0,0,0,0.7028,FSLN,Sandinista National Liberation Front,88.3,94.1,69.6,81.89999999999999,87.5,56.324999999999996,75.0,43.1632672,29.448601940000003,20.799999999999997,50.0,74.0,0.9769948186033872,26.0,0.0,20.20715168593543,29.889249921107023,55.137795844307895
NI,NIC,2009,Nicaragua,Central America,0,0,0,0.6932,FSLN,Sandinista National Liberation Front,88.4,94.0,73.7,81.89999999999999,88.3,56.324999999999996,75.0,42.36506981,30.484159250000005,20.799999999999997,50.0,74.0,1.8201169325726028,26.0,0.0,19.919536813198206,32.63309956057526,54.93961917764122
NI,NIC,2010,Nicaragua,Central America,0,0,0,0.6836,FSLN,Sandinista National Liberation Front,88.8,94.0,73.7,83.8,88.6,59.2,75.0,44.3,35.900000000000006,17.200000000000003,50.0,75.0,1.5749318801090055,27.424999999999997,0.0,19.491527796108542,33.64893436726872,57.56862859722216
NI,NIC,2011,Nicaragua,Central America,0,0,0,0.674,FSLN,Sandinista National Liberation Front,88.8,94.0,73.7,83.8,89.0,59.2,80.0,45.7,28.299999999999997,15.200000000000003,50.0,75.0,0.36784741144413147,27.424999999999997,0.0,20.157155782801922,38.04476427586647,56.77870547042298
NI,NIC,2012,Nicaragua,Central America,0,0,0,0.677,FSLN,Sandinista National Liberation Front,89.1,94.6,82.2,83.8,90.0,59.2,85.0,48.8,26.0,15.099999999999994,50.0,75.0,0.0009858210826223512,27.424999999999997,0.0,20.029677782791453,36.76598931872361,58.680940218043006
NI,NIC,2013,Nicaragua,Central America,0,0,0,0.68,FSLN,Sandinista National Liberation Front,91.1,96.0,94.7,86.4,93.8,57.25,85.0,48.8,26.799999999999997,14.599999999999994,50.0,75.0,0.0,27.424999999999997,0.0,19.517549698288775,37.66656551617623,59.824989999552116
NI,NIC,2014,Nicaragua,Central America,0,0,0,0.6829999999999999,FSLN,Sandinista National Liberation Front,91.1,96.0,94.7,86.8,93.89999999999999,57.25,85.0,47.4,27.200000000000003,14.599999999999994,50.0,75.9,0.0,27.424999999999997,0.0,22.341344537721312,37.00373996325493,62.132530228370975
NI,NIC,2015,Nicaragua,Central America,0,0,0,0.6859999999999999,FSLN,Sandinista National Liberation Front,91.1,96.0,94.8,86.8,94.0,57.25,90.0,42.0,32.2,14.599999999999994,50.0,72.0,0.0,34.925,0.0,19.72836919919618,37.56225490752732,62.021330178439854
NI,NIC,2016,Nicaragua,Central America,0,0,0,0.689,FSLN,Sandinista National Liberation Front,90.9,96.1,95.9,86.8,94.3,57.25,90.0,38.8,31.0,13.799999999999997,50.0,72.0,0.0,34.925,0.0,19.86260105641385,41.04887795297345,59.4596106153151
NI,NIC,2017,Nicaragua,Central America,0,0,0,0.689,FSLN,Sandinista National Liberation Front,92.4,97.2,95.9,86.8,95.0,64.30000000000001,68.9,41.0,28.799999999999997,19.0,50.0,72.6,0.0,39.900000000000006,0.0,19.74909654282345,41.6241343005925,61.87390208128732
NI,NIC,2018,Nicaragua,Central America,0,0,0,0.689,FSLN,Sandinista National Liberation Front,96.7,98.4,95.9,89.4,96.7,93.2,70.2,39.8,27.0,19.0,50.0,75.8,0.0,39.900000000000006,0.0,19.671318765045697,41.6241343005925,64.85541576948177
NI,NIC,2019,Nicaragua,Central America,0,0,0,0.689,FSLN,Sandinista National Liberation Front,97.1,99.0,95.9,89.4,97.3,92.425,66.6,44.0,27.299999999999997,24.0,50.0,79.7,0.0,39.900000000000006,0.0,19.676874320601243,41.6241343005925,64.85541576948177
NI,NIC,2020,Nicaragua,Central America,0,0,0,,,,98.3,99.5,96.6,93.7,98.1,92.875,66.5,44.9,28.5,24.599999999999994,50.0,75.7,0.0,39.900000000000006,0.0,25.94344479039991,41.6241343005925,63.89916576948177
PA,PAN,2000,Panama,Central America,0,0,0,0.3358,PPA,Panamenista Party / Authentic Panameñista Party,40.900000000000006,35.900000000000006,29.200000000000003,48.3,44.6,23.099999999999994,50.0,30.0,10.799999999999997,31.0,10.0,50.0,15.150386288384098,19.5,0.0,16.259173866863094,41.89465063164399,46.14492443072142
PA,PAN,2001,Panama,Central America,0,0,0,0.3526,PPA,Panamenista Party / Authentic Panameñista Party,40.900000000000006,35.900000000000006,29.200000000000003,48.3,44.6,23.099999999999994,50.0,30.0,11.700000000000003,39.0,10.0,50.0,14.441416893732963,19.5,0.0,14.015472935792133,41.66760657232655,52.04485568364602
PA,PAN,2002,Panama,Central America,0,0,0,0.3694,PPA,Panamenista Party / Authentic Panameñista Party,40.900000000000006,35.900000000000006,29.200000000000003,48.3,44.6,23.099999999999994,70.0,30.0,12.200000000000003,39.0,10.0,50.0,14.441416893732963,19.5,0.0,14.28596669944693,41.92013158402495,49.27339109738809
PA,PAN,2003,Panama,Central America,0,0,0,0.3862,PPA,Panamenista Party / Authentic Panameñista Party,40.900000000000006,35.900000000000006,29.200000000000003,48.3,44.6,23.099999999999994,70.0,30.0,10.099999999999994,30.599999999999994,10.0,63.0,14.441416893732963,19.5,0.0,13.874718717964058,40.49156015545351,51.98172443072142
PA,PAN,2004,Panama,Central America,0,0,0,0.403,PPA,Panamenista Party / Authentic Panameñista Party,39.7,35.900000000000006,29.200000000000003,48.3,44.6,23.099999999999994,70.0,30.0,10.900000000000006,29.200000000000003,30.0,70.0,14.441416893732963,21.266696680339336,0.0,12.332018760553382,43.187412690015734,52.317745936097765
PA,PAN,2005,Panama,Central America,0,0,0,0.4788,PRD,Democratic Revolutionary Party,39.7,39.800000000000004,29.200000000000003,48.3,46.2,23.099999999999994,70.0,30.0,10.200000000000003,26.400000000000006,30.0,66.0,14.441416893732963,19.5,0.0,18.552278544760625,35.08209712623119,53.84836537722347
PA,PAN,2006,Panama,Central America,0,0,0,0.4946,PRD,Democratic Revolutionary Party,39.7,39.800000000000004,29.200000000000003,48.3,46.2,23.099999999999994,70.0,26.299999999999997,9.799999999999997,28.799999999999997,30.0,63.0,14.441416893732963,19.5,0.0,16.696694995434186,39.68749458455905,56.591403244738615
PA,PAN,2007,Panama,Central America,0,0,0,0.5104000000000001,PRD,Democratic Revolutionary Party,39.7,39.800000000000004,29.200000000000003,48.3,46.2,23.099999999999994,70.0,27.299999999999997,14.200000000000003,23.799999999999997,40.0,65.0,14.441416893732963,19.5,0.0,15.934454892216436,39.351808068022834,55.04154009451085
PA,PAN,2008,Panama,Central America,0,0,0,0.5262,PRD,Democratic Revolutionary Party,39.7,39.800000000000004,29.200000000000003,48.3,46.2,23.099999999999994,70.0,26.98712766,19.84275359,23.799999999999997,30.0,69.0,14.441416893732963,19.5,0.0,16.133609174135316,39.8375155838021,54.709718661630006
PA,PAN,2009,Panama,Central America,0,0,0,0.542,PRD,Democratic Revolutionary Party,39.7,39.800000000000004,29.200000000000003,48.3,46.1,32.175,70.0,25.504386609999997,22.059226510000002,23.799999999999997,30.0,68.0,14.441416893732963,19.5,0.0,14.902078118425962,41.689615851495404,55.0578236153337
PA,PAN,2010,Panama,Central America,0,0,0,0.8026,CD,Democratic Change,39.7,39.800000000000004,29.200000000000003,48.3,47.099999999999994,32.175,60.0,24.099999999999994,26.799999999999997,24.200000000000003,30.0,66.0,14.441416893732963,19.5,0.0,14.79759027558545,44.89686295103317,45.73796972786464
PA,PAN,2011,Panama,Central America,0,0,0,0.7602,CD,Democratic Change,39.7,39.800000000000004,29.200000000000003,48.3,47.099999999999994,32.175,60.0,24.900000000000006,22.900000000000006,24.200000000000003,30.0,66.0,14.441416893732963,19.5,0.0,15.644673487600173,47.575232854787906,43.27908225709248
PA,PAN,2012,Panama,Central America,0,0,0,0.7178,CD,Democratic Change,39.7,39.800000000000004,29.200000000000003,48.3,47.099999999999994,32.175,60.0,25.599999999999994,22.200000000000003,25.200000000000003,30.0,64.0,14.441416893732963,19.5,0.0,15.44121319360542,48.34327056194886,42.04467882162771
PA,PAN,2013,Panama,Central America,0,0,0,0.6754,CD,Democratic Change,38.9,49.2,28.700000000000003,48.3,49.9,32.175,70.0,27.5,24.099999999999994,25.200000000000003,30.0,67.0,14.441416893732963,12.175000000000011,0.0,15.476383669567184,43.84270035376723,40.6081568416148
PA,PAN,2014,Panama,Central America,0,0,0,0.633,CD,Democratic Change,38.9,49.2,28.700000000000003,48.3,49.5,32.175,70.0,27.0,24.900000000000006,25.799999999999997,30.0,66.0,9.700272479564035,12.175000000000011,0.0,12.470663320254175,45.62500032919476,41.29615446579021
PA,PAN,2015,Panama,Central America,0,0,0,0.4878,PPA,Panamenista Party / Authentic Panameñista Party,38.9,49.2,28.700000000000003,48.3,49.0,23.200000000000003,70.0,28.5,23.599999999999994,21.599999999999994,30.0,65.0,12.86103542234332,12.175000000000011,0.0,11.050460919849598,46.712882830402904,41.563814100672126
PA,PAN,2016,Panama,Central America,0,0,0,0.4336,PPA,Panamenista Party / Authentic Panameñista Party,38.9,49.2,28.700000000000003,48.3,49.0,23.200000000000003,70.0,25.599999999999994,21.400000000000006,22.200000000000003,30.0,63.0,12.26158038147139,12.175000000000011,0.0,11.11370249806572,46.66620532855725,43.09521470902207
PA,PAN,2017,Panama,Central America,0,0,0,0.3794,PPA,Panamenista Party / Authentic Panameñista Party,37.8,42.50000000000001,26.299999999999997,48.3,44.800000000000004,31.974999999999994,38.9,25.599999999999994,21.599999999999994,22.200000000000003,30.0,59.1,9.40054495912807,20.799999999999997,0.0,11.83967715158191,47.33241179252317,44.63684284441656
PA,PAN,2018,Panama,Central America,0,0,0,0.3252,PPA,Panamenista Party / Authentic Panameñista Party,37.5,42.50000000000001,26.299999999999997,48.3,43.4,31.974999999999994,39.1,25.599999999999994,20.5,22.200000000000003,30.0,61.2,8.63760217983652,25.849999999999994,0.0,11.215560252970803,47.27467589490411,46.934591740249886
PA,PAN,2019,Panama,Central America,0,0,0,0.271,PPA,Panamenista Party / Authentic Panameñista Party,38.0,42.50000000000001,26.299999999999997,47.699999999999996,42.8,31.974999999999994,39.6,26.400000000000006,20.599999999999994,20.799999999999997,30.0,65.9,8.63760217983652,25.849999999999994,0.0,11.207063520944658,47.27467589490411,46.934591740249886
PA,PAN,2020,Panama,Central America,0,0,0,,,,37.4,36.9,27.10000000000001,50.2,42.5,31.974999999999994,41.2,29.200000000000003,20.599999999999994,20.799999999999997,30.0,62.8,8.63760217983652,25.849999999999994,0.0,17.579233067485717,47.27467589490411,48.045702851361
PY,PRY,2000,Paraguay,South America,0,1,0,0.4498,ANR-PC,National Republican Association – Colorado Party,66.3,39.300000000000004,30.400000000000006,91.5,62.6,32.05,70.0,45.0,30.299999999999997,32.400000000000006,30.0,85.0,7.372535262373802,15.049999999999983,0.0,22.8987861371904,66.99800194510163,49.26263232005553
PY,PRY,2001,Paraguay,South America,0,1,0,0.4842,ANR-PC,National Republican Association – Colorado Party,66.3,39.300000000000004,30.400000000000006,91.5,62.6,32.05,70.0,45.0,27.900000000000006,34.2,50.0,80.0,7.836050150627926,15.049999999999983,0.0,20.31539333584027,63.26002220383257,51.5603552493107
PY,PRY,2002,Paraguay,South America,0,1,0,0.5186000000000001,ANR-PC,National Republican Association – Colorado Party,66.3,39.300000000000004,30.400000000000006,91.5,62.6,32.05,70.0,45.0,28.700000000000003,42.0,50.0,80.0,7.836050150627926,15.049999999999983,0.0,20.23032241103037,64.54674956414925,48.39006565338886
PY,PRY,2003,Paraguay,South America,0,1,0,0.553,ANR-PC,National Republican Association – Colorado Party,61.5,39.300000000000004,30.400000000000006,84.89999999999999,57.99999999999999,32.05,70.0,45.0,27.5,36.0,50.0,80.0,9.591280653950932,15.049999999999983,0.0,18.855913431695228,63.35627337367306,52.55673232005553
PY,PRY,2004,Paraguay,South America,0,1,0,0.5238,ANR-PC,National Republican Association – Colorado Party,59.2,39.300000000000004,30.400000000000006,79.10000000000001,56.89999999999999,23.75,70.0,45.0,29.599999999999994,40.2,50.0,83.0,9.591280653950932,5.4333799376185965,0.0,21.088151263092556,64.59053719414379,48.99273428031571
PY,PRY,2005,Paraguay,South America,0,1,0,0.4946,ANR-PC,National Republican Association – Colorado Party,59.2,39.300000000000004,31.200000000000003,79.10000000000001,56.89999999999999,23.75,70.0,45.0,32.5,40.0,50.0,84.0,7.856132220774413,15.049999999999983,0.0,24.889885938835505,60.36499030856717,53.638665093164775
PY,PRY,2006,Paraguay,South America,0,1,0,0.4654,ANR-PC,National Republican Association – Colorado Party,58.7,36.1,31.200000000000003,79.10000000000001,56.00000000000001,23.75,70.0,50.0,27.099999999999994,25.400000000000006,50.0,81.0,7.4386920980926305,15.049999999999983,0.0,24.408867780818383,62.8258919291254,57.38777057263306
PY,PRY,2007,Paraguay,South America,0,1,0,0.4362,ANR-PC,National Republican Association – Colorado Party,56.6,30.700000000000003,27.200000000000003,79.10000000000001,51.800000000000004,23.75,70.0,50.7,21.599999999999994,22.599999999999994,40.0,79.0,7.68392370572208,15.049999999999983,0.0,24.737579939126817,61.58420342756033,55.92609871838377
PY,PRY,2008,Paraguay,South America,0,1,0,0.407,ANR-PC,National Republican Association – Colorado Party,48.699999999999996,21.700000000000003,19.5,70.39999999999999,44.1,18.125,65.0,41.46763413,23.38709548,21.599999999999994,40.0,74.0,6.2593020509674915,15.049999999999983,0.0,24.960211410040372,61.89723269309205,54.30452773064289
PY,PRY,2009,Paraguay,South America,0,1,0,,,,48.699999999999996,21.700000000000003,19.5,70.39999999999999,43.6,13.775000000000006,70.0,38.27673787,23.290019130000005,16.400000000000006,40.0,76.0,7.478724217611472,15.049999999999983,0.0,26.35492995013101,57.63894871402671,54.48811443694291
PY,PRY,2010,Paraguay,South America,0,1,0,,,,48.699999999999996,21.700000000000003,19.5,70.39999999999999,43.6,13.775000000000006,70.0,39.1,24.599999999999994,16.5,40.0,76.0,7.35422343324251,15.049999999999983,0.0,26.777431839857996,54.811555359148414,48.24112148603035
PY,PRY,2011,Paraguay,South America,0,1,0,,,,48.699999999999996,21.700000000000003,19.5,70.39999999999999,43.8,13.775000000000006,70.0,38.3,19.099999999999994,17.0,40.0,79.0,7.792915531335154,15.049999999999983,0.0,27.123824606984755,48.925868018822555,48.39629136436608
PY,PRY,2012,Paraguay,South America,0,1,0,,,,52.2,21.700000000000003,22.39999999999999,78.5,46.7,17.900000000000006,70.0,40.2,18.599999999999994,17.299999999999997,40.0,78.0,7.7303105048112,15.049999999999983,0.0,28.776653858172295,48.37334027675905,50.84957245888993
PY,PRY,2013,Paraguay,South America,0,1,0,0.538,PLRA,Authentic Radical Liberal Party,60.099999999999994,39.0,41.5,79.5,59.5,20.5,70.0,40.9,20.200000000000003,17.299999999999997,40.0,78.0,9.151016261023727,23.150000000000006,0.0,26.84477187211212,50.547307858425825,51.454887524540126
PY,PRY,2014,Paraguay,South America,0,1,0,0.5462,PLRA,Authentic Radical Liberal Party,58.4,39.0,41.5,78.7,60.199999999999996,20.5,70.0,42.0,19.099999999999994,18.900000000000006,40.0,79.5,8.904180043504823,23.150000000000006,0.0,29.210145110831945,52.41853261400599,50.815908452191046
PY,PRY,2015,Paraguay,South America,0,1,0,0.1862,ANR-PC,National Republican Association – Colorado Party,60.5,39.2,39.300000000000004,83.8,60.6,20.5,70.0,41.6,21.700000000000003,18.599999999999994,40.0,76.0,11.497598364051925,15.25,0.0,26.56672225893793,51.17374446277228,52.1769013607837
PY,PRY,2016,Paraguay,South America,0,1,0,0.1728,ANR-PC,National Republican Association – Colorado Party,61.3,41.0,35.7,83.8,61.4,20.5,70.0,37.4,23.200000000000003,23.799999999999997,40.0,76.0,13.079019073569484,15.25,0.0,26.74371286310553,48.89979046932213,52.676268197707
PY,PRY,2017,Paraguay,South America,0,1,0,0.1594,ANR-PC,National Republican Association – Colorado Party,62.1,39.800000000000004,34.3,81.5,60.0,20.5,61.8,37.6,21.700000000000003,23.400000000000006,40.0,67.4,11.66212534059946,15.25,0.0,26.254133106608265,49.26579325656182,51.18273551854034
PY,PRY,2018,Paraguay,South America,0,1,0,0.146,ANR-PC,National Republican Association – Colorado Party,57.2,38.9,37.0,75.7,56.39999999999999,20.5,61.7,37.8,27.599999999999994,23.900000000000006,40.0,71.7,9.237057220708436,15.25,0.0,26.020705792392306,48.24276674465706,51.706205585207
PY,PRY,2019,Paraguay,South America,0,1,0,0.146,ANR-PC,National Republican Association – Colorado Party,56.3,38.7,35.0,73.9,57.49999999999999,20.5,60.5,38.5,27.200000000000003,23.400000000000006,40.0,74.5,10.0,15.25,0.0,26.37263793774831,48.24276674465706,52.26176114076256
PY,PRY,2020,Paraguay,South America,0,1,0,,,,55.9,36.7,28.400000000000006,74.0,54.7,20.5,55.3,39.1,27.5,24.599999999999994,40.0,70.4,14.059945504087196,15.25,0.0,30.33565661443413,48.24276674465706,52.26176114076256
PE,PER,2000,Peru,South America,0,0,0,0.5345,NM,Change 90,81.3,90.1,48.6,70.7,78.5,15.5,50.0,30.0,22.799999999999997,32.2,30.0,55.0,9.586041043923132,11.274999999999991,0.0,12.360613563298813,30.650125511611478,46.567089167724454
PE,PER,2001,Peru,South America,0,0,0,,AP,Popular Action,29.80000000000001,23.200000000000003,26.299999999999997,15.0,26.8,6.2749999999999915,50.0,30.0,19.0,33.400000000000006,30.0,54.0,8.479713777708355,11.274999999999991,0.0,13.363041450584149,30.97869924796578,55.41090163561742
PE,PER,2002,Peru,South America,0,0,0,0.578,PP,Peru Posible,32.19999999999999,17.30000000000001,13.700000000000003,35.199999999999996,27.200000000000003,6.2749999999999915,70.0,45.0,17.700000000000003,39.6,30.0,56.0,11.716621253406004,11.274999999999991,0.0,12.864020424092999,28.382392178278153,54.212130834391125
PE,PER,2003,Peru,South America,0,0,0,0.578,PP,Peru Posible,32.19999999999999,17.30000000000001,11.400000000000006,35.199999999999996,26.700000000000003,6.2749999999999915,70.0,45.0,15.200000000000003,40.2,30.0,59.0,10.899182561307896,11.274999999999991,0.0,12.963545546813691,28.858582654468634,55.25379750105779
PE,PER,2004,Peru,South America,0,0,0,0.578,PP,Peru Posible,32.19999999999999,17.30000000000001,11.400000000000006,35.199999999999996,26.700000000000003,6.2749999999999915,70.0,45.0,11.200000000000003,40.2,30.0,60.0,10.081743869209816,9.346577707477977,0.0,17.33450617055783,29.153686611544416,55.32801732983437
PE,PER,2005,Peru,South America,0,0,0,0.578,PP,Peru Posible,31.10000000000001,15.400000000000006,11.400000000000006,35.199999999999996,25.900000000000002,6.2749999999999915,70.0,45.0,13.400000000000006,40.2,30.0,63.0,10.081743869209816,11.274999999999991,0.0,17.53969472408791,26.90349569938168,58.96360765618044
PE,PER,2006,Peru,South America,0,0,0,0.578,PP,Peru Posible,32.39999999999999,16.700000000000003,13.299999999999997,39.2,27.700000000000003,10.450000000000003,70.0,34.400000000000006,16.0,32.8,30.0,65.0,8.991825613079016,11.274999999999991,0.0,15.06973412412357,28.386846993912954,60.47578641190539
PE,PER,2007,Peru,South America,0,0,0,0.342,APRA/PAP,American Popular Revolutionary Alliance / Peruvian Aprista Party,33.7,18.200000000000003,19.299999999999997,39.2,29.599999999999998,10.450000000000003,60.0,34.8,14.299999999999997,27.400000000000006,40.0,65.0,7.9019073569482146,11.274999999999991,0.0,12.889988337576284,28.26534027240119,60.040227224575005
PE,PER,2008,Peru,South America,0,0,0,0.342,APRA/PAP,American Popular Revolutionary Alliance / Peruvian Aprista Party,33.7,18.200000000000003,19.299999999999997,39.2,29.599999999999998,10.450000000000003,60.0,34.26651758,14.074581199999997,26.599999999999994,40.0,67.0,6.920980926430516,11.274999999999991,0.0,11.405982840407177,19.16310363478604,59.35708617785466
PE,PER,2009,Peru,South America,0,0,0,0.342,APRA/PAP,American Popular Revolutionary Alliance / Peruvian Aprista Party,33.7,18.200000000000003,19.299999999999997,39.2,29.599999999999998,10.450000000000003,60.0,34.90992889,13.542802570000006,20.599999999999994,40.0,65.0,7.084468664850135,11.274999999999991,0.0,9.691923581388963,25.47045629348618,58.80237255048059
PE,PER,2010,Peru,South America,0,0,0,0.342,APRA/PAP,American Popular Revolutionary Alliance / Peruvian Aprista Party,33.5,18.200000000000003,16.900000000000006,40.300000000000004,29.2,6.125,60.0,34.2,18.400000000000006,15.0,40.0,64.0,6.318801089918253,13.299999999999997,0.0,9.2161861866893,21.020414427537915,46.38683709963027
PE,PER,2011,Peru,South America,0,0,0,0.342,APRA/PAP,American Popular Revolutionary Alliance / Peruvian Aprista Party,29.10000000000001,17.900000000000006,14.900000000000006,26.1,26.700000000000003,6.125,60.0,28.099999999999994,16.900000000000006,14.0,40.0,63.0,4.408719346049054,13.299999999999997,0.0,10.094797759916432,26.57081021222372,44.5403036583728
PE,PER,2012,Peru,South America,0,0,0,0.804,PNP,Peruvian Nationalist Party,28.10000000000001,16.200000000000003,12.099999999999994,24.0,24.099999999999998,6.125,60.0,28.0,14.5,15.0,40.0,65.0,3.6054873773932883,14.399999999999991,0.0,11.236965441391916,26.612023531388914,42.81674326996557
PE,PER,2013,Peru,South America,0,0,0,0.804,PNP,Peruvian Nationalist Party,32.39999999999999,16.799999999999997,13.700000000000003,29.9,26.6,9.325000000000003,60.0,27.700000000000003,15.700000000000003,15.0,40.0,66.0,3.8788585037958967,13.975000000000009,0.0,10.952109211711104,26.810537734588706,45.33998939134396
PE,PER,2014,Peru,South America,0,0,0,0.804,PNP,Peruvian Nationalist Party,32.39999999999999,16.799999999999997,13.700000000000003,29.9,26.6,9.325000000000003,60.0,29.400000000000006,16.700000000000003,13.0,40.0,66.0,4.474063075214332,9.599999999999994,0.0,12.584173297101671,26.67558819728923,46.105696522982065
PE,PER,2015,Peru,South America,0,0,0,0.804,PNP,Peruvian Nationalist Party,30.0,16.799999999999997,12.400000000000006,30.599999999999998,26.8,9.325000000000003,60.0,32.3,16.099999999999994,13.0,40.0,62.0,3.402809694879153,9.599999999999994,0.0,13.770491215748265,25.8964742819756,46.39592620943933
PE,PER,2016,Peru,South America,0,0,0,0.804,PNP,Peruvian Nationalist Party,30.0,16.799999999999997,8.700000000000003,30.599999999999998,27.1,9.325000000000003,60.0,32.2,16.299999999999997,13.0,40.0,62.0,4.087193460490468,9.599999999999994,0.0,13.590189042957803,26.112502491933625,46.173441583982765
PE,PER,2017,Peru,South America,0,0,0,0.075,PPK,Peruvians for Change,30.200000000000003,17.400000000000006,5.400000000000006,26.6,24.9,9.325000000000003,41.7,30.599999999999994,16.700000000000003,12.900000000000006,40.0,61.2,3.8147138964577607,9.599999999999994,0.0,12.674479624847635,26.43235728500565,45.997810511760555
PE,PER,2018,Peru,South America,0,0,0,,,,28.0,17.30000000000001,3.799999999999997,22.6,23.5,9.325000000000003,43.1,30.799999999999997,16.900000000000006,12.900000000000006,40.0,63.4,4.441416893732978,9.599999999999994,0.0,11.751341936776527,26.60022213024375,47.29096821037167
PE,PER,2019,Peru,South America,0,0,0,,,,27.799999999999997,15.900000000000006,4.5,24.5,25.0,9.325000000000003,43.9,32.2,16.099999999999994,13.599999999999994,40.0,68.2,4.4959128065394935,9.599999999999994,0.0,11.74578638122098,26.60022213024375,49.51319043259389
PE,PER,2020,Peru,South America,0,0,0,,,,26.799999999999997,15.200000000000003,3.299999999999997,23.200000000000003,21.2,9.325000000000003,45.1,32.900000000000006,13.700000000000003,11.599999999999994,40.0,66.5,5.231607629427799,9.599999999999994,0.0,17.977906432306554,26.60022213024375,49.51319043259389
NA,PRI,2000,Puerto Rico,Caribbean,0,0,1,,,,,,,,,,,,,,,,,,,,,
NA,PRI,2001,Puerto Rico,Caribbean,0,0,1,,,,,,,,,,,,,,,,,,,,,
NA,PRI,2002,Puerto Rico,Caribbean,0,0,1,,,,,,,,,,,,,,,,,,,,,
NA,PRI,2003,Puerto Rico,Caribbean,0,0,1,,,,,,,,,,,,,,,,,,,,,
NA,PRI,2004,Puerto Rico,Caribbean,0,0,1,,,,,,,,,,,,,,,,,,,,,
NA,PRI,2005,Puerto Rico,Caribbean,0,0,1,,,,,,,,,,,,,,,,,,,,,
NA,PRI,2006,Puerto Rico,Caribbean,0,0,1,,,,,,,,,,,,,,,,,,,,,
NA,PRI,2007,Puerto Rico,Caribbean,0,0,1,,,,,,,,,,,,,,,,,,,,,
NA,PRI,2008,Puerto Rico,Caribbean,0,0,1,,,,,,,,,,,,,,,,,,,,,
NA,PRI,2009,Puerto Rico,Caribbean,0,0,1,,,,,,,,,,,,,,,,,,,,,
NA,PRI,2010,Puerto Rico,Caribbean,0,0,1,,,,,,,,,,,,,,,,,,,,,
NA,PRI,2011,Puerto Rico,Caribbean,0,0,1,,,,,,,,,,,,,,,,,,,,,
NA,PRI,2012,Puerto Rico,Caribbean,0,0,1,,,,,,,,,,,,,,,,,,,,,
NA,PRI,2013,Puerto Rico,Caribbean,0,0,1,,,,,,,,,,,,,,,,,,,,,
NA,PRI,2014,Puerto Rico,Caribbean,0,0,1,,,,,,,,,,,,,,,,,,,,,
NA,PRI,2015,Puerto Rico,Caribbean,0,0,1,,,,,,,,,,,,,,,,,,,,,
NA,PRI,2016,Puerto Rico,Caribbean,0,0,1,,,,,,,,,,,,,,,,,,,,,
NA,PRI,2017,Puerto Rico,Caribbean,0,0,1,,,,,,,,,,,,,,,,,,,,,
NA,PRI,2018,Puerto Rico,Caribbean,0,0,1,,,,,,,,,,,,,,,,,,,,,
NA,PRI,2019,Puerto Rico,Caribbean,0,0,1,,,,,,,,,,,,,,,,,,,,,
NA,PRI,2020,Puerto Rico,Caribbean,0,0,1,,,,,,,,,,,,,,,,,,,,,
NA,BLM,2000,Saint Barthélemy,Caribbean,0,0,0,,,,,,,,,,,,,,,,,,,,,
NA,BLM,2001,Saint Barthélemy,Caribbean,0,0,0,,,,,,,,,,,,,,,,,,,,,
NA,BLM,2002,Saint Barthélemy,Caribbean,0,0,0,,,,,,,,,,,,,,,,,,,,,
NA,BLM,2003,Saint Barthélemy,Caribbean,0,0,0,,,,,,,,,,,,,,,,,,,,,
NA,BLM,2004,Saint Barthélemy,Caribbean,0,0,0,,,,,,,,,,,,,,,,,,,,,
NA,BLM,2005,Saint Barthélemy,Caribbean,0,0,0,,,,,,,,,,,,,,,,,,,,,
NA,BLM,2006,Saint Barthélemy,Caribbean,0,0,0,,,,,,,,,,,,,,,,,,,,,
NA,BLM,2007,Saint Barthélemy,Caribbean,0,0,0,,,,,,,,,,,,,,,,,,,,,
NA,BLM,2008,Saint Barthélemy,Caribbean,0,0,0,,,,,,,,,,,,,,,,,,,,,
NA,BLM,2009,Saint Barthélemy,Caribbean,0,0,0,,,,,,,,,,,,,,,,,,,,,
NA,BLM,2010,Saint Barthélemy,Caribbean,0,0,0,,,,,,,,,,,,,,,,,,,,,
NA,BLM,2011,Saint Barthélemy,Caribbean,0,0,0,,,,,,,,,,,,,,,,,,,,,
NA,BLM,2012,Saint Barthélemy,Caribbean,0,0,0,,,,,,,,,,,,,,,,,,,,,
NA,BLM,2013,Saint Barthélemy,Caribbean,0,0,0,,,,,,,,,,,,,,,,,,,,,
NA,BLM,2014,Saint Barthélemy,Caribbean,0,0,0,,,,,,,,,,,,,,,,,,,,,
NA,BLM,2015,Saint Barthélemy,Caribbean,0,0,0,,,,,,,,,,,,,,,,,,,,,
NA,BLM,2016,Saint Barthélemy,Caribbean,0,0,0,,,,,,,,,,,,,,,,,,,,,
NA,BLM,2017,Saint Barthélemy,Caribbean,0,0,0,,,,,,,,,,,,,,,,,,,,,
NA,BLM,2018,Saint Barthélemy,Caribbean,0,0,0,,,,,,,,,,,,,,,,,,,,,
NA,BLM,2019,Saint Barthélemy,Caribbean,0,0,0,,,,,,,,,,,,,,,,,,,,,
NA,BLM,2020,Saint Barthélemy,Caribbean,0,0,0,,,,,,,,,,,,,,,,,,,,,
NA,KNA,2000,Saint Kitts and Nevis,Caribbean,0,0,1,,,,,,,,,,,,,,,,,,,,,
NA,KNA,2001,Saint Kitts and Nevis,Caribbean,0,0,1,,,,,,,,,,,,,,,,,,,,,
NA,KNA,2002,Saint Kitts and Nevis,Caribbean,0,0,1,,,,,,,,,,,,,,,,,,,,,
NA,KNA,2003,Saint Kitts and Nevis,Caribbean,0,0,1,,,,,,,,,,,,,,,,,,,,,
NA,KNA,2004,Saint Kitts and Nevis,Caribbean,0,0,1,,,,,,,,,,,,,,,,,,,,,
NA,KNA,2005,Saint Kitts and Nevis,Caribbean,0,0,1,,,,,,,,,,,,,,,,,,,,,
NA,KNA,2006,Saint Kitts and Nevis,Caribbean,0,0,1,,,,,,,,,,,,,,,,,,,,,
NA,KNA,2007,Saint Kitts and Nevis,Caribbean,0,0,1,,,,,,,,,,,,,,,,,,,,,
NA,KNA,2008,Saint Kitts and Nevis,Caribbean,0,0,1,,,,,,,,,,,,,,,,,,,,,
NA,KNA,2009,Saint Kitts and Nevis,Caribbean,0,0,1,,,,,,,,,,,,,,,,,,,,,
NA,KNA,2010,Saint Kitts and Nevis,Caribbean,0,0,1,,,,,,,,,,,,,,,,,,,,,
NA,KNA,2011,Saint Kitts and Nevis,Caribbean,0,0,1,,,,,,,,,,,,,,,,,,,,,
NA,KNA,2012,Saint Kitts and Nevis,Caribbean,0,0,1,,,,,,,,,,,,,,,,,,,,,
NA,KNA,2013,Saint Kitts and Nevis,Caribbean,0,0,1,,,,,,,,,,,,,,,,,,,,,
NA,KNA,2014,Saint Kitts and Nevis,Caribbean,0,0,1,,,,,,,,,,,,,,,,,,,,,
NA,KNA,2015,Saint Kitts and Nevis,Caribbean,0,0,1,,,,,,,,,,,,,,,,,,,,,
NA,KNA,2016,Saint Kitts and Nevis,Caribbean,0,0,1,,,,,,,,,,,,,,,,,,,,,
NA,KNA,2017,Saint Kitts and Nevis,Caribbean,0,0,1,,,,,,,,,,,,,,,,,,,,,
NA,KNA,2018,Saint Kitts and Nevis,Caribbean,0,0,1,,,,,,,,,,,,,,,,,,,,,
NA,KNA,2019,Saint Kitts and Nevis,Caribbean,0,0,1,,,,,,,,,,,,,,,,,,,,,
NA,KNA,2020,Saint Kitts and Nevis,Caribbean,0,0,1,,,,,,,,,,,,,,,,,,,,,
LC,LCA,2000,Saint Lucia,Caribbean,0,0,1,,,,,,,,,,,,,,,,,,,,,
LC,LCA,2001,Saint Lucia,Caribbean,0,0,1,,,,,,,,,,,,,,,,,,,,,
LC,LCA,2002,Saint Lucia,Caribbean,0,0,1,,,,,,,,,,,,,,,,,,,,,
LC,LCA,2003,Saint Lucia,Caribbean,0,0,1,,,,,,,,,,,,,,,,,,,,,
LC,LCA,2004,Saint Lucia,Caribbean,0,0,1,,,,,,,,,,,,,,,,,,,,,
LC,LCA,2005,Saint Lucia,Caribbean,0,0,1,,,,,,,,,,,,,,,,,,,,,
LC,LCA,2006,Saint Lucia,Caribbean,0,0,1,,,,,,,,,,,,,,,,,,,,,
LC,LCA,2007,Saint Lucia,Caribbean,0,0,1,,,,,,,,,,,,,,,,,,,,,
LC,LCA,2008,Saint Lucia,Caribbean,0,0,1,,,,,,,,,,,,,,,,,,,,,
LC,LCA,2009,Saint Lucia,Caribbean,0,0,1,,,,,,,,,,30.0,12.256240629999994,14.900000000000006,28.0,60.0,32.0,,,,,,
LC,LCA,2010,Saint Lucia,Caribbean,0,0,1,,,,,,,,,,30.0,11.599999999999994,19.900000000000006,28.099999999999994,60.0,29.0,,,,,,
LC,LCA,2011,Saint Lucia,Caribbean,0,0,1,,,,,,,,,,30.0,13.799999999999997,14.700000000000003,28.099999999999994,60.0,30.0,,,,,,
LC,LCA,2012,Saint Lucia,Caribbean,0,0,1,,,,,,,,,,30.0,15.299999999999997,14.200000000000003,28.099999999999994,60.0,30.0,,,,,,
LC,LCA,2013,Saint Lucia,Caribbean,0,0,1,,,,,,,,,,30.0,14.700000000000003,15.299999999999997,28.099999999999994,60.0,30.0,,,,,,
LC,LCA,2014,Saint Lucia,Caribbean,0,0,1,,,,,,,,,,30.0,16.900000000000006,17.299999999999997,28.099999999999994,60.0,29.400000000000006,,,,,,
LC,LCA,2015,Saint Lucia,Caribbean,0,0,1,,,,,,,,,,30.0,24.400000000000006,14.5,28.0,60.0,29.0,,,,,,
LC,LCA,2016,Saint Lucia,Caribbean,0,0,1,,,,,,,,,,30.0,22.400000000000006,19.700000000000003,28.0,60.0,29.0,,,,,,
LC,LCA,2017,Saint Lucia,Caribbean,0,0,1,,,,,,,,,,34.5,22.799999999999997,17.700000000000003,28.400000000000006,60.0,60.4,,,,,,
LC,LCA,2018,Saint Lucia,Caribbean,0,0,1,,,,,,,,,,32.099999999999994,23.400000000000006,18.299999999999997,25.700000000000003,60.0,49.1,,,,,,
LC,LCA,2019,Saint Lucia,Caribbean,0,0,1,,,,,,,,,,34.099999999999994,23.700000000000003,16.099999999999994,26.799999999999997,60.0,49.7,,,,,,
LC,LCA,2020,Saint Lucia,Caribbean,0,0,1,,,,,,,,,,30.200000000000003,23.299999999999997,18.0,26.799999999999997,60.0,58.2,,,,,,
NA,SXM,2000,Sint Marteen (Dutch Part),Caribbean,0,0,1,,,,,,,,,,,,,,,,,,,,,
NA,SXM,2001,Sint Marteen (Dutch Part),Caribbean,0,0,1,,,,,,,,,,,,,,,,,,,,,
NA,SXM,2002,Sint Marteen (Dutch Part),Caribbean,0,0,1,,,,,,,,,,,,,,,,,,,,,
NA,SXM,2003,Sint Marteen (Dutch Part),Caribbean,0,0,1,,,,,,,,,,,,,,,,,,,,,
NA,SXM,2004,Sint Marteen (Dutch Part),Caribbean,0,0,1,,,,,,,,,,,,,,,,,,,,,
NA,SXM,2005,Sint Marteen (Dutch Part),Caribbean,0,0,1,,,,,,,,,,,,,,,,,,,,,
NA,SXM,2006,Sint Marteen (Dutch Part),Caribbean,0,0,1,,,,,,,,,,,,,,,,,,,,,
NA,SXM,2007,Sint Marteen (Dutch Part),Caribbean,0,0,1,,,,,,,,,,,,,,,,,,,,,
NA,SXM,2008,Sint Marteen (Dutch Part),Caribbean,0,0,1,,,,,,,,,,,,,,,,,,,,,
NA,SXM,2009,Sint Marteen (Dutch Part),Caribbean,0,0,1,,,,,,,,,,,,,,,,,,,,,
NA,SXM,2010,Sint Marteen (Dutch Part),Caribbean,0,0,1,,,,,,,,,,,,,,,,,,,,,
NA,SXM,2011,Sint Marteen (Dutch Part),Caribbean,0,0,1,,,,,,,,,,,,,,,,,,,,,
NA,SXM,2012,Sint Marteen (Dutch Part),Caribbean,0,0,1,,,,,,,,,,,,,,,,,,,,,
NA,SXM,2013,Sint Marteen (Dutch Part),Caribbean,0,0,1,,,,,,,,,,,,,,,,,,,,,
NA,SXM,2014,Sint Marteen (Dutch Part),Caribbean,0,0,1,,,,,,,,,,,,,,,,,,,,,
NA,SXM,2015,Sint Marteen (Dutch Part),Caribbean,0,0,1,,,,,,,,,,,,,,,,,,,,,
NA,SXM,2016,Sint Marteen (Dutch Part),Caribbean,0,0,1,,,,,,,,,,,,,,,,,,,,,
NA,SXM,2017,Sint Marteen (Dutch Part),Caribbean,0,0,1,,,,,,,,,,,,,,,,,,,,,
NA,SXM,2018,Sint Marteen (Dutch Part),Caribbean,0,0,1,,,,,,,,,,,,,,,,,,,,,
NA,SXM,2019,Sint Marteen (Dutch Part),Caribbean,0,0,1,,,,,,,,,,,,,,,,,,,,,
NA,SXM,2020,Sint Marteen (Dutch Part),Caribbean,0,0,1,,,,,,,,,,,,,,,,,,,,,
NA,SGS,2000,South Georgia and the South Sandwich Islands,South America,0,0,0,,,,,,,,,,,,,,,,,,,,,
NA,SGS,2001,South Georgia and the South Sandwich Islands,South America,0,0,0,,,,,,,,,,,,,,,,,,,,,
NA,SGS,2002,South Georgia and the South Sandwich Islands,South America,0,0,0,,,,,,,,,,,,,,,,,,,,,
NA,SGS,2003,South Georgia and the South Sandwich Islands,South America,0,0,0,,,,,,,,,,,,,,,,,,,,,
NA,SGS,2004,South Georgia and the South Sandwich Islands,South America,0,0,0,,,,,,,,,,,,,,,,,,,,,
NA,SGS,2005,South Georgia and the South Sandwich Islands,South America,0,0,0,,,,,,,,,,,,,,,,,,,,,
NA,SGS,2006,South Georgia and the South Sandwich Islands,South America,0,0,0,,,,,,,,,,,,,,,,,,,,,
NA,SGS,2007,South Georgia and the South Sandwich Islands,South America,0,0,0,,,,,,,,,,,,,,,,,,,,,
NA,SGS,2008,South Georgia and the South Sandwich Islands,South America,0,0,0,,,,,,,,,,,,,,,,,,,,,
NA,SGS,2009,South Georgia and the South Sandwich Islands,South America,0,0,0,,,,,,,,,,,,,,,,,,,,,
NA,SGS,2010,South Georgia and the South Sandwich Islands,South America,0,0,0,,,,,,,,,,,,,,,,,,,,,
NA,SGS,2011,South Georgia and the South Sandwich Islands,South America,0,0,0,,,,,,,,,,,,,,,,,,,,,
NA,SGS,2012,South Georgia and the South Sandwich Islands,South America,0,0,0,,,,,,,,,,,,,,,,,,,,,
NA,SGS,2013,South Georgia and the South Sandwich Islands,South America,0,0,0,,,,,,,,,,,,,,,,,,,,,
NA,SGS,2014,South Georgia and the South Sandwich Islands,South America,0,0,0,,,,,,,,,,,,,,,,,,,,,
NA,SGS,2015,South Georgia and the South Sandwich Islands,South America,0,0,0,,,,,,,,,,,,,,,,,,,,,
NA,SGS,2016,South Georgia and the South Sandwich Islands,South America,0,0,0,,,,,,,,,,,,,,,,,,,,,
NA,SGS,2017,South Georgia and the South Sandwich Islands,South America,0,0,0,,,,,,,,,,,,,,,,,,,,,
NA,SGS,2018,South Georgia and the South Sandwich Islands,South America,0,0,0,,,,,,,,,,,,,,,,,,,,,
NA,SGS,2019,South Georgia and the South Sandwich Islands,South America,0,0,0,,,,,,,,,,,,,,,,,,,,,
NA,SGS,2020,South Georgia and the South Sandwich Islands,South America,0,0,0,,,,,,,,,,,,,,,,,,,,,
NA,MAF,2000,St. Martin (French Part),Caribbean,0,0,0,,,,,,,,,,,,,,,,,,,,,
NA,MAF,2001,St. Martin (French Part),Caribbean,0,0,0,,,,,,,,,,,,,,,,,,,,,
NA,MAF,2002,St. Martin (French Part),Caribbean,0,0,0,,,,,,,,,,,,,,,,,,,,,
NA,MAF,2003,St. Martin (French Part),Caribbean,0,0,0,,,,,,,,,,,,,,,,,,,,,
NA,MAF,2004,St. Martin (French Part),Caribbean,0,0,0,,,,,,,,,,,,,,,,,,,,,
NA,MAF,2005,St. Martin (French Part),Caribbean,0,0,0,,,,,,,,,,,,,,,,,,,,,
NA,MAF,2006,St. Martin (French Part),Caribbean,0,0,0,,,,,,,,,,,,,,,,,,,,,
NA,MAF,2007,St. Martin (French Part),Caribbean,0,0,0,,,,,,,,,,,,,,,,,,,,,
NA,MAF,2008,St. Martin (French Part),Caribbean,0,0,0,,,,,,,,,,,,,,,,,,,,,
NA,MAF,2009,St. Martin (French Part),Caribbean,0,0,0,,,,,,,,,,,,,,,,,,,,,
NA,MAF,2010,St. Martin (French Part),Caribbean,0,0,0,,,,,,,,,,,,,,,,,,,,,
NA,MAF,2011,St. Martin (French Part),Caribbean,0,0,0,,,,,,,,,,,,,,,,,,,,,
NA,MAF,2012,St. Martin (French Part),Caribbean,0,0,0,,,,,,,,,,,,,,,,,,,,,
NA,MAF,2013,St. Martin (French Part),Caribbean,0,0,0,,,,,,,,,,,,,,,,,,,,,
NA,MAF,2014,St. Martin (French Part),Caribbean,0,0,0,,,,,,,,,,,,,,,,,,,,,
NA,MAF,2015,St. Martin (French Part),Caribbean,0,0,0,,,,,,,,,,,,,,,,,,,,,
NA,MAF,2016,St. Martin (French Part),Caribbean,0,0,0,,,,,,,,,,,,,,,,,,,,,
NA,MAF,2017,St. Martin (French Part),Caribbean,0,0,0,,,,,,,,,,,,,,,,,,,,,
NA,MAF,2018,St. Martin (French Part),Caribbean,0,0,0,,,,,,,,,,,,,,,,,,,,,
NA,MAF,2019,St. Martin (French Part),Caribbean,0,0,0,,,,,,,,,,,,,,,,,,,,,
NA,MAF,2020,St. Martin (French Part),Caribbean,0,0,0,,,,,,,,,,,,,,,,,,,,,
VC,VCT,2000,St. Vincent and the Grenadines,Caribbean,0,0,1,,,,,,,,,,,,,,,,,,,,,
VC,VCT,2001,St. Vincent and the Grenadines,Caribbean,0,0,1,,,,,,,,,,,,,,,,,,,,,
VC,VCT,2002,St. Vincent and the Grenadines,Caribbean,0,0,1,,,,,,,,,,,,,,,,,,,,,
VC,VCT,2003,St. Vincent and the Grenadines,Caribbean,0,0,1,,,,,,,,,,,,,,,,,,,,,
VC,VCT,2004,St. Vincent and the Grenadines,Caribbean,0,0,1,,,,,,,,,,,,,,,,,,,,,
VC,VCT,2005,St. Vincent and the Grenadines,Caribbean,0,0,1,,,,,,,,,,,,,,,,,,,,,
VC,VCT,2006,St. Vincent and the Grenadines,Caribbean,0,0,1,,,,,,,,,,,,,,,,,,,,,
VC,VCT,2007,St. Vincent and the Grenadines,Caribbean,0,0,1,,,,,,,,,,,,,,,,,,,,,
VC,VCT,2008,St. Vincent and the Grenadines,Caribbean,0,0,1,,,,,,,,,,,,,,,,,,,,,
VC,VCT,2009,St. Vincent and the Grenadines,Caribbean,0,0,1,,,,,,,,,,30.0,21.812444490000004,24.352089269999993,26.400000000000006,60.0,39.0,,,,,,
VC,VCT,2010,St. Vincent and the Grenadines,Caribbean,0,0,1,,,,,,,,,,30.0,20.099999999999994,28.700000000000003,26.700000000000003,60.0,35.0,,,,,,
VC,VCT,2011,St. Vincent and the Grenadines,Caribbean,0,0,1,,,,,,,,,,30.0,20.700000000000003,21.799999999999997,26.700000000000003,60.0,36.0,,,,,,
VC,VCT,2012,St. Vincent and the Grenadines,Caribbean,0,0,1,,,,,,,,,,30.0,22.599999999999994,18.900000000000006,26.700000000000003,60.0,36.0,,,,,,
VC,VCT,2013,St. Vincent and the Grenadines,Caribbean,0,0,1,,,,,,,,,,30.0,22.400000000000006,19.700000000000003,26.700000000000003,60.0,42.0,,,,,,
VC,VCT,2014,St. Vincent and the Grenadines,Caribbean,0,0,1,,,,,,,,,,30.0,23.700000000000003,20.200000000000003,32.400000000000006,60.0,38.9,,,,,,
VC,VCT,2015,St. Vincent and the Grenadines,Caribbean,0,0,1,,,,,,,,,,30.0,29.200000000000003,17.700000000000003,31.599999999999994,60.0,38.0,,,,,,
VC,VCT,2016,St. Vincent and the Grenadines,Caribbean,0,0,1,,,,,,,,,,30.0,22.400000000000006,14.700000000000003,34.599999999999994,60.0,33.0,,,,,,
VC,VCT,2017,St. Vincent and the Grenadines,Caribbean,0,0,1,,,,,,,,,,62.7,19.700000000000003,17.099999999999994,34.8,60.0,52.4,,,,,,
VC,VCT,2018,St. Vincent and the Grenadines,Caribbean,0,0,1,,,,,,,,,,63.3,20.0,14.599999999999994,24.299999999999997,60.0,48.5,,,,,,
VC,VCT,2019,St. Vincent and the Grenadines,Caribbean,0,0,1,,,,,,,,,,63.5,23.5,17.799999999999997,33.400000000000006,60.0,49.5,,,,,,
VC,VCT,2020,St. Vincent and the Grenadines,Caribbean,0,0,1,,,,,,,,,,49.5,24.200000000000003,19.200000000000003,32.8,60.0,53.9,,,,,,
SR,SUR,2000,Suriname,South America,0,0,1,,,,21.5,12.900000000000006,13.299999999999997,20.5,20.200000000000003,11.275000000000006,50.0,45.0,34.0,75.0,70.0,90.0,,42.300000000000004,,,18.797794807783447,50.6766399177356
SR,SUR,2001,Suriname,South America,0,0,1,,,,21.5,12.900000000000006,13.299999999999997,20.5,20.0,17.974999999999994,50.0,45.0,63.3,75.0,70.0,90.0,,42.300000000000004,,,18.797794807783447,50.6766399177356
SR,SUR,2002,Suriname,South America,0,0,1,,,,21.5,12.900000000000006,13.299999999999997,20.5,20.0,17.974999999999994,50.0,45.0,61.0,33.2,70.0,90.0,,42.300000000000004,,,18.797794807783447,50.6766399177356
SR,SUR,2003,Suriname,South America,0,0,1,,,,21.5,12.900000000000006,13.299999999999997,20.5,20.0,17.974999999999994,50.0,45.0,54.6,33.2,70.0,90.0,,42.300000000000004,,,18.797794807783447,50.6766399177356
SR,SUR,2004,Suriname,South America,0,0,1,,,,21.5,12.900000000000006,13.299999999999997,20.5,20.0,17.974999999999994,50.0,45.0,41.9,45.6,70.0,90.0,,45.69299747253392,,,18.797794807783447,50.6766399177356
SR,SUR,2005,Suriname,South America,0,0,1,,,,21.5,12.900000000000006,13.299999999999997,20.5,20.0,17.974999999999994,50.0,45.0,40.1,38.4,70.0,90.0,,42.300000000000004,,,18.797794807783447,50.6766399177356
SR,SUR,2006,Suriname,South America,0,0,1,,,,21.5,12.900000000000006,13.299999999999997,20.5,20.0,17.974999999999994,50.0,58.0,32.900000000000006,38.4,70.0,57.0,,42.300000000000004,,,25.20516442229591,50.6766399177356
SR,SUR,2007,Suriname,South America,0,0,1,,,,21.5,12.900000000000006,13.299999999999997,20.5,19.7,21.924999999999997,50.0,58.0,30.900000000000006,35.0,70.0,68.0,,42.300000000000004,,,27.82786577780108,50.6766399177356
SR,SUR,2008,Suriname,South America,0,0,1,,,,21.5,12.900000000000006,13.299999999999997,20.5,19.7,19.950000000000003,50.0,58.14526479,30.76328085,35.0,70.0,70.0,,42.300000000000004,,,30.4997179559316,50.6766399177356
SR,SUR,2009,Suriname,South America,0,0,1,,,,21.39999999999999,12.900000000000006,13.299999999999997,20.5,19.7,19.950000000000003,60.0,58.51562999,27.799999999999997,35.8,70.0,65.0,,42.300000000000004,,,30.4997179559316,50.6766399177356
SR,SUR,2010,Suriname,South America,0,0,1,,,,23.299999999999997,13.799999999999997,15.5,20.5,21.0,19.950000000000003,60.0,59.0,32.2,33.599999999999994,70.0,64.0,10.111716621253407,42.300000000000004,0.0,37.684239712073136,21.01180906904858,59.538294958867795
SR,SUR,2011,Suriname,South America,0,0,1,,,,23.299999999999997,13.799999999999997,15.5,20.5,21.2,19.950000000000003,60.0,59.3,23.599999999999994,33.599999999999994,70.0,63.0,12.44414168937331,42.300000000000004,0.0,36.014562211847505,22.118008358949112,58.381960146367796
SR,SUR,2012,Suriname,South America,0,0,1,,,,23.299999999999997,13.799999999999997,16.799999999999997,20.5,21.9,19.950000000000003,60.0,59.3,25.5,33.7,70.0,63.0,14.152170819362567,42.300000000000004,0.0,35.6295277218551,22.236982414203638,62.90965797131992
SR,SUR,2013,Suriname,South America,0,0,1,,,,25.099999999999994,15.600000000000009,16.200000000000003,21.8,21.9,22.299999999999997,60.0,59.8,33.3,33.7,70.0,70.0,14.152170819362567,47.52499999999999,0.0,35.479995382544274,22.099384728328943,62.62755459457086
SR,SUR,2014,Suriname,South America,0,0,1,,,,25.099999999999994,15.600000000000009,16.200000000000003,21.8,21.9,22.299999999999997,60.0,58.2,28.200000000000003,33.8,70.0,67.1,14.152170819362567,47.52499999999999,0.0,33.939203181458325,15.530953867379054,71.89248662553447
SR,SUR,2015,Suriname,South America,0,0,1,,,,25.099999999999994,15.600000000000009,16.200000000000003,21.8,21.5,22.299999999999997,65.0,57.8,22.799999999999997,33.8,70.0,64.0,14.152170819362567,47.52499999999999,0.0,32.9540030763703,22.44678782055297,71.89248662553447
SR,SUR,2016,Suriname,South America,0,0,1,,,,27.10000000000001,17.200000000000003,18.799999999999997,20.4,24.4,22.299999999999997,70.0,51.2,21.299999999999997,31.599999999999994,70.0,64.0,14.152170819362567,47.52499999999999,0.0,30.873609912882984,20.75764924377394,71.89248662553447
SR,SUR,2017,Suriname,South America,0,0,1,,,,28.60000000000001,16.5,17.200000000000003,22.400000000000002,24.099999999999998,29.549999999999997,54.9,51.4,24.900000000000006,31.599999999999994,70.0,68.3,14.152170819362567,47.52499999999999,0.0,30.873609912882984,22.44678782055297,62.76664883404596
SR,SUR,2018,Suriname,South America,0,0,1,,,,30.10000000000001,17.5,21.5,20.8,25.3,29.549999999999997,60.3,51.7,49.5,25.200000000000003,70.0,60.1,14.152170819362567,47.52499999999999,0.0,30.87598813820952,25.224565598330756,71.89248662553447
SR,SUR,2019,Suriname,South America,0,0,1,,,,32.19999999999999,16.700000000000003,29.5,20.8,27.800000000000004,29.549999999999997,50.9,51.7,44.0,35.400000000000006,70.0,64.5,14.152170819362567,47.52499999999999,0.0,33.98927056639761,25.224565598330756,71.89248662553447
SR,SUR,2020,Suriname,South America,0,0,1,,,,23.099999999999994,14.200000000000003,12.400000000000006,16.400000000000002,18.6,37.025,54.4,51.8,23.900000000000006,30.200000000000003,70.0,63.1,14.152170819362567,47.52499999999999,0.0,35.44386775154544,25.224565598330756,64.63417024845114
TT,TTO,2000,Trinidad y Tobago,Caribbean,0,0,1,0.585,UNC,United National Congress,14.0,15.600000000000009,19.5,21.099999999999998,17.9,33.5,10.0,30.0,19.0,33.2,30.0,50.0,15.531335149863764,41.349999999999994,0.0,23.917427154326816,30.115878379279707,27.797310995535952
TT,TTO,2001,Trinidad y Tobago,Caribbean,0,0,1,0.521,UNC,United National Congress,14.0,15.600000000000009,19.5,21.099999999999998,18.099999999999998,33.5,30.0,30.0,17.599999999999994,33.2,30.0,50.0,17.520509775099697,41.349999999999994,0.0,18.160810077651746,31.16941512529209,46.65406599030981
TT,TTO,2002,Trinidad y Tobago,Caribbean,0,0,1,0.319,PNM,People’s National Movement,13.200000000000003,15.600000000000009,19.5,16.0,17.7,33.5,30.0,30.0,17.200000000000003,33.2,30.0,47.0,18.653644057171817,41.349999999999994,0.0,18.667620767101283,31.718865045946387,43.42604432886928
TT,TTO,2003,Trinidad y Tobago,Caribbean,0,0,1,0.319,PNM,People’s National Movement,13.200000000000003,15.600000000000009,16.60000000000001,16.0,17.4,33.5,30.0,30.0,18.900000000000006,49.0,30.0,47.0,16.47517596657424,41.349999999999994,0.0,18.708067431967095,32.385531712613044,42.592710995535946
TT,TTO,2004,Trinidad y Tobago,Caribbean,0,0,1,0.319,PNM,People’s National Movement,13.200000000000003,15.600000000000009,16.60000000000001,16.0,17.4,33.5,30.0,30.0,18.299999999999997,24.200000000000003,30.0,51.0,20.126002743166808,52.58780102586449,0.0,20.092053186499413,31.866570948291113,43.68862294522148
TT,TTO,2005,Trinidad y Tobago,Caribbean,0,0,1,0.319,PNM,People’s National Movement,12.900000000000006,15.600000000000009,16.60000000000001,16.0,17.4,33.5,30.0,30.0,22.700000000000003,20.799999999999997,30.0,54.0,21.46556668804854,41.349999999999994,0.0,21.87842988798218,27.8103677167654,45.667891464246225
TT,TTO,2006,Trinidad y Tobago,Caribbean,0,0,1,0.319,PNM,People’s National Movement,12.900000000000006,15.600000000000009,16.60000000000001,16.0,17.4,33.5,30.0,37.3,22.299999999999997,24.799999999999997,30.0,58.0,27.711171662125352,41.349999999999994,0.0,19.59383828692998,31.502308895569627,44.29721620548034
TT,TTO,2007,Trinidad y Tobago,Caribbean,0,0,1,0.319,PNM,People’s National Movement,12.900000000000006,15.600000000000009,16.60000000000001,16.0,17.299999999999997,33.5,30.0,37.3,25.299999999999997,21.0,30.0,62.0,25.504087193460492,41.349999999999994,0.0,19.858812628675395,30.664475011800064,44.123820327902045
TT,TTO,2008,Trinidad y Tobago,Caribbean,0,0,1,0.32,PNM,People’s National Movement,12.900000000000006,15.600000000000009,16.60000000000001,16.0,17.299999999999997,33.5,35.0,35.031784169999995,27.38531879,21.0,30.0,68.0,25.66757493188011,41.349999999999994,0.0,19.494595110033686,31.570110400766808,42.48293637399123
TT,TTO,2009,Trinidad y Tobago,Caribbean,0,0,1,0.321,PNM,People’s National Movement,12.900000000000006,15.600000000000009,16.60000000000001,16.0,17.2,33.5,40.0,39.88008208,27.799999999999997,20.200000000000003,30.0,66.0,39.100817438692104,41.349999999999994,0.0,19.83816805786175,32.74713661764481,42.067576309147476
TT,TTO,2010,Trinidad y Tobago,Caribbean,0,0,1,0.48425,UNC,United National Congress,14.5,15.600000000000009,16.60000000000001,20.7,18.0,33.5,50.0,41.0,30.700000000000003,18.299999999999997,30.0,64.0,33.65122615803814,41.349999999999994,0.0,20.731686127912184,32.778720026045846,39.35556105145225
TT,TTO,2011,Trinidad y Tobago,Caribbean,0,0,1,0.471,UNC,United National Congress,14.5,15.600000000000009,16.60000000000001,20.7,18.0,33.5,50.0,41.6,28.200000000000003,18.299999999999997,30.0,64.0,33.65122615803814,41.349999999999994,0.0,20.61839359045362,30.8996060746871,42.03428771522443
TT,TTO,2012,Trinidad y Tobago,Caribbean,0,0,1,0.45775,UNC,United National Congress,14.5,15.600000000000009,16.60000000000001,20.7,18.0,33.5,50.0,39.9,29.900000000000006,30.099999999999994,30.0,64.0,32.016348773841955,41.349999999999994,0.0,20.38291428464227,30.025035966551485,42.60608375433728
TT,TTO,2013,Trinidad y Tobago,Caribbean,0,0,1,0.4445,UNC,United National Congress,14.5,15.600000000000009,16.60000000000001,20.7,18.4,21.075000000000003,50.0,44.9,26.299999999999997,30.099999999999994,40.0,68.0,34.686648501362384,34.25,0.0,19.862113410729023,31.059555551591416,42.08315442419993
TT,TTO,2014,Trinidad y Tobago,Caribbean,0,0,1,0.43125,UNC,United National Congress,14.5,15.600000000000009,16.60000000000001,20.7,17.9,21.075000000000003,50.0,40.6,28.299999999999997,21.400000000000006,50.0,66.0,47.11171662125339,34.25,0.0,19.997349398133508,30.639556418000225,42.65571789251048
TT,TTO,2015,Trinidad y Tobago,Caribbean,0,0,1,0.418,UNC,United National Congress,14.0,15.600000000000009,16.60000000000001,20.7,17.0,15.700000000000003,50.0,34.7,25.700000000000003,21.400000000000006,50.0,62.0,39.61852861035422,34.25,0.0,20.12234773209353,31.09369694224435,42.41852195958125
TT,TTO,2016,Trinidad y Tobago,Caribbean,0,0,1,0.392,PNM,People’s National Movement,9.399999999999991,15.600000000000009,16.60000000000001,7.000000000000001,13.4,15.700000000000003,50.0,30.5,31.5,21.400000000000006,50.0,62.0,35.885558583106274,34.25,0.0,19.82690129069063,31.07856769413678,39.805631356133524
TT,TTO,2017,Trinidad y Tobago,Caribbean,0,0,1,0.392,PNM,People’s National Movement,9.700000000000003,15.600000000000009,15.0,5.800000000000001,13.200000000000001,15.700000000000003,45.3,32.3,24.099999999999994,21.400000000000006,50.0,63.2,35.28610354223433,37.225,0.0,21.438346191633727,31.070753841722635,39.70815504988352
TT,TTO,2018,Trinidad y Tobago,Caribbean,0,0,1,0.392,PNM,People’s National Movement,9.799999999999997,15.600000000000009,16.799999999999997,5.800000000000001,13.200000000000001,15.700000000000003,45.1,31.700000000000003,22.599999999999994,26.5,50.0,66.9,27.438692098092645,31.25,0.0,21.576668393196712,31.02228902267501,41.11259663530019
TT,TTO,2019,Trinidad y Tobago,Caribbean,0,0,1,0.392,PNM,People’s National Movement,9.799999999999997,15.600000000000009,13.5,5.800000000000001,13.4,15.700000000000003,47.7,32.2,24.900000000000006,31.599999999999994,50.0,67.1,27.438692098092645,31.25,0.0,21.588065320632893,31.02228902267501,41.66815219085574
TT,TTO,2020,Trinidad y Tobago,Caribbean,0,0,1,,,,10.200000000000003,15.600000000000009,15.600000000000009,5.800000000000001,12.7,15.700000000000003,43.4,32.7,22.599999999999994,32.2,50.0,62.6,27.438692098092645,31.25,0.0,33.06370674177266,31.02228902267501,42.768152190855744
NA,TCA,2000,Turks and Caicos Island,Caribbean,0,0,0,,,,,,,,,,,,,,,,,,,,,
NA,TCA,2001,Turks and Caicos Island,Caribbean,0,0,0,,,,,,,,,,,,,,,,,,,,,
NA,TCA,2002,Turks and Caicos Island,Caribbean,0,0,0,,,,,,,,,,,,,,,,,,,,,
NA,TCA,2003,Turks and Caicos Island,Caribbean,0,0,0,,,,,,,,,,,,,,,,,,,,,
NA,TCA,2004,Turks and Caicos Island,Caribbean,0,0,0,,,,,,,,,,,,,,,,,,,,,
NA,TCA,2005,Turks and Caicos Island,Caribbean,0,0,0,,,,,,,,,,,,,,,,,,,,,
NA,TCA,2006,Turks and Caicos Island,Caribbean,0,0,0,,,,,,,,,,,,,,,,,,,,,
NA,TCA,2007,Turks and Caicos Island,Caribbean,0,0,0,,,,,,,,,,,,,,,,,,,,,
NA,TCA,2008,Turks and Caicos Island,Caribbean,0,0,0,,,,,,,,,,,,,,,,,,,,,
NA,TCA,2009,Turks and Caicos Island,Caribbean,0,0,0,,,,,,,,,,,,,,,,,,,,,
NA,TCA,2010,Turks and Caicos Island,Caribbean,0,0,0,,,,,,,,,,,,,,,,,,,,,
NA,TCA,2011,Turks and Caicos Island,Caribbean,0,0,0,,,,,,,,,,,,,,,,,,,,,
NA,TCA,2012,Turks and Caicos Island,Caribbean,0,0,0,,,,,,,,,,,,,,,,,,,,,
NA,TCA,2013,Turks and Caicos Island,Caribbean,0,0,0,,,,,,,,,,,,,,,,,,,,,
NA,TCA,2014,Turks and Caicos Island,Caribbean,0,0,0,,,,,,,,,,,,,,,,,,,,,
NA,TCA,2015,Turks and Caicos Island,Caribbean,0,0,0,,,,,,,,,,,,,,,,,,,,,
NA,TCA,2016,Turks and Caicos Island,Caribbean,0,0,0,,,,,,,,,,,,,,,,,,,,,
NA,TCA,2017,Turks and Caicos Island,Caribbean,0,0,0,,,,,,,,,,,,,,,,,,,,,
NA,TCA,2018,Turks and Caicos Island,Caribbean,0,0,0,,,,,,,,,,,,,,,,,,,,,
NA,TCA,2019,Turks and Caicos Island,Caribbean,0,0,0,,,,,,,,,,,,,,,,,,,,,
NA,TCA,2020,Turks and Caicos Island,Caribbean,0,0,0,,,,,,,,,,,,,,,,,,,,,
NA,VIR,2000,United States Virgin Islands,Caribbean,0,0,1,,,,,,,,,,,,,,,,,,,,,
NA,VIR,2001,United States Virgin Islands,Caribbean,0,0,1,,,,,,,,,,,,,,,,,,,,,
NA,VIR,2002,United States Virgin Islands,Caribbean,0,0,1,,,,,,,,,,,,,,,,,,,,,
NA,VIR,2003,United States Virgin Islands,Caribbean,0,0,1,,,,,,,,,,,,,,,,,,,,,
NA,VIR,2004,United States Virgin Islands,Caribbean,0,0,1,,,,,,,,,,,,,,,,,,,,,
NA,VIR,2005,United States Virgin Islands,Caribbean,0,0,1,,,,,,,,,,,,,,,,,,,,,
NA,VIR,2006,United States Virgin Islands,Caribbean,0,0,1,,,,,,,,,,,,,,,,,,,,,
NA,VIR,2007,United States Virgin Islands,Caribbean,0,0,1,,,,,,,,,,,,,,,,,,,,,
NA,VIR,2008,United States Virgin Islands,Caribbean,0,0,1,,,,,,,,,,,,,,,,,,,,,
NA,VIR,2009,United States Virgin Islands,Caribbean,0,0,1,,,,,,,,,,,,,,,,,,,,,
NA,VIR,2010,United States Virgin Islands,Caribbean,0,0,1,,,,,,,,,,,,,,,,,,,,,
NA,VIR,2011,United States Virgin Islands,Caribbean,0,0,1,,,,,,,,,,,,,,,,,,,,,
NA,VIR,2012,United States Virgin Islands,Caribbean,0,0,1,,,,,,,,,,,,,,,,,,,,,
NA,VIR,2013,United States Virgin Islands,Caribbean,0,0,1,,,,,,,,,,,,,,,,,,,,,
NA,VIR,2014,United States Virgin Islands,Caribbean,0,0,1,,,,,,,,,,,,,,,,,,,,,
NA,VIR,2015,United States Virgin Islands,Caribbean,0,0,1,,,,,,,,,,,,,,,,,,,,,
NA,VIR,2016,United States Virgin Islands,Caribbean,0,0,1,,,,,,,,,,,,,,,,,,,,,
NA,VIR,2017,United States Virgin Islands,Caribbean,0,0,1,,,,,,,,,,,,,,,,,,,,,
NA,VIR,2018,United States Virgin Islands,Caribbean,0,0,1,,,,,,,,,,,,,,,,,,,,,
NA,VIR,2019,United States Virgin Islands,Caribbean,0,0,1,,,,,,,,,,,,,,,,,,,,,
NA,VIR,2020,United States Virgin Islands,Caribbean,0,0,1,,,,,,,,,,,,,,,,,,,,,
UY,URY,2000,Uruguay,South America,0,0,0,0.143,PC,Colorado Party,4.6000000000000085,10.099999999999994,7.599999999999994,4.8,5.5,12.924999999999997,30.0,30.0,29.200000000000003,27.400000000000006,30.0,57.0,47.95627300207219,36.45,0.0,19.504951684141815,27.961540801430772,27.992927600533875
UY,URY,2001,Uruguay,South America,0,0,0,0.143,PC,Colorado Party,4.200000000000003,7.8999999999999915,7.599999999999994,4.8,5.1,12.924999999999997,30.0,30.0,23.099999999999994,22.200000000000003,30.0,56.0,42.37057220708447,36.45,0.0,20.64178263689267,28.032295172637873,42.13655422909171
UY,URY,2002,Uruguay,South America,0,0,0,0.143,PC,Colorado Party,4.200000000000003,7.8999999999999915,7.599999999999994,4.8,5.1,12.924999999999997,30.0,30.0,19.900000000000006,42.0,30.0,56.0,42.37057220708447,36.45,0.0,19.93271313642994,26.630178896668866,41.48796926720053
UY,URY,2003,Uruguay,South America,0,0,0,0.143,PC,Colorado Party,5.200000000000003,14.0,7.599999999999994,4.8,6.4,12.924999999999997,30.0,30.0,18.599999999999994,41.0,30.0,49.0,51.22615803814713,36.45,0.0,20.58852683542385,27.344464610954574,40.0296359338672
UY,URY,2004,Uruguay,South America,0,0,0,0.143,PC,Colorado Party,4.400000000000006,8.299999999999997,6.799999999999997,4.8,5.1,12.924999999999997,30.0,30.0,25.799999999999997,28.200000000000003,50.0,49.0,51.22615803814713,42.492857795684515,0.0,21.356802972880047,28.3586884823213,36.73192669865796
UY,URY,2005,Uruguay,South America,0,0,0,0.5238,FA/EP,Broad Front / Progressive Encounter,3.799999999999997,6.3999999999999915,11.099999999999994,4.8,4.3999999999999995,4.349999999999994,30.0,30.0,30.900000000000006,28.0,50.0,45.0,34.05994550408718,36.45,0.0,22.30086357922619,30.893774999750875,39.92791240863621
UY,URY,2006,Uruguay,South America,0,0,0,0.5216000000000001,FA/EP,Broad Front / Progressive Encounter,3.799999999999997,6.3999999999999915,11.099999999999994,4.8,4.3999999999999995,4.349999999999994,30.0,36.1,27.0,23.599999999999994,70.0,38.0,33.24250681198909,36.45,0.0,21.171691400811653,34.973107914604924,44.120312471385
UY,URY,2007,Uruguay,South America,0,0,0,0.5194,FA/EP,Broad Front / Progressive Encounter,3.799999999999997,6.3999999999999915,11.099999999999994,4.8,4.3999999999999995,4.349999999999994,30.0,37.8,26.900000000000006,18.400000000000006,70.0,41.0,32.152588555858316,36.45,0.0,19.929202210871324,35.95214823378022,44.631999711242045
UY,URY,2008,Uruguay,South America,0,0,0,0.5172,FA/EP,Broad Front / Progressive Encounter,3.799999999999997,6.5,11.099999999999994,4.8,4.3999999999999995,4.349999999999994,30.0,39.16493105,25.80732589,17.0,70.0,36.0,32.6975476839237,36.45,0.0,19.592986312350718,37.3753357682007,44.432092766452854
UY,URY,2009,Uruguay,South America,0,0,0,0.515,FA/EP,Broad Front / Progressive Encounter,3.799999999999997,6.5,11.099999999999994,4.8,4.3999999999999995,4.349999999999994,30.0,34.416678430000005,27.200000000000003,16.599999999999994,70.0,33.0,36.23978201634878,36.45,0.0,19.06664068756848,35.31910053525374,45.17684852813291
UY,URY,2010,Uruguay,South America,0,0,0,0.511,FA/EP,Broad Front / Progressive Encounter,4.1000000000000085,7.5,10.700000000000003,4.8,4.7,4.349999999999994,25.0,36.9,27.700000000000003,17.200000000000003,70.0,31.0,37.05722070844687,36.45,0.0,18.260485532249362,42.14148217576994,38.09726653396594
UY,URY,2011,Uruguay,South America,0,0,0,0.507,FA/EP,Broad Front / Progressive Encounter,4.1000000000000085,7.5,10.700000000000003,4.8,4.7,4.349999999999994,30.0,38.5,27.200000000000003,17.0,70.0,33.0,36.811989100817435,36.45,0.0,18.686003658142965,45.115019081483815,37.29015376208204
UY,URY,2012,Uruguay,South America,0,0,0,0.503,FA/EP,Broad Front / Progressive Encounter,4.1000000000000085,7.5,10.700000000000003,4.8,4.7,4.349999999999994,30.0,25.099999999999994,26.599999999999994,17.099999999999994,70.0,31.0,39.23705722070844,36.45,0.0,19.2539983081532,44.9632285589267,38.35533971381394
UY,URY,2013,Uruguay,South America,0,0,0,0.499,FA/EP,Broad Front / Progressive Encounter,4.800000000000011,7.099999999999994,10.700000000000003,6.5,5.2,4.349999999999994,30.0,26.599999999999994,27.5,17.099999999999994,70.0,30.0,40.17139694654137,36.45,0.0,19.175163475325235,44.59496181323003,39.40327758253615
UY,URY,2014,Uruguay,South America,0,0,0,0.495,FA/EP,Broad Front / Progressive Encounter,4.299999999999997,7.099999999999994,10.700000000000003,6.5,5.1,4.349999999999994,30.0,25.5,27.900000000000006,17.5,70.0,29.400000000000006,35.4209957821605,36.45,0.0,24.37696737270386,44.514992544000094,37.15535085176735
UY,URY,2015,Uruguay,South America,0,0,0,0.4911999999999999,FA/EP,Broad Front / Progressive Encounter,4.0,7.099999999999994,10.700000000000003,6.5,4.6,4.349999999999994,30.0,27.400000000000006,28.400000000000006,18.200000000000003,70.0,27.0,41.006047476855045,37.075,0.0,21.338786942637512,44.024983911189366,37.73298365926941
UY,URY,2016,Uruguay,South America,0,0,0,0.4874,FA/EP,Broad Front / Progressive Encounter,4.0,7.099999999999994,10.700000000000003,6.5,4.6,4.349999999999994,30.0,24.700000000000003,28.700000000000003,19.400000000000006,70.0,27.0,42.67029972752043,37.075,0.0,21.41205697552155,40.9411290473012,30.935887934615096
UY,URY,2017,Uruguay,South America,0,0,0,0.4836,FA/EP,Broad Front / Progressive Encounter,4.0,7.099999999999994,10.700000000000003,6.5,4.7,7.625,29.799999999999997,25.200000000000003,28.700000000000003,19.400000000000006,70.0,29.700000000000003,41.77111716621252,33.575,0.0,20.03040822822983,41.11074105766271,29.027935020594114
UY,URY,2018,Uruguay,South America,0,0,0,0.4798,FA/EP,Broad Front / Progressive Encounter,4.1000000000000085,7.099999999999994,10.700000000000003,6.5,4.6,7.625,30.700000000000003,25.599999999999994,29.299999999999997,19.599999999999994,70.0,28.400000000000006,42.970027247956395,33.575,0.0,19.63707261577298,41.722422655281754,30.591942176149672
UY,URY,2019,Uruguay,South America,0,0,0,0.476,FA/EP,Broad Front / Progressive Encounter,4.1000000000000085,7.099999999999994,10.700000000000003,6.5,4.9,6.174999999999997,31.700000000000003,25.700000000000003,27.099999999999994,21.400000000000006,70.0,30.799999999999997,39.86376021798365,33.575,0.0,19.288286290262818,41.722422655281754,30.591942176149672
UY,URY,2020,Uruguay,South America,0,0,0,,,,3.799999999999997,3.700000000000003,10.700000000000003,6.5,4.6,8.0,28.0,26.400000000000006,27.299999999999997,22.599999999999994,70.0,26.5,39.86376021798365,37.45000000000001,0.0,25.2344145109535,41.722422655281754,33.12874773170523
VE,VEN,2000,Venezuela,South America,0,0,0,0.994,MVR,Fifth Republic Movement,79.0,67.9,70.7,85.3,76.8,48.575,50.0,30.0,52.5,34.400000000000006,50.0,77.0,22.594686377489722,44.599999999999994,0.0,24.425714579752935,58.23837336360414,57.411197585235065
VE,VEN,2001,Venezuela,South America,0,0,0,0.994,MVR,Fifth Republic Movement,79.6,67.9,68.1,85.3,77.2,54.425000000000004,70.0,45.0,44.1,38.6,50.0,74.0,22.594686377489722,44.599999999999994,0.0,25.706775290052363,58.056890283784696,73.91857246602578
VE,VEN,2002,Venezuela,South America,0,0,0,0.994,MVR,Fifth Republic Movement,80.4,67.9,78.0,88.1,80.60000000000001,54.425000000000004,70.0,45.0,43.1,41.2,50.0,73.0,22.594686377489722,44.599999999999994,50.0,59.79225751731385,52.410046701982616,71.29357258523507
VE,VEN,2003,Venezuela,South America,0,0,0,0.994,MVR,Fifth Republic Movement,80.9,69.3,79.5,88.1,83.0,57.824999999999996,70.0,45.0,39.0,41.8,50.0,72.0,34.87738419618529,44.599999999999994,50.0,58.18728374052803,51.57671336864929,76.97898925190174
VE,VEN,2004,Venezuela,South America,0,0,0,0.994,MVR,Fifth Republic Movement,85.4,83.5,81.1,88.1,88.2,57.95,70.0,45.0,42.9,42.0,70.0,75.0,39.4550408719346,52.24055803648935,50.0,45.33331273778309,51.64207284577347,81.8599416328541
VE,VEN,2005,Venezuela,South America,0,0,0,0.994,MVR,Fifth Republic Movement,92.6,95.7,93.2,88.1,94.5,57.95,70.0,45.0,48.1,37.6,70.0,76.0,42.26158038147139,56.12500000000001,50.0,46.09718132795612,51.6442460974114,77.50568477859726
VE,VEN,2006,Venezuela,South America,0,0,0,0.994,MVR,Fifth Republic Movement,92.5,96.0,96.1,88.1,94.89999999999999,59.35,70.0,51.1,46.1,37.0,70.0,77.0,42.26158038147139,52.074999999999996,50.0,46.35491771649968,59.37466675137049,83.74361584165541
VE,VEN,2007,Venezuela,South America,0,0,0,0.994,MVR,Fifth Republic Movement,93.5,96.0,96.1,93.5,95.5,65.4,70.0,49.6,42.4,38.8,60.0,77.0,42.26158038147139,53.72500000000001,50.0,64.84445749028146,61.86544362483357,83.59844756941268
VE,VEN,2008,Venezuela,South America,0,0,0,0.994,MVR,Fifth Republic Movement,93.4,96.0,96.1,93.30000000000001,95.6,65.69999999999999,90.0,48.35229023,39.42766858,45.4,60.0,77.0,42.26158038147139,53.72500000000001,50.0,66.01814350412275,63.740502957937544,82.58170392835375
VE,VEN,2009,Venezuela,South America,0,0,0,0.994,MVR,Fifth Republic Movement,94.1,96.2,96.1,94.8,96.1,69.175,95.0,49.18777284,46.3,40.4,70.0,80.0,42.26158038147139,53.72500000000001,100.0,67.52248364485006,54.46738981079764,81.38968356940104
VE,VEN,2010,Venezuela,South America,0,0,0,0.986,PSUV,United Socialist Party of Venezuela,94.7,95.7,96.2,95.8,96.1,65.75,100.0,49.7,52.3,42.8,80.0,81.0,42.26158038147139,53.72500000000001,100.0,68.00886042510703,61.653951368759316,81.37622796949938
VE,VEN,2011,Venezuela,South America,0,0,0,0.986,PSUV,United Socialist Party of Venezuela,94.8,95.7,96.7,95.8,96.5,65.75,95.0,52.2,53.0,38.8,80.0,81.0,42.26158038147139,53.72500000000001,100.0,68.33005381295831,61.80478800680403,80.6946559201776
VE,VEN,2012,Venezuela,South America,0,0,0,0.986,PSUV,United Socialist Party of Venezuela,94.8,95.7,96.7,95.8,96.5,67.375,95.0,52.7,53.6,41.2,80.0,80.0,42.26158038147139,53.72500000000001,100.0,69.82209942749571,62.02992977203701,86.30265501764826
VE,VEN,2013,Venezuela,South America,0,0,0,0.986,PSUV,United Socialist Party of Venezuela,97.1,97.5,96.7,96.8,97.7,81.575,95.0,54.4,52.7,41.2,80.0,81.0,42.26158038147139,61.925000000000004,100.0,69.45273342694952,66.57113439208614,89.36871036529551
VE,VEN,2014,Venezuela,South America,0,0,0,0.986,PSUV,United Socialist Party of Venezuela,97.4,97.8,96.7,96.8,97.8,87.5,95.0,56.6,50.3,37.3,80.0,83.5,42.26158038147139,61.925000000000004,100.0,70.90101874996971,66.64865214959173,90.55558955793167
VE,VEN,2015,Venezuela,South America,0,0,0,0.986,PSUV,United Socialist Party of Venezuela,97.5,97.9,83.4,96.8,96.7,92.75,95.0,58.4,57.2,37.2,80.0,80.0,42.26158038147139,61.925000000000004,100.0,69.65720025567062,66.37516826412383,90.2475393771808
VE,VEN,2016,Venezuela,South America,0,0,0,0.986,PSUV,United Socialist Party of Venezuela,97.9,98.0,64.4,97.3,96.6,92.75,95.0,54.7,66.2,36.8,90.0,81.0,42.26158038147139,61.925000000000004,100.0,70.0452519097704,66.41523748014728,89.16852127396547
VE,VEN,2017,Venezuela,South America,0,0,0,0.986,PSUV,United Socialist Party of Venezuela,98.5,97.7,67.69999999999999,97.3,96.89999999999999,96.25,93.2,60.3,83.2,39.3,90.0,88.4,42.26158038147139,69.925,100.0,70.67181512959783,67.98033740694444,93.10728457604881
VE,VEN,2018,Venezuela,South America,0,0,0,0.986,PSUV,United Socialist Party of Venezuela,99.0,98.6,77.6,97.3,97.8,98.35,94.8,64.6,100.0,41.3,90.0,92.5,42.26158038147139,74.775,100.0,48.11200371135758,77.65252484166666,92.38150582083333
VE,VEN,2019,Venezuela,South America,0,0,0,0.986,PSUV,United Socialist Party of Venezuela,99.1,98.8,76.5,97.3,98.1,95.475,92.4,66.1,100.0,40.0,90.0,92.1,42.26158038147139,74.775,100.0,71.26090824017744,77.65252484166666,93.92525582083333
VE,VEN,2020,Venezuela,South America,0,0,0,,,,99.1,98.0,81.0,98.1,97.89999999999999,95.1,89.9,69.2,100.0,42.0,90.0,85.4,42.26158038147139,72.025,100.0,50.40936978949652,77.65252484166666,94.83150582083333
