ISO2,ISO3,YEAR,COUNTRY,REGION,LDC,LLDC,SIDS,POP_R,PARTY_CODE,PARTY_NAME,VDEM_1,VDEM_2,VDEM_3,VDEM_4,VDEM_5,VDEM_6,HERITAGE_1,HERITAGE_2,HERITAGE_3,HERITAGE_4,HERITAGE_5,HERITAGE_6,EFW_1,EFW_2,EFW_3,EFW_4,EFW_5,EFW_6,EP_1,EP_2,EP_3,EP_4,EP,IP_1,IP_2,IP_3,IP_4,IP_5,IP_6,IP,PEP,PIP,POP,POP_RANK,POP_PERCENTILE,PEP_RANK,PEP_PERCENTILE,PIP_RANK,PIP_PERCENTILE,POP_R_RANK,POP_R_PERCENTILE
NA,AIA,2000,Anguila,Caribbean,0,0,1,,,,,,,,,,,,,,,,,,,,,,,,,,,,,,,,,,,,,,,,,,,,
NA,AIA,2001,Anguila,Caribbean,0,0,1,,,,,,,,,,,,,,,,,,,,,,,,,,,,,,,,,,,,,,,,,,,,
NA,AIA,2002,Anguila,Caribbean,0,0,1,,,,,,,,,,,,,,,,,,,,,,,,,,,,,,,,,,,,,,,,,,,,
NA,AIA,2003,Anguila,Caribbean,0,0,1,,,,,,,,,,,,,,,,,,,,,,,,,,,,,,,,,,,,,,,,,,,,
NA,AIA,2004,Anguila,Caribbean,0,0,1,,,,,,,,,,,,,,,,,,,,,,,,,,,,,,,,,,,,,,,,,,,,
NA,AIA,2005,Anguila,Caribbean,0,0,1,,,,,,,,,,,,,,,,,,,,,,,,,,,,,,,,,,,,,,,,,,,,
NA,AIA,2006,Anguila,Caribbean,0,0,1,,,,,,,,,,,,,,,,,,,,,,,,,,,,,,,,,,,,,,,,,,,,
NA,AIA,2007,Anguila,Caribbean,0,0,1,,,,,,,,,,,,,,,,,,,,,,,,,,,,,,,,,,,,,,,,,,,,
NA,AIA,2008,Anguila,Caribbean,0,0,1,,,,,,,,,,,,,,,,,,,,,,,,,,,,,,,,,,,,,,,,,,,,
NA,AIA,2009,Anguila,Caribbean,0,0,1,,,,,,,,,,,,,,,,,,,,,,,,,,,,,,,,,,,,,,,,,,,,
NA,AIA,2010,Anguila,Caribbean,0,0,1,,,,,,,,,,,,,,,,,,,,,,,,,,,,,,,,,,,,,,,,,,,,
NA,AIA,2011,Anguila,Caribbean,0,0,1,,,,,,,,,,,,,,,,,,,,,,,,,,,,,,,,,,,,,,,,,,,,
NA,AIA,2012,Anguila,Caribbean,0,0,1,,,,,,,,,,,,,,,,,,,,,,,,,,,,,,,,,,,,,,,,,,,,
NA,AIA,2013,Anguila,Caribbean,0,0,1,,,,,,,,,,,,,,,,,,,,,,,,,,,,,,,,,,,,,,,,,,,,
NA,AIA,2014,Anguila,Caribbean,0,0,1,,,,,,,,,,,,,,,,,,,,,,,,,,,,,,,,,,,,,,,,,,,,
NA,AIA,2015,Anguila,Caribbean,0,0,1,,,,,,,,,,,,,,,,,,,,,,,,,,,,,,,,,,,,,,,,,,,,
NA,AIA,2016,Anguila,Caribbean,0,0,1,,,,,,,,,,,,,,,,,,,,,,,,,,,,,,,,,,,,,,,,,,,,
NA,AIA,2017,Anguila,Caribbean,0,0,1,,,,,,,,,,,,,,,,,,,,,,,,,,,,,,,,,,,,,,,,,,,,
NA,AIA,2018,Anguila,Caribbean,0,0,1,,,,,,,,,,,,,,,,,,,,,,,,,,,,,,,,,,,,,,,,,,,,
NA,AIA,2019,Anguila,Caribbean,0,0,1,,,,,,,,,,,,,,,,,,,,,,,,,,,,,,,,,,,,,,,,,,,,
NA,AIA,2020,Anguila,Caribbean,0,0,1,,,,,,,,,,,,,,,,,,,,,,,,,,,,,,,,,,,,,,,,,,,,
NA,ATG,2000,Antigua and Barbuda,Caribbean,0,0,1,,,,,,,,,,,,,,,,,,,,,,,,,,,,,,,,,,,,,,,,,,,,
NA,ATG,2001,Antigua and Barbuda,Caribbean,0,0,1,,,,,,,,,,,,,,,,,,,,,,,,,,,,,,,,,,,,,,,,,,,,
NA,ATG,2002,Antigua and Barbuda,Caribbean,0,0,1,,,,,,,,,,,,,,,,,,,,,,,,,,,,,,,,,,,,,,,,,,,,
NA,ATG,2003,Antigua and Barbuda,Caribbean,0,0,1,,,,,,,,,,,,,,,,,,,,,,,,,,,,,,,,,,,,,,,,,,,,
NA,ATG,2004,Antigua and Barbuda,Caribbean,0,0,1,,,,,,,,,,,,,,,,,,,,,,,,,,,,,,,,,,,,,,,,,,,,
NA,ATG,2005,Antigua and Barbuda,Caribbean,0,0,1,,,,,,,,,,,,,,,,,,,,,,,,,,,,,,,,,,,,,,,,,,,,
NA,ATG,2006,Antigua and Barbuda,Caribbean,0,0,1,,,,,,,,,,,,,,,,,,,,,,,,,,,,,,,,,,,,,,,,,,,,
NA,ATG,2007,Antigua and Barbuda,Caribbean,0,0,1,,,,,,,,,,,,,,,,,,,,,,,,,,,,,,,,,,,,,,,,,,,,
NA,ATG,2008,Antigua and Barbuda,Caribbean,0,0,1,,,,,,,,,,,,,,,,,,,,,,,,,,,,,,,,,,,,,,,,,,,,
NA,ATG,2009,Antigua and Barbuda,Caribbean,0,0,1,,,,,,,,,,,,,,,,,,,,,,,,,,,,,,,,,,,,,,,,,,,,
NA,ATG,2010,Antigua and Barbuda,Caribbean,0,0,1,,,,,,,,,,,,,,,,,,,,,,,,,,,,,,,,,,,,,,,,,,,,
NA,ATG,2011,Antigua and Barbuda,Caribbean,0,0,1,,,,,,,,,,,,,,,,,,,,,,,,,,,,,,,,,,,,,,,,,,,,
NA,ATG,2012,Antigua and Barbuda,Caribbean,0,0,1,,,,,,,,,,,,,,,,,,,,,,,,,,,,,,,,,,,,,,,,,,,,
NA,ATG,2013,Antigua and Barbuda,Caribbean,0,0,1,,,,,,,,,,,,,,,,,,,,,,,,,,,,,,,,,,,,,,,,,,,,
NA,ATG,2014,Antigua and Barbuda,Caribbean,0,0,1,,,,,,,,,,,,,,,,,,,,,,,,,,,,,,,,,,,,,,,,,,,,
NA,ATG,2015,Antigua and Barbuda,Caribbean,0,0,1,,,,,,,,,,,,,,,,,,,,,,,,,,,,,,,,,,,,,,,,,,,,
NA,ATG,2016,Antigua and Barbuda,Caribbean,0,0,1,,,,,,,,,,,,,,,,,,,,,,,,,,,,,,,,,,,,,,,,,,,,
NA,ATG,2017,Antigua and Barbuda,Caribbean,0,0,1,,,,,,,,,,,,,,,,,,,,,,,,,,,,,,,,,,,,,,,,,,,,
NA,ATG,2018,Antigua and Barbuda,Caribbean,0,0,1,,,,,,,,,,,,,,,,,,,,,,,,,,,,,,,,,,,,,,,,,,,,
NA,ATG,2019,Antigua and Barbuda,Caribbean,0,0,1,,,,,,,,,,,,,,,,,,,,,,,,,,,,,,,,,,,,,,,,,,,,
NA,ATG,2020,Antigua and Barbuda,Caribbean,0,0,1,,,,,,,,,,,,,,,,,,,,,,,,,,,,,,,,,,,,,,,,,,,,
AR,ARG,2000,Argentina,South America,0,0,0,0.309,UCR,Radical Civic Union,33.3,27.60000000000001,27.3,20.9,29.6,12.949999999999989,30.0,15.0,10.400000000000006,38.0,30.0,70.0,22.623479295390865,16.92500000000001,0.0,24.653252978906977,46.30610796361375,44.01641567775263,35.107507880455465,19.77423964769544,13.466666666666669,31.32662648945349,24.918760171067763,29.400000000000002,45.45,27.3,20.9,29.6,30.0,30.441666666666666,7.699896892859939,9.406475,8.55318594642997,12.0,0.45,14.0,0.35,12.0,0.47619047619047616,12.0,0.5
AR,ARG,2001,Argentina,South America,0,0,0,0.288,UCR,Radical Civic Union,32.8,27.90000000000001,22.599999999999994,20.9,29.1,14.649999999999991,50.0,15.0,4.599999999999994,35.0,30.0,70.0,23.960981736778663,18.200000000000003,0.0,31.83554598882056,45.92242111247559,64.34352521672103,41.75531544306554,21.080490868389333,11.533333333333331,33.41777299441028,26.94672815979962,27.766666666666666,45.45,22.599999999999994,20.9,29.1,50.0,32.63611111111111,7.76065771002229,9.3992,8.579928855011145,13.0,0.4,14.0,0.35,11.0,0.5238095238095238,14.0,0.4090909090909091
AR,ARG,2002,Argentina,South America,0,0,0,0.5805,PJ,Justicialist [Peronist] Party,35.0,29.3,23.0,28.8,30.4,14.649999999999991,50.0,30.0,5.700000000000003,47.0,30.0,65.0,26.999787283611724,18.200000000000003,0.0,32.89377161587187,42.27701272551852,59.31147401108597,43.8628289122015,22.599893641805863,11.9,39.946885807935935,29.577402090485826,29.099999999999998,46.9,23.0,28.8,30.4,50.0,34.699999999999996,17.169681913527022,20.143349999999998,18.65651595676351,6.0,0.7619047619047619,3.0,0.9047619047619048,8.0,0.6818181818181818,5.0,0.8260869565217391
AR,ARG,2003,Argentina,South America,0,0,0,0.791,FPV-PJ,Front for Victory,36.1,28.0,23.0,48.4,33.1,46.675,70.0,30.0,11.5,46.0,70.0,65.0,22.55203200185518,18.200000000000003,50.0,32.188968479745924,43.70558415408994,58.61147401108597,44.105686055058634,20.376016000927592,43.833333333333336,39.09448423987296,36.852379907298136,29.03333333333333,56.7,23.0,48.4,33.1,70.0,43.37222222222223,29.150232506672825,34.30742777777778,31.728830142225306,4.0,0.8571428571428571,2.0,0.9523809523809523,4.0,0.8636363636363636,3.5,0.8913043478260869
AR,ARG,2004,Argentina,South America,0,0,0,0.791,FPV-PJ,Front for Victory,35.5,28.0,23.0,48.4,32.9,23.02499999999999,70.0,30.0,36.0,38.4,70.0,72.0,21.141494745036965,22.573564269417616,50.0,33.617909888960554,43.30303138040315,55.82834014583774,43.04379050874697,21.85752950722729,52.0,36.00895494448028,38.22756874011364,28.833333333333332,60.2,23.0,48.4,32.9,70.0,43.88888888888889,30.23800687342989,34.71611111111112,32.4770589922705,4.0,0.85,3.0,0.9,4.0,0.8571428571428571,4.0,0.8636363636363636
AR,ARG,2005,Argentina,South America,0,0,0,0.791,FPV-PJ,Front for Victory,35.900000000000006,30.10000000000001,23.700000000000003,48.4,34.9,23.02499999999999,70.0,30.0,34.599999999999994,43.8,70.0,75.0,20.66132634037409,18.200000000000003,50.0,36.49651528366414,41.81669878269156,53.867553715695074,41.894750832795545,19.430663170187046,51.53333333333333,40.14825764183207,38.251751244537,29.900000000000006,61.7,23.700000000000003,48.4,34.9,70.0,44.76666666666667,30.257135234428766,35.41043333333334,32.83378428388105,2.0,0.9444444444444444,2.0,0.9473684210526315,2.0,0.9473684210526315,4.0,0.8571428571428571
AR,ARG,2006,Argentina,South America,0,0,0,0.797,FPV-PJ,Front for Victory,35.900000000000006,30.10000000000001,23.700000000000003,48.4,35.0,23.02499999999999,70.0,37.1,28.5,32.599999999999994,70.0,75.0,21.13591480638952,19.97500000000001,50.0,34.31832400854893,46.073545051869445,65.78426551066772,49.65260352084572,20.555457403194765,49.5,33.45916200427446,38.29180573207874,29.900000000000006,61.7,23.700000000000003,48.4,35.0,70.0,44.78333333333334,30.518569168466758,35.69231666666667,33.10544291756671,4.0,0.85,2.0,0.95,4.0,0.8571428571428571,4.0,0.8636363636363636
AR,ARG,2007,Argentina,South America,0,0,0,0.803,FPV-PJ,Front for Victory,36.9,30.700000000000003,25.599999999999994,48.4,35.4,23.02499999999999,70.0,36.1,28.599999999999994,38.6,60.0,72.0,26.79047226439566,19.97500000000001,50.0,33.70096715375257,44.41768142619768,62.865285697815565,47.79432237467108,23.382736132197834,46.199999999999996,36.15048357687628,38.381885520936294,31.066666666666663,60.2,25.599999999999994,48.4,35.4,70.0,45.11111111111111,30.820654073311847,36.224222222222224,33.52243814776703,6.0,0.7619047619047619,3.0,0.9047619047619048,6.0,0.7727272727272727,5.0,0.8260869565217391
AR,ARG,2008,Argentina,South America,0,0,0,0.837,FPV-PJ,Front for Victory,38.1,34.89999999999999,24.3,48.4,37.3,30.175,70.0,36.33079958,35.013868689999995,30.40000000000001,60.0,71.0,30.662092773320893,23.675,50.0,33.58980653990656,47.495219507251775,65.22089647490364,49.68230518738514,27.168546386660445,48.337956229999996,31.994903269953284,39.295927768499716,32.43333333333333,59.7,24.3,48.4,37.3,70.0,45.355555555555554,32.89069154223426,37.962599999999995,35.42664577111712,6.0,0.7619047619047619,3.0,0.9047619047619048,7.0,0.7272727272727273,5.0,0.8260869565217391
AR,ARG,2009,Argentina,South America,0,0,0,0.871,FPV-PJ,Front for Victory,38.1,34.89999999999999,24.3,48.4,37.6,31.10000000000001,80.0,37.92574343,39.41965623,30.0,60.0,71.0,35.56240291323944,23.675,50.0,36.61699350378069,44.67758546839625,62.36225192379808,48.32186027406478,29.618701456619718,49.80655207666666,33.308496751890345,40.263902639810375,32.43333333333333,59.7,24.3,48.4,37.6,80.0,47.072222222222216,35.06985919927484,40.99990555555555,38.034882377415194,5.0,0.8,3.0,0.9,8.0,0.6666666666666666,6.0,0.7727272727272727
AR,ARG,2010,Argentina,South America,0,0,0,0.871,FPV-PJ,Front for Victory,38.1,34.89999999999999,23.0,48.4,37.0,32.95,80.0,37.9,38.8,30.5,70.0,71.0,38.80957066715901,23.675,50.0,39.39444261980471,41.091243924306575,55.98417589134532,44.9918066052173,31.242285333579503,52.93333333333334,34.94722130990235,41.02866164550812,32.0,59.7,23.0,48.4,37.0,80.0,46.68333333333334,35.73596429323757,40.661183333333334,38.19857381328545,5.0,0.8,3.0,0.9,7.0,0.7142857142857143,5.0,0.8181818181818182
AR,ARG,2011,Argentina,South America,0,0,0,0.871,FPV-PJ,Front for Victory,37.6,34.89999999999999,27.700000000000003,48.4,37.3,32.95,80.0,37.6,36.8,30.5,70.0,71.0,42.4231474156762,23.675,50.0,43.12619673964213,41.91230865339584,55.07154178642985,44.8612834799419,33.0490737078381,52.26666666666667,36.81309836982106,41.747530556066934,33.4,59.7,27.700000000000003,48.4,37.3,80.0,47.75,36.3620991143343,41.59025,38.97617455716715,5.0,0.8095238095238095,3.0,0.9047619047619048,7.0,0.7272727272727273,5.0,0.8260869565217391
AR,ARG,2012,Argentina,South America,0,0,0,0.8714999999999999,FPV-PJ,Front for Victory,37.6,34.89999999999999,27.5,48.4,37.9,34.075,80.0,39.0,39.3,32.400000000000006,70.0,71.0,47.5658211083085,27.849999999999994,50.0,64.38479480335926,44.15330180240352,58.33408442314084,47.16246207518145,37.707910554154246,53.1,48.39239740167963,46.59069250775383,33.333333333333336,59.7,27.5,48.4,37.9,80.0,47.805555555555564,40.60378852050746,41.66254166666667,41.13316509358707,5.0,0.8095238095238095,3.0,0.9047619047619048,6.0,0.7727272727272727,5.0,0.8260869565217391
AR,ARG,2013,Argentina,South America,0,0,0,0.872,FPV-PJ,Front for Victory,40.1,34.3,29.200000000000003,52.3,38.4,34.075,85.0,39.9,39.6,32.400000000000006,70.0,70.0,50.65003830645633,27.849999999999994,50.0,65.93641900763056,45.74674166721027,58.21662780122835,47.95445648947955,39.250019153228166,53.199999999999996,49.168209503815284,47.393171286630746,34.53333333333334,61.15,29.200000000000003,52.3,38.4,85.0,50.09722222222223,41.32684536194201,43.68477777777778,42.5058115698599,5.0,0.8181818181818182,3.0,0.9090909090909091,6.0,0.782608695652174,5.0,0.8333333333333334
AR,ARG,2014,Argentina,South America,0,0,0,0.86,FPV-PJ,Front for Victory,40.1,34.3,28.0,52.3,38.7,29.200000000000003,85.0,46.1,40.0,31.099999999999994,70.0,70.5,58.766862921248205,27.849999999999994,50.0,68.15805747624117,42.51332122028542,58.46725115739765,49.02685745922769,43.3084314606241,53.333333333333336,49.62902873812058,48.82441274782643,34.13333333333333,61.4,28.0,52.3,38.7,85.0,49.92222222222222,41.98899496313073,42.9331111111111,42.46105303712092,5.0,0.8181818181818182,2.0,0.9545454545454546,6.0,0.782608695652174,5.0,0.8333333333333334
AR,ARG,2015,Argentina,South America,0,0,0,0.848,FPV-PJ,Front for Victory,38.1,33.89999999999999,25.0,42.6,35.6,29.200000000000003,85.0,47.2,40.4,31.200000000000003,70.0,66.0,39.510695774307,28.25,0.0,65.02897357885271,44.86350651129233,56.92848730079256,49.663997937361636,33.880347887153505,36.800000000000004,48.11448678942636,42.11470815348538,32.333333333333336,54.3,25.0,42.6,35.6,85.0,45.80555555555555,35.713272514155605,38.84311111111111,37.27819181263335,6.0,0.7727272727272727,3.0,0.9090909090909091,6.0,0.782608695652174,5.0,0.8333333333333334
AR,ARG,2016,Argentina,South America,0,0,0,0.1465,PRO,Republican Proposal,31.10000000000001,22.200000000000003,15.700000000000005,36.9,28.1,23.075000000000003,85.0,44.0,56.0,32.599999999999994,70.0,66.0,40.05449591280653,26.700000000000003,0.0,37.23913033504145,42.54336529588712,49.29993642257028,45.281100572819135,33.37724795640327,42.0,34.91956516752072,38.89447842418578,23.000000000000004,51.45,15.700000000000005,36.9,28.1,85.0,40.025,5.698041089143216,5.863662499999999,5.780851794571608,19.0,0.14285714285714285,16.0,0.2857142857142857,19.0,0.18181818181818182,20.0,0.17391304347826086
AR,ARG,2017,Argentina,South America,0,0,0,0.145,PRO,Republican Proposal,31.0,24.599999999999994,17.900000000000006,36.9,29.8,23.075000000000003,67.6,42.7,49.1,33.3,50.0,61.8,36.9209809264305,26.700000000000003,0.0,32.75039027606063,42.260488210708765,48.42904452395916,44.46317757822265,31.810490463215253,33.03333333333333,33.02519513803031,35.583049128200386,24.5,49.349999999999994,17.900000000000006,36.9,29.8,67.6,37.675000000000004,5.1595421235890555,5.462875,5.311208561794528,18.0,0.19047619047619047,15.0,0.3333333333333333,20.0,0.13636363636363635,19.0,0.21739130434782608
AR,ARG,2018,Argentina,South America,0,0,0,0.1654999999999999,PRO,Republican Proposal,32.099999999999994,24.5,21.599999999999994,33.4,29.6,25.325000000000003,59.2,43.8,48.7,29.700000000000003,40.0,67.4,37.3841961852861,26.700000000000003,50.0,26.72071879515579,42.23103840594688,48.96238331840362,44.99780724145017,32.04209809264305,46.23333333333333,28.210359397577896,37.87089951625111,26.066666666666663,50.400000000000006,21.599999999999994,33.4,29.6,59.2,36.71111111111111,6.267633869939554,6.075688888888885,6.171661379414219,17.0,0.2,14.0,0.35,19.0,0.14285714285714285,17.0,0.2727272727272727
AR,ARG,2019,Argentina,South America,0,0,0,0.186,PRO,Republican Proposal,33.5,26.700000000000003,24.700000000000003,38.3,31.7,25.325000000000003,52.2,43.6,39.8,30.0,40.0,66.5,35.068119891008166,27.625,50.0,44.10391025939269,42.23103840594688,51.18460554062583,45.67188131552424,31.346559945504083,43.26666666666667,37.051955129696346,39.33426576434784,28.3,52.4,24.700000000000003,38.3,31.7,52.2,37.93333333333333,7.316173432168698,7.055599999999999,7.185886716084349,13.0,0.3333333333333333,11.0,0.4444444444444444,15.0,0.2631578947368421,15.0,0.3
AR,ARG,2020,Argentina,South America,0,0,0,,FPV-PJ,Front for Victory,31.0,22.8,24.700000000000003,39.5,30.3,12.5,49.5,39.8,46.3,30.8,40.0,50.3,51.14441416893733,27.625,50.0,69.49370437125722,42.23103840594688,49.8964110961814,43.97581650070942,39.384707084468666,45.43333333333334,50.14685218562861,44.73517727603501,26.166666666666668,44.9,24.700000000000003,39.5,30.3,49.5,35.84444444444444,,,,,,,,,,,
NA,SBW,2000,Aruba,Caribbean,0,0,1,,,,,,,,,,,,,,,,,,,,,,,,,,,,,,,,,,,,,,,,,,,,
NA,SBW,2001,Aruba,Caribbean,0,0,1,,,,,,,,,,,,,,,,,,,,,,,,,,,,,,,,,,,,,,,,,,,,
NA,SBW,2002,Aruba,Caribbean,0,0,1,,,,,,,,,,,,,,,,,,,,,,,,,,,,,,,,,,,,,,,,,,,,
NA,SBW,2003,Aruba,Caribbean,0,0,1,,,,,,,,,,,,,,,,,,,,,,,,,,,,,,,,,,,,,,,,,,,,
NA,SBW,2004,Aruba,Caribbean,0,0,1,,,,,,,,,,,,,,,,,,,,,,,,,,,,,,,,,,,,,,,,,,,,
NA,SBW,2005,Aruba,Caribbean,0,0,1,,,,,,,,,,,,,,,,,,,,,,,,,,,,,,,,,,,,,,,,,,,,
NA,SBW,2006,Aruba,Caribbean,0,0,1,,,,,,,,,,,,,,,,,,,,,,,,,,,,,,,,,,,,,,,,,,,,
NA,SBW,2007,Aruba,Caribbean,0,0,1,,,,,,,,,,,,,,,,,,,,,,,,,,,,,,,,,,,,,,,,,,,,
NA,SBW,2008,Aruba,Caribbean,0,0,1,,,,,,,,,,,,,,,,,,,,,,,,,,,,,,,,,,,,,,,,,,,,
NA,SBW,2009,Aruba,Caribbean,0,0,1,,,,,,,,,,,,,,,,,,,,,,,,,,,,,,,,,,,,,,,,,,,,
NA,SBW,2010,Aruba,Caribbean,0,0,1,,,,,,,,,,,,,,,,,,,,,,,,,,,,,,,,,,,,,,,,,,,,
NA,SBW,2011,Aruba,Caribbean,0,0,1,,,,,,,,,,,,,,,,,,,,,,,,,,,,,,,,,,,,,,,,,,,,
NA,SBW,2012,Aruba,Caribbean,0,0,1,,,,,,,,,,,,,,,,,,,,,,,,,,,,,,,,,,,,,,,,,,,,
NA,SBW,2013,Aruba,Caribbean,0,0,1,,,,,,,,,,,,,,,,,,,,,,,,,,,,,,,,,,,,,,,,,,,,
NA,SBW,2014,Aruba,Caribbean,0,0,1,,,,,,,,,,,,,,,,,,,,,,,,,,,,,,,,,,,,,,,,,,,,
NA,SBW,2015,Aruba,Caribbean,0,0,1,,,,,,,,,,,,,,,,,,,,,,,,,,,,,,,,,,,,,,,,,,,,
NA,SBW,2016,Aruba,Caribbean,0,0,1,,,,,,,,,,,,,,,,,,,,,,,,,,,,,,,,,,,,,,,,,,,,
NA,SBW,2017,Aruba,Caribbean,0,0,1,,,,,,,,,,,,,,,,,,,,,,,,,,,,,,,,,,,,,,,,,,,,
NA,SBW,2018,Aruba,Caribbean,0,0,1,,,,,,,,,,,,,,,,,,,,,,,,,,,,,,,,,,,,,,,,,,,,
NA,SBW,2019,Aruba,Caribbean,0,0,1,,,,,,,,,,,,,,,,,,,,,,,,,,,,,,,,,,,,,,,,,,,,
NA,SBW,2020,Aruba,Caribbean,0,0,1,,,,,,,,,,,,,,,,,,,,,,,,,,,,,,,,,,,,,,,,,,,,
BS,BHS,2000,Bahamas,Caribbean,0,0,1,,,,,,,,,,10.0,0.0,13.0,85.0,30.0,30.0,10.326975476839236,,100.0,52.99145299145299,13.644358862361996,23.251526563320496,12.298628475227497,,47.666666666666664,68.9957264957265,,,,,,,10.0,,,,,,,,,,,,
BS,BHS,2001,Bahamas,Caribbean,0,0,1,,,,,,,,,,10.0,0.0,12.700000000000005,80.6,30.0,30.0,9.591280653950932,,100.0,53.802564102564105,13.644358862361996,23.251526563320496,12.298628475227497,,47.56666666666666,67.20128205128205,,,,,,,10.0,,,,,,,,,,,,
BS,BHS,2002,Bahamas,Caribbean,0,0,1,,,,,,,,,,10.0,0.0,11.900000000000006,85.0,30.0,30.0,9.591280653950932,,100.0,54.47350427350428,13.644358862361996,23.251526563320496,12.298628475227497,,47.300000000000004,69.73675213675214,,,,,,,10.0,,,,,,,,,,,,
BS,BHS,2003,Bahamas,Caribbean,0,0,1,,,,,,,,,,10.0,0.0,19.599999999999994,85.0,30.0,30.0,10.163487738419631,,100.0,54.7957264957265,13.644358862361996,23.251526563320496,12.298628475227497,,49.86666666666667,69.89786324786326,,,,,,,10.0,,,,,,,,,,,,
BS,BHS,2004,Bahamas,Caribbean,0,0,1,,,,,,,,,,10.0,15.0,17.5,83.0,30.0,30.0,10.681198910081749,,100.0,51.75811965811966,13.644358862361996,23.251526563320496,17.2986284752275,,49.166666666666664,67.37905982905983,,,,,,,10.0,,,,,,,,,,,,
BS,BHS,2005,Bahamas,Caribbean,0,0,1,,,,,,,,,,10.0,15.0,20.5,83.0,30.0,30.0,12.152588555858316,,100.0,41.86304273504273,13.644358862361996,23.251526563320496,17.2986284752275,,50.166666666666664,62.43152136752137,,,,,,,10.0,,,,,,,,,,,,
BS,BHS,2006,Bahamas,Caribbean,0,0,1,,,,,,,,,,10.0,20.0,17.799999999999997,83.0,30.0,30.0,7.049046321525907,,100.0,37.639086925704575,13.007339800697707,23.251526563320496,18.752955454672733,,49.26666666666667,60.31954346285229,,,,,,,10.0,,,,,,,,,,,,
BS,BHS,2007,Bahamas,Caribbean,0,0,1,,,,,,,,,,20.0,20.0,23.90000000000001,61.2,30.0,30.0,9.49622842624818,,100.0,36.20586470348236,13.007339800697707,23.251526563320496,18.752955454672733,,51.300000000000004,48.70293235174118,,,,,,,20.0,,,,,,,,,,,,
BS,BHS,2008,Bahamas,Caribbean,0,0,1,,,,,,,,,,20.0,20.0,23.687075699999998,68.0,30.0,30.0,10.078422573113272,,100.0,36.328086925704575,13.007339800697707,23.251526563320496,18.752955454672733,,51.229025233333324,52.16404346285229,,,,,,,20.0,,,,,,,,,,,,
BS,BHS,2009,Bahamas,Caribbean,0,0,1,,,,,,,,,,25.0,25.299505010000004,24.463629030000007,44.0,30.0,50.0,11.246707026389911,,100.0,40.5303539446444,12.636514840445358,23.251526563320496,20.39584880458862,,51.48787634333333,42.2651769723222,,,,,,,25.0,,,,,,,,,,,,
BS,BHS,2010,Bahamas,Caribbean,0,0,1,,,,,,,,,,30.0,26.599999999999994,27.3,57.8,30.0,45.0,10.2942779291553,,100.0,40.13557616686662,15.093765613312256,30.56515722105418,24.086307611455478,,52.43333333333334,48.967788083433305,,,,,,,30.0,,,,,,,,,,,,
BS,BHS,2011,Bahamas,Caribbean,0,0,1,,,,,,,,,,30.0,27.5,25.40000000000001,57.8,30.0,45.0,10.027247956403272,,100.0,40.44668727797773,18.960725443842605,30.56515722105418,25.67529422163226,,51.800000000000004,49.123343638988864,,,,,,,30.0,,,,,,,,,,,,
BS,BHS,2012,Bahamas,Caribbean,0,0,1,,,,,,,,,,30.0,29.099999999999994,24.0,57.8,30.0,45.0,10.524518981115676,,100.0,40.22123181105364,18.960725443842605,33.84798550388247,27.30290364924169,,51.333333333333336,49.01061590552682,,,,,,,30.0,,,,,,,,,,,,
BS,BHS,2013,Bahamas,Caribbean,0,0,1,,,,,,,,,,30.0,28.700000000000003,24.200000000000003,53.0,30.0,27.0,10.852938787009322,,100.0,40.11578736660921,22.960725443842605,55.89865700258831,35.85312748214364,,51.4,46.557893683304606,,,,,,,30.0,,,,,,,,,,,,
BS,BHS,2014,Bahamas,Caribbean,0,0,1,,,,,,,,,,30.0,29.3,24.90000000000001,47.8,30.0,33.400000000000006,11.000042367442092,,100.0,36.95627391600063,22.960725443842605,33.84798550388247,28.70290364924169,,51.63333333333333,42.37813695800031,,,,,,,30.0,,,,,,,,,,,,
BS,BHS,2015,Bahamas,Caribbean,0,0,1,,,,,,,,,,30.0,31.099999999999994,21.200000000000003,47.8,40.0,29.0,9.594965430973446,,100.0,37.43516280488953,22.960725443842605,41.89903047261522,31.986585305485942,,53.73333333333333,42.61758140244476,,,,,,,30.0,,,,,,,,,,,,
BS,BHS,2016,Bahamas,Caribbean,0,0,1,,,,,,,,,,30.0,29.3,21.5,36.0,40.0,29.0,14.414168937329704,,100.0,37.13927391600065,22.960725443842605,41.89903047261522,31.38658530548594,,53.833333333333336,36.56963695800032,,,,,,,30.0,,,,,,,,,,,,
BS,BHS,2017,Bahamas,Caribbean,0,0,1,,,,,,,,,,54.7,31.5,23.0,49.4,40.0,61.8,16.566757493188007,,100.0,45.0777694366328,27.467271203202174,39.13170439650765,32.69965853323661,,54.333333333333336,47.2388847183164,,,,,,,54.7,,,,,,,,,,,,
BS,BHS,2018,Bahamas,Caribbean,0,0,1,,,,,,,,,,53.5,31.700000000000003,20.8,47.3,40.0,49.1,9.29155313351498,,50.0,43.40765832552169,27.467271203202174,58.636483411591726,39.2679182049313,,36.93333333333333,45.353829162760846,,,,,,,53.5,,,,,,,,,,,,
BS,BHS,2019,Bahamas,Caribbean,0,0,1,,,,,,,,,,57.8,31.5,21.90000000000001,52.2,40.0,56.3,10.408719346049054,,50.0,43.54099165885502,27.467271203202174,58.636483411591726,39.201251538264636,,37.300000000000004,47.87049582942751,,,,,,,57.8,,,,,,,,,,,,
BS,BHS,2020,Bahamas,Caribbean,0,0,1,,,,,,,,,,45.1,31.0,23.700000000000003,52.2,40.0,54.0,13.76021798365123,,100.0,51.713213881077245,27.467271203202174,37.95472511738758,32.140665440196585,,54.56666666666666,51.95660694053862,,,,,,,45.1,,,,,,,,,,,,
BB,BRB,2000,Barbados,Caribbean,0,0,1,0.307,BLP,Barbados Labour Party,8.599999999999994,9.099999999999994,23.700000000000003,12.7,12.8,19.474999999999994,30.0,30.0,12.0,38.0,30.0,30.0,0.0,31.125,100.0,38.98304167550174,20.24873925855566,31.68699371738788,27.31191099198118,15.5625,47.333333333333336,38.49152083775087,32.174816290766344,13.799999999999997,21.35,23.700000000000003,12.7,12.8,30.0,19.058333333333334,9.877668601265267,5.850908333333333,7.8642884672993,15.0,0.3,9.0,0.6,17.0,0.23809523809523808,13.0,0.45454545454545453
BB,BRB,2001,Barbados,Caribbean,0,0,1,0.307,BLP,Barbados Labour Party,8.599999999999994,9.099999999999994,23.700000000000003,12.7,12.8,19.474999999999994,10.0,15.0,12.599999999999994,53.2,30.0,30.0,0.0,31.125,100.0,38.98304167550174,20.24873925855566,31.68699371738788,22.31191099198118,15.5625,47.53333333333333,46.09152083775087,32.87481629076635,13.799999999999997,21.35,23.700000000000003,12.7,12.8,10.0,15.725,10.092568601265269,4.8275749999999995,7.460071800632634,14.0,0.35,9.0,0.6,16.0,0.2857142857142857,12.0,0.5
BB,BRB,2002,Barbados,Caribbean,0,0,1,0.307,BLP,Barbados Labour Party,8.599999999999994,9.099999999999994,23.700000000000003,12.7,12.8,19.474999999999994,10.0,15.0,13.700000000000005,33.2,30.0,30.0,0.0,31.125,100.0,38.48304167550175,20.24873925855566,31.68699371738788,22.31191099198118,15.5625,47.9,35.84152083775088,30.403982957433012,13.799999999999997,21.35,23.700000000000003,12.7,12.8,10.0,15.725,9.334022767931934,4.8275749999999995,7.080798883965967,14.0,0.38095238095238093,10.0,0.5714285714285714,18.0,0.22727272727272727,14.0,0.43478260869565216
BB,BRB,2003,Barbados,Caribbean,0,0,1,0.307,BLP,Barbados Labour Party,8.599999999999994,9.099999999999994,23.700000000000003,12.7,12.9,19.474999999999994,10.0,15.0,14.900000000000006,33.2,30.0,30.0,18.114098928717112,31.125,100.0,36.23304167550175,20.24873925855566,31.68699371738788,22.31191099198118,24.619549464358556,48.300000000000004,34.71652083775088,32.48699532352265,13.799999999999997,21.35,23.700000000000003,12.7,12.9,10.0,15.741666666666667,9.973507564321453,4.832691666666666,7.40309961549406,14.0,0.38095238095238093,11.0,0.5238095238095238,19.0,0.18181818181818182,16.0,0.34782608695652173
BB,BRB,2004,Barbados,Caribbean,0,0,1,0.307,BLP,Barbados Labour Party,8.599999999999994,9.099999999999994,23.700000000000003,12.7,12.9,19.474999999999994,10.0,15.0,11.099999999999994,48.0,30.0,30.0,15.749318801089911,33.378596080061456,100.0,36.3629988030473,20.24873925855566,31.68699371738788,22.31191099198118,24.563957440575685,47.03333333333333,42.18149940152365,34.02267529185346,13.799999999999997,21.35,23.700000000000003,12.7,12.9,10.0,15.741666666666667,10.444961314599013,4.832691666666666,7.638826490632839,13.0,0.4,10.0,0.55,19.0,0.14285714285714285,15.0,0.36363636363636365
BB,BRB,2005,Barbados,Caribbean,0,0,1,0.307,BLP,Barbados Labour Party,8.599999999999994,9.099999999999994,23.700000000000003,12.7,12.9,19.474999999999994,10.0,15.0,12.299999999999995,48.0,30.0,30.0,15.749318801089911,31.125,100.0,35.94490508808136,22.98687019472331,47.24371214048816,28.410194111737155,23.437159400544957,47.43333333333334,41.97245254404068,35.31328484741403,13.799999999999997,21.35,23.700000000000003,12.7,12.9,10.0,15.741666666666667,10.841178448156107,4.832691666666666,7.836935057411386,11.0,0.4444444444444444,10.0,0.5263157894736842,18.0,0.10526315789473684,14.0,0.38095238095238093
BB,BRB,2006,Barbados,Caribbean,0,0,1,0.307,BLP,Barbados Labour Party,8.599999999999994,9.099999999999994,23.700000000000003,12.7,12.9,19.474999999999994,10.0,10.0,12.299999999999995,48.0,30.0,27.0,36.93195815791893,31.125,100.0,34.309922779976546,30.740525565833977,42.27603107891326,27.67218554824908,34.028479078959464,47.43333333333334,41.15496138998827,37.57223983763254,13.799999999999997,19.85,23.700000000000003,12.7,12.9,10.0,15.491666666666667,11.534677630153189,4.755941666666667,8.145309648409928,13.0,0.4,10.0,0.55,19.0,0.14285714285714285,15.0,0.36363636363636365
BB,BRB,2007,Barbados,Caribbean,0,0,1,0.307,BLP,Barbados Labour Party,8.599999999999994,9.099999999999994,23.700000000000003,12.7,12.9,19.474999999999994,10.0,10.0,23.40000000000001,43.0,40.0,31.0,40.96463612709693,31.125,100.0,33.44326439741462,31.20931433947732,41.74845741622921,27.652590585235505,36.04481806354846,54.46666666666667,38.22163219870731,39.09642687853949,13.799999999999997,21.85,23.700000000000003,12.7,12.9,10.0,15.825000000000001,12.002603051711622,4.858275,8.430439025855812,14.0,0.38095238095238093,11.0,0.5238095238095238,20.0,0.13636363636363635,16.0,0.34782608695652173
BB,BRB,2008,Barbados,Caribbean,0,0,1,0.756,DLP,Democratic Labour Party,8.599999999999994,9.099999999999994,23.700000000000003,12.7,13.4,19.474999999999994,10.0,10.0,25.993930359999997,41.2,40.0,33.0,36.89373297002724,31.125,100.0,33.812564488581614,33.142972803096555,40.66979689898311,27.937589900693222,34.009366485013615,55.33131011999999,37.50628224429081,38.69613718749941,13.799999999999997,22.85,23.700000000000003,12.7,13.4,10.0,16.075,29.254279713749554,12.1527,20.703489856874775,9.0,0.6190476190476191,5.0,0.8095238095238095,13.0,0.45454545454545453,7.0,0.7391304347826086
BB,BRB,2009,Barbados,Caribbean,0,0,1,0.756,DLP,Democratic Labour Party,8.599999999999994,9.099999999999994,23.700000000000003,12.7,13.4,19.474999999999994,10.0,10.0,25.49429669,35.400000000000006,40.0,31.0,37.03542234332424,31.125,100.0,33.929049760515056,30.37233285122545,39.5813798519218,26.651237567715754,34.08021117166212,55.16476556333333,34.66452488025753,37.64018479574219,13.799999999999997,21.85,23.700000000000003,12.7,13.4,10.0,15.908333333333333,28.455979705581093,12.0267,20.241339852790546,10.0,0.55,5.0,0.8,13.0,0.42857142857142855,8.0,0.6818181818181818
BB,BRB,2010,Barbados,Caribbean,0,0,1,0.756,DLP,Democratic Labour Party,9.099999999999994,9.099999999999994,23.700000000000003,15.0,14.099999999999998,19.474999999999994,20.0,10.0,26.90000000000001,39.5,40.0,30.0,37.73024523160763,31.125,100.0,33.72636674013995,34.94954930677116,34.872284420994575,26.607277909255245,34.42762261580381,55.63333333333333,36.613183370069976,38.32035430711559,13.966666666666663,22.5,23.700000000000003,15.0,14.099999999999998,20.0,18.21111111111111,28.97018785617939,13.767599999999998,21.368893928089694,11.0,0.5,5.0,0.8,11.0,0.5238095238095238,9.0,0.6363636363636364
BB,BRB,2011,Barbados,Caribbean,0,0,1,0.756,DLP,Democratic Labour Party,9.099999999999994,9.099999999999994,23.700000000000003,15.0,14.099999999999998,19.474999999999994,20.0,10.0,23.700000000000003,39.5,40.0,26.0,32.20528419074695,31.125,100.0,25.685177480379195,32.064390443102795,36.09635287801211,26.0535811070383,31.665142095373476,54.56666666666666,32.5925887401896,36.21949465231701,13.966666666666663,20.5,23.700000000000003,15.0,14.099999999999998,20.0,17.877777777777776,27.38193795715166,13.5156,20.448768978575828,11.0,0.5238095238095238,5.0,0.8095238095238095,11.0,0.5454545454545454,9.0,0.6521739130434783
BB,BRB,2012,Barbados,Caribbean,0,0,1,0.756,DLP,Democratic Labour Party,9.099999999999994,9.099999999999994,23.700000000000003,15.0,14.099999999999998,19.474999999999994,20.0,10.0,24.200000000000003,39.5,40.0,22.0,38.98747298477083,31.125,100.0,27.706351066103267,30.429463466534514,38.78644387088906,26.40530244580786,35.056236492385416,54.73333333333333,33.60317553305163,37.44951195114456,13.966666666666663,18.5,23.700000000000003,15.0,14.099999999999998,20.0,17.54444444444444,28.311831035065286,13.263599999999997,20.78771551753264,10.0,0.5714285714285714,6.0,0.7619047619047619,11.0,0.5454545454545454,9.0,0.6521739130434783
BB,BRB,2013,Barbados,Caribbean,0,0,1,0.756,DLP,Democratic Labour Party,9.099999999999994,9.099999999999994,23.700000000000003,15.0,13.8,19.474999999999994,20.0,25.200000000000003,27.90000000000001,39.5,40.0,22.0,40.31058057284916,31.125,100.0,24.422861940911417,34.412342526709935,39.24811585565068,32.95348612745354,35.71779028642458,55.96666666666667,31.96143097045571,39.149843512750124,13.966666666666663,18.5,23.700000000000003,15.0,13.8,20.0,17.494444444444444,29.597281695639094,13.2258,21.411540847819545,11.0,0.5454545454545454,6.0,0.7727272727272727,12.0,0.5217391304347826,8.0,0.7083333333333334
BB,BRB,2014,Barbados,Caribbean,0,0,1,0.756,DLP,Democratic Labour Party,9.099999999999994,9.099999999999994,23.700000000000003,15.0,13.7,19.474999999999994,20.0,27.200000000000003,25.40000000000001,39.4,40.0,22.099999999999994,40.31058057284916,31.125,100.0,29.80442305367052,35.395290149334485,39.24811585565068,33.94780200166172,35.71779028642458,55.13333333333333,34.60221152683526,39.85028428706373,13.966666666666663,18.549999999999997,23.700000000000003,15.0,13.7,20.0,17.48611111111111,30.12681492102018,13.2195,21.67315746051009,11.0,0.5454545454545454,5.0,0.8181818181818182,14.0,0.43478260869565216,8.0,0.7083333333333334
BB,BRB,2015,Barbados,Caribbean,0,0,1,0.756,DLP,Democratic Labour Party,9.599999999999994,9.099999999999994,24.200000000000003,17.299999999999997,14.4,19.474999999999994,20.0,28.40000000000001,21.8,36.2,40.0,25.0,40.544959128065386,31.125,100.0,30.47735801964797,34.63394998246318,38.24478204171818,33.759577341393786,35.83497956403269,53.93333333333334,33.338679009823984,39.21664231214595,14.299999999999997,21.15,24.200000000000003,17.299999999999997,14.4,20.0,18.558333333333334,29.64778158798234,14.030100000000001,21.83894079399117,9.0,0.6363636363636364,5.0,0.8181818181818182,12.0,0.5217391304347826,8.0,0.7083333333333334
BB,BRB,2016,Barbados,Caribbean,0,0,1,0.756,DLP,Democratic Labour Party,9.599999999999994,9.099999999999994,24.200000000000003,17.299999999999997,14.499999999999998,19.474999999999994,20.0,29.8,19.200000000000003,37.8,40.0,26.0,33.54223433242507,31.125,100.0,30.35513579742573,34.63394998246318,38.43414141379114,34.28936379875144,32.333617166212534,53.06666666666666,34.077567898712864,38.44180388258587,14.299999999999997,21.65,24.200000000000003,17.299999999999997,14.499999999999998,20.0,18.65833333333333,29.06200373523492,14.105699999999999,21.58385186761746,7.0,0.7142857142857143,4.0,0.8571428571428571,9.0,0.6363636363636364,6.0,0.782608695652174
BB,BRB,2017,Barbados,Caribbean,0,0,1,0.756,DLP,Democratic Labour Party,9.5,7.299999999999997,25.8,17.299999999999997,14.000000000000002,14.224999999999994,44.5,30.40000000000001,16.299999999999997,37.8,40.0,65.7,33.54223433242507,29.474999999999994,100.0,32.29108452044132,35.0112432803916,46.92618956410022,37.44581094816394,31.50861716621253,52.1,35.04554226022066,39.02499259364928,14.199999999999998,41.5,25.8,17.299999999999997,14.000000000000002,44.5,26.21666666666667,29.502894400798855,19.8198,24.661347200399426,5.0,0.8095238095238095,4.0,0.8571428571428571,6.0,0.7727272727272727,5.0,0.8260869565217391
BB,BRB,2018,Barbados,Caribbean,0,0,1,0.369,BLP,Barbados Labour Party,8.299999999999997,7.299999999999997,26.8,13.7,12.6,14.224999999999994,48.6,29.5,15.0,37.8,40.0,46.2,33.54223433242507,28.72500000000001,100.0,30.87140760571596,35.200112878430886,41.1941710400945,35.29809463950846,31.133617166212538,51.666666666666664,34.33570380285798,38.10852056881141,14.133333333333331,29.950000000000003,26.8,13.7,12.6,48.6,24.29722222222222,14.062044089891408,8.965675,11.513859544945703,8.0,0.65,9.0,0.6,12.0,0.47619047619047616,11.0,0.5454545454545454
BB,BRB,2019,Barbados,Caribbean,0,0,1,0.369,BLP,Barbados Labour Party,7.599999999999994,7.299999999999997,26.8,9.4,11.9,12.325000000000005,47.1,30.200000000000003,21.700000000000003,43.4,40.0,46.2,33.54223433242507,28.72500000000001,50.0,29.421382329653028,35.200112878430886,40.63861548453895,35.346242787656614,31.133617166212538,37.233333333333334,36.41069116482652,35.030971113007254,13.899999999999997,27.8,26.8,9.4,11.9,47.1,22.816666666666666,12.926428340699676,8.41935,10.672889170349837,8.0,0.6111111111111112,8.0,0.6111111111111112,13.0,0.3684210526315789,10.0,0.55
BB,BRB,2020,Barbados,Caribbean,0,0,1,,,,7.599999999999994,7.299999999999997,25.8,9.4,11.9,12.325000000000005,43.4,30.599999999999994,22.099999999999994,43.4,40.0,56.0,33.54223433242507,33.125,50.0,34.817017986653994,35.200112878430886,40.63861548453895,35.47957612098995,33.333617166212534,37.36666666666667,39.10850899332699,36.32209223679904,13.566666666666663,32.7,25.8,9.4,11.9,43.4,22.794444444444448,,,,,,,,,,,
BZ,BLZ,2000,Belize,Central America,0,0,1,,,,,,,,,,50.0,30.0,8.0,46.2,50.0,50.0,3.1143669400276224,,100.0,48.82992221784562,22.44182726916944,20.73885495384053,24.393560741003323,,52.666666666666664,47.51496110892281,,,,,,,50.0,,,,,,,,,,,,
BZ,BLZ,2001,Belize,Central America,0,0,1,,,,,,,,,,30.0,30.0,11.099999999999994,44.0,50.0,50.0,3.1143669400276224,,100.0,48.82992221784562,22.44182726916944,20.73885495384053,24.393560741003323,,53.699999999999996,46.41496110892281,,,,,,,30.0,,,,,,,,,,,,
BZ,BLZ,2002,Belize,Central America,0,0,1,,,,,,,,,,50.0,30.0,6.0,33.2,50.0,50.0,3.1143669400276224,,50.0,48.90149487179488,22.44182726916944,20.73885495384053,24.393560741003323,,35.333333333333336,41.05074743589744,,,,,,,50.0,,,,,,,,,,,,
BZ,BLZ,2003,Belize,Central America,0,0,1,,,,,,,,,,50.0,30.0,10.799999999999995,33.2,50.0,50.0,2.7929155313351544,,50.0,46.95149487179488,32.220749618543735,20.73885495384053,27.65320152412809,,36.93333333333333,40.07574743589744,,,,,,,50.0,,,,,,,,,,,,
BZ,BLZ,2004,Belize,Central America,0,0,1,,,,,,,,,,50.0,30.0,13.5,40.0,50.0,50.0,3.201634877384194,,50.0,45.23825555117895,25.18874934821929,20.73885495384053,25.30920143401994,,37.833333333333336,42.619127775589476,,,,,,,50.0,,,,,,,,,,,,
BZ,BLZ,2005,Belize,Central America,0,0,1,,,,,,,,,,50.0,30.0,14.799999999999995,41.6,50.0,55.0,3.337874659400555,,50.0,39.787330936909925,25.18874934821929,20.73885495384053,25.30920143401994,,38.266666666666666,40.69366546845497,,,,,,,50.0,,,,,,,,,,,,
BZ,BLZ,2006,Belize,Central America,0,0,1,,,,,,,,,,50.0,22.599999999999994,15.799999999999995,41.6,50.0,62.0,4.89918256130791,,50.0,39.1806357674158,25.18874934821929,20.73885495384053,22.84253476735327,,38.6,40.3903178837079,,,,,,,50.0,,,,,,,,,,,,
BZ,BLZ,2007,Belize,Central America,0,0,1,,,,,,,,,,50.0,22.599999999999994,26.8,32.8,50.0,63.0,7.027247956403272,,50.0,37.363216963997,25.18874934821929,20.73885495384053,22.84253476735327,,42.266666666666666,35.0816084819985,,,,,,,50.0,,,,,,,,,,,,
BZ,BLZ,2008,Belize,Central America,0,0,1,,,,,,,,,,50.0,23.453788059999997,22.73121198,35.400000000000006,50.0,65.0,7.572207084468658,,50.0,36.72299474177478,25.18874934821929,20.73885495384053,23.12713078735327,,40.91040399333333,36.061497370887395,,,,,,,50.0,,,,,,,,,,,,
BZ,BLZ,2009,Belize,Central America,0,0,1,,,,,,,,,,50.0,24.517885629999995,21.636856069999997,30.40000000000001,50.0,70.0,7.959128065395077,,100.0,37.66966140844144,23.063912325767248,20.73885495384053,22.77355096986926,,57.21228535666666,34.034830704220724,,,,,,,50.0,,,,,,,,,,,,
BZ,BLZ,2010,Belize,Central America,0,0,1,,,,,,,,,,60.0,25.90000000000001,24.40000000000001,28.5,50.0,71.0,12.530668326350964,,100.0,37.25855029733033,24.995972506749425,43.84200468158322,31.579325729444218,,58.13333333333333,32.879275148665165,,,,,,,60.0,,,,,,,,,,,,
BZ,BLZ,2011,Belize,Central America,0,0,1,,,,,,,,,,60.0,26.3,21.200000000000003,28.5,50.0,71.0,12.892365736155613,,100.0,36.95422110323018,23.671934216314423,54.38769912602765,34.78654444744736,,57.06666666666666,32.72711055161509,,,,,,,60.0,,,,,,,,,,,,
BZ,BLZ,2012,Belize,Central America,0,0,1,,,,,,,,,,70.0,26.40000000000001,22.40000000000001,21.90000000000001,50.0,80.0,13.511886272969662,,100.0,36.466225763282985,23.671934216314423,57.28332202165055,35.78508541265499,,57.46666666666667,29.1831128816415,,,,,,,70.0,,,,,,,,,,,,
BZ,BLZ,2013,Belize,Central America,0,0,1,,,,,,,,,,70.0,27.40000000000001,22.700000000000003,22.8,50.0,100.0,13.148149670342164,,100.0,36.27855909661632,29.087968425424396,57.28332202165055,37.92376348235832,,57.56666666666666,29.53927954830816,,,,,,,70.0,,,,,,,,,,,,
BZ,BLZ,2014,Belize,Central America,0,0,1,,,,,,,,,,70.0,28.40000000000001,22.40000000000001,32.2,50.0,93.3,15.68740027850646,,100.0,33.008021168947764,26.59405877717593,57.28332202165055,37.42579359960883,,57.46666666666667,32.60401058447388,,,,,,,70.0,,,,,,,,,,,,
BZ,BLZ,2015,Belize,Central America,0,0,1,,,,,,,,,,70.0,40.9,20.700000000000003,29.599999999999994,50.0,93.3,15.68740027850646,,100.0,38.25955153746571,31.458175369868822,57.28332202165055,43.213832463839786,,56.9,33.92977576873285,,,,,,,70.0,,,,,,,,,,,,
BZ,BLZ,2016,Belize,Central America,0,0,1,,,,,,,,,,65.0,36.7,20.8,30.0,50.0,93.3,15.68740027850646,,100.0,37.42832931524349,31.458175369868822,57.28332202165055,41.813832463839795,,56.93333333333334,33.714164657621744,,,,,,,65.0,,,,,,,,,,,,
BZ,BLZ,2017,Belize,Central America,0,0,1,,,,,,,,,,56.5,37.3,20.40000000000001,29.90000000000001,50.0,65.0,15.68740027850646,,100.0,34.49973388776567,31.458175369868822,58.02406276239129,42.26074604408671,,56.800000000000004,32.19986694388284,,,,,,,56.5,,,,,,,,,,,,
BZ,BLZ,2018,Belize,Central America,0,0,1,,,,,,,,,,57.9,37.1,21.700000000000003,35.099999999999994,50.0,65.3,15.68740027850646,,100.0,34.3422718764058,31.458175369868822,58.02406276239129,42.19407937742003,,57.23333333333333,34.7211359382029,,,,,,,57.9,,,,,,,,,,,,
BZ,BLZ,2019,Belize,Central America,0,0,1,,,,,,,,,,58.3,38.2,21.3,36.0,50.0,72.8,15.68740027850646,,100.0,34.34420814260456,31.458175369868822,58.02406276239129,42.560746044086706,,57.1,35.17210407130228,,,,,,,58.3,,,,,,,,,,,,
BZ,BLZ,2020,Belize,Central America,0,0,1,,,,,,,,,,55.6,39.1,19.599999999999994,35.8,50.0,66.5,15.68740027850646,,100.0,40.59684378549072,31.458175369868822,45.63405849572462,38.73074462186448,,56.53333333333333,38.19842189274536,,,,,,,55.6,,,,,,,,,,,,
BO,BOL,2000,Bolivia,South America,0,1,0,0.047,ADN,Nationalist Democratic Action,54.3,46.2,31.10000000000001,63.2,51.3,27.325000000000003,50.0,45.0,17.200000000000003,24.8,30.0,72.0,12.378256342348408,28.40000000000001,0.0,24.07662198198317,59.02316747613136,64.82849999999999,56.28388915871045,20.389128171174207,15.733333333333334,24.438310990991585,29.211165413552393,43.866666666666674,67.6,31.10000000000001,63.2,51.3,50.0,51.17777777777778,1.3729247744369626,2.4053555555555555,1.8891401649962591,20.0,0.05,20.0,0.05,19.0,0.14285714285714285,22.0,0.045454545454545456
BO,BOL,2001,Bolivia,South America,0,1,0,0.047,ADN,Nationalist Democratic Action,54.3,46.2,31.10000000000001,63.2,51.3,27.325000000000003,50.0,45.0,12.299999999999995,28.40000000000001,30.0,75.0,14.359567452406113,28.40000000000001,0.0,25.38118339561009,60.30915610455515,73.26026194095611,59.523139348503754,21.379783726203062,14.1,26.89059169780505,30.473378693127966,43.866666666666674,69.1,31.10000000000001,63.2,51.3,50.0,51.42777777777778,1.4322487985770145,2.4171055555555556,1.9246771770662852,20.0,0.05,20.0,0.05,19.0,0.14285714285714285,22.0,0.045454545454545456
BO,BOL,2002,Bolivia,South America,0,1,0,0.047,ADN,Nationalist Democratic Action,53.5,46.2,31.10000000000001,63.2,50.8,27.325000000000003,70.0,45.0,18.099999999999994,25.8,30.0,73.0,14.359567452406113,28.40000000000001,0.0,23.902943680016197,58.14181129466756,72.16458333333334,58.4354648760003,21.379783726203062,16.03333333333333,24.8514718400081,30.1750134438862,43.6,68.1,31.10000000000001,63.2,50.8,70.0,54.46666666666667,1.4182256318626514,2.5599333333333334,1.9890794825979925,21.0,0.047619047619047616,21.0,0.047619047619047616,20.0,0.13636363636363635,23.0,0.043478260869565216
BO,BOL,2003,Bolivia,South America,0,1,0,0.122,MNR,Revolutionary Nationalist Movement,52.2,44.6,24.3,63.2,49.3,27.325000000000003,70.0,45.0,14.799999999999995,33.2,30.0,80.0,15.095367847411438,28.40000000000001,0.0,23.71405479112731,58.3799065327628,70.28958333333334,57.88982995536538,21.747683923705722,14.933333333333332,28.457027395563657,30.756968651992022,40.36666666666667,71.6,24.3,63.2,49.3,70.0,53.12777777777779,3.7523501755430266,6.48158888888889,5.1169695322159585,17.0,0.23809523809523808,19.0,0.14285714285714285,17.0,0.2727272727272727,21.0,0.13043478260869565
BO,BOL,2004,Bolivia,South America,0,1,0,,,,54.9,41.5,29.5,60.0,47.4,24.425,70.0,45.0,12.5,33.0,30.0,78.0,13.43324250681198,23.76765146733979,0.0,25.86437165077163,58.783764278392695,69.08287337662338,57.62221255167202,18.600446987075884,14.166666666666666,29.432185825385815,29.955378007700098,41.96666666666667,69.0,29.5,60.0,47.4,70.0,52.97777777777778,,,,,,,,,,,
BO,BOL,2005,Bolivia,South America,0,1,0,,,,53.8,43.8,28.10000000000001,60.7,47.7,24.425,70.0,45.0,15.099999999999994,32.599999999999994,30.0,77.0,14.604904632152582,28.40000000000001,0.0,27.735983673518447,52.25180256954119,71.84502160059427,56.365608056711814,21.502452316076294,15.033333333333331,30.16799183675922,30.767346385720167,41.9,68.85,28.10000000000001,60.7,47.7,70.0,52.875,,,,,,,,,,,
BO,BOL,2006,Bolivia,South America,0,1,0,0.939,MAS,Movement for Socialism,59.9,47.5,53.5,69.19999999999999,55.8,32.474999999999994,70.0,39.1,17.400000000000006,25.599999999999994,30.0,78.0,14.005449591280666,41.125,0.0,27.002385426808388,55.61775122187177,68.03909374481833,54.252281655563365,27.565224795640333,15.800000000000002,26.30119271340419,30.97967479115197,53.63333333333333,73.6,53.5,69.19999999999999,55.8,70.0,62.62222222222221,29.089914628891698,58.802266666666654,43.94609064777917,3.0,0.9,3.0,0.9,3.0,0.9047619047619048,2.0,0.9545454545454546
BO,BOL,2007,Bolivia,South America,0,1,0,0.939,MAS,Movement for Socialism,59.9,47.5,53.5,69.19999999999999,55.8,32.474999999999994,70.0,40.1,29.099999999999994,20.8,40.0,75.0,11.634877384196187,41.125,0.0,28.643175342653397,57.62639948448288,69.1714302966223,55.63260992703507,26.379938692098094,23.03333333333333,24.7215876713267,32.441867405948294,53.63333333333333,72.1,53.5,69.19999999999999,55.8,70.0,62.37222222222221,30.462913494185447,58.567516666666656,44.51521508042605,3.0,0.9047619047619048,4.0,0.8571428571428571,4.0,0.8636363636363636,3.0,0.9130434782608695
BO,BOL,2008,Bolivia,South America,0,1,0,0.939,MAS,Movement for Socialism,58.8,47.6,55.2,69.19999999999999,56.3,32.474999999999994,75.0,40.95839994,23.544135749999995,21.0,40.0,73.0,11.634877384196187,41.125,0.0,29.109437253572708,60.83696076486176,67.26604942254295,56.35380337580157,26.379938692098094,21.18137858333333,25.054718626786354,32.24245981950484,53.866666666666674,71.1,55.2,69.19999999999999,56.3,75.0,63.44444444444445,30.27566977051504,59.574333333333335,44.92500155192419,3.0,0.9047619047619048,4.0,0.8571428571428571,3.0,0.9090909090909091,3.0,0.9130434782608695
BO,BOL,2009,Bolivia,South America,0,1,0,0.939,MAS,Movement for Socialism,61.2,54.4,56.7,69.19999999999999,58.6,32.474999999999994,80.0,41.46035961,32.12170184,18.200000000000003,40.0,71.0,11.634877384196187,41.125,0.0,30.265364039483785,55.31944640817188,65.43250219664739,54.07076940493976,26.379938692098094,24.04056728,24.232682019741894,32.18098934919494,57.43333333333334,70.1,56.7,69.19999999999999,58.6,80.0,65.33888888888889,30.217948998894045,61.35321666666666,45.78558283278035,3.0,0.9,4.0,0.85,3.0,0.9047619047619048,3.0,0.9090909090909091
BO,BOL,2010,Bolivia,South America,0,1,0,0.9296,MAS,Movement for Socialism,63.6,61.5,58.1,70.3,63.4,42.8,90.0,42.7,36.8,23.099999999999994,50.0,70.0,11.634877384196187,41.125,0.0,30.910479984424214,56.59061582061167,71.12417483463365,56.80493021841511,26.379938692098094,28.933333333333334,27.005239992212104,34.78086055901466,61.06666666666666,70.15,58.1,70.3,63.4,90.0,68.83611111111111,32.33228797566003,63.990048888888886,48.16116843227446,3.0,0.9,4.0,0.85,3.0,0.9047619047619048,3.0,0.9090909090909091
BO,BOL,2011,Bolivia,South America,0,1,0,0.9202,MAS,Movement for Socialism,63.6,61.5,58.1,70.3,63.4,42.8,90.0,42.8,31.200000000000003,22.40000000000001,50.0,73.0,11.634877384196187,41.125,0.0,31.348564172430457,57.69731354064785,69.94177470378787,56.8130294148119,26.379938692098094,27.066666666666666,26.87428208621523,34.283479214947974,61.06666666666666,71.65,58.1,70.3,63.4,90.0,69.08611111111111,31.547657573595128,63.57303944444444,47.56034850901978,3.0,0.9047619047619048,4.0,0.8571428571428571,3.0,0.9090909090909091,3.0,0.9130434782608695
BO,BOL,2012,Bolivia,South America,0,1,0,0.9108,MAS,Movement for Socialism,63.8,62.5,58.1,70.3,64.1,42.8,90.0,43.5,27.200000000000003,25.700000000000003,50.0,72.0,11.634877384196187,43.00000000000001,0.0,31.13299500248435,57.17507229178941,74.46032429984781,58.378465530545746,27.317438692098097,25.733333333333334,28.416497501242176,34.96143376430484,61.46666666666667,71.15,58.1,70.3,64.1,90.0,69.18611111111112,31.842873872528852,63.01471000000001,47.42879193626443,3.0,0.9047619047619048,4.0,0.8571428571428571,3.0,0.9090909090909091,3.0,0.9130434782608695
BO,BOL,2013,Bolivia,South America,0,1,0,0.9014,MAS,Movement for Socialism,59.3,58.6,55.8,65.8,61.1,45.65,90.0,44.2,32.599999999999994,25.700000000000003,50.0,72.0,11.634877384196187,43.00000000000001,0.0,31.78288111176937,57.225684241211255,74.61486678658615,58.68018367593246,27.317438692098097,27.53333333333333,28.741440555884687,35.56809906431214,57.9,68.9,55.8,65.8,61.1,90.0,66.58333333333334,32.06108449657096,60.018216666666675,46.039650581618815,3.0,0.9090909090909091,4.0,0.8636363636363636,5.0,0.8260869565217391,3.0,0.9166666666666666
BO,BOL,2014,Bolivia,South America,0,1,0,0.892,MAS,Movement for Socialism,59.8,58.6,55.8,66.5,61.2,48.7,90.0,46.6,30.0,22.40000000000001,50.0,71.9,11.634877384196187,43.00000000000001,0.0,35.181068067730294,59.09594565650273,76.47392676406437,60.72329080685571,27.317438692098097,26.666666666666668,28.79053403386515,35.87448254987141,58.06666666666666,69.2,55.8,66.5,61.2,90.0,66.79444444444444,32.0000384344853,59.58064444444444,45.79034143946487,3.0,0.9090909090909091,4.0,0.8636363636363636,5.0,0.8260869565217391,3.0,0.9166666666666666
BO,BOL,2015,Bolivia,South America,0,1,0,0.8854,MAS,Movement for Socialism,59.6,58.7,57.2,68.30000000000001,62.0,48.7,90.0,46.3,30.3,22.40000000000001,60.0,66.0,11.634877384196187,43.00000000000001,0.0,33.57036247085388,59.28302001977551,78.51652698332501,61.36651566770018,27.317438692098097,30.099999999999998,27.985181235426943,36.6922838988063,58.5,67.15,57.2,68.30000000000001,62.0,90.0,67.19166666666668,32.4873481640031,59.49150166666667,45.98942491533489,3.0,0.9090909090909091,4.0,0.8636363636363636,5.0,0.8260869565217391,3.0,0.9166666666666666
BO,BOL,2016,Bolivia,South America,0,1,0,0.8788,MAS,Movement for Socialism,59.8,59.5,57.2,68.30000000000001,61.2,50.3,90.0,41.2,35.0,23.40000000000001,60.0,65.0,11.634877384196187,43.00000000000001,0.0,32.17364271574142,59.28302001977551,77.4054158722139,59.29614529732981,27.317438692098097,31.666666666666668,27.786821357870714,36.51676800349132,58.833333333333336,66.65,57.2,68.30000000000001,61.2,90.0,67.03055555555555,32.09093572146818,58.90645222222222,45.4986939718452,3.0,0.9047619047619048,3.0,0.9047619047619048,4.0,0.8636363636363636,3.0,0.9130434782608695
BO,BOL,2017,Bolivia,South America,0,1,0,0.8722,MAS,Movement for Socialism,59.8,61.1,60.9,67.60000000000001,63.5,50.3,74.3,41.1,33.599999999999994,24.0,60.0,67.4,11.634877384196187,43.00000000000001,0.0,31.71924111583725,60.26951026944444,75.42708671111112,58.93219899351852,27.317438692098097,31.2,27.859620557918625,36.32731456088381,60.6,67.5,60.9,67.60000000000001,63.5,74.3,65.73333333333333,31.684683760002862,57.332613333333335,44.5086485466681,2.0,0.9523809523809523,3.0,0.9047619047619048,3.0,0.9090909090909091,3.0,0.9130434782608695
BO,BOL,2018,Bolivia,South America,0,1,0,0.8656,MAS,Movement for Socialism,60.8,66.0,61.3,67.60000000000001,66.5,53.3,81.0,40.8,32.5,24.5,60.0,76.9,11.634877384196187,43.00000000000001,0.0,32.361997013079616,60.354923725,77.17843814027778,59.44445395509259,27.317438692098097,30.833333333333332,28.430998506539808,36.50655612176595,62.699999999999996,72.25,61.3,67.60000000000001,66.5,81.0,68.55833333333334,31.60007497900061,59.34409333333334,45.47208415616697,2.0,0.95,3.0,0.9,3.0,0.9047619047619048,3.0,0.9090909090909091
BO,BOL,2019,Bolivia,South America,0,1,0,0.859,MAS,Movement for Socialism,64.9,70.1,64.6,67.80000000000001,71.8,56.275,79.5,41.2,31.200000000000003,29.599999999999994,60.0,80.3,11.634877384196187,43.00000000000001,0.0,32.36341206459949,60.354923725,75.08121591805556,58.878713214351855,27.317438692098097,30.400000000000002,30.98170603229974,36.894464484687425,66.53333333333333,74.05000000000001,64.6,67.80000000000001,71.8,79.5,70.71388888888889,31.6923449923465,60.743230555555556,46.21778777395103,2.0,0.9444444444444444,3.0,0.8888888888888888,3.0,0.8947368421052632,4.0,0.85
BO,BOL,2020,Bolivia,South America,0,1,0,,,,60.1,66.4,30.200000000000003,64.4,62.8,46.025000000000006,79.9,41.7,30.099999999999994,32.2,60.0,76.9,11.634877384196187,43.00000000000001,0.0,38.615477738069984,60.354923725,75.33746591805556,59.130796547685186,27.317438692098097,30.03333333333333,35.40773886903499,37.972326860537905,52.23333333333333,70.65,30.200000000000003,64.4,62.8,79.9,60.030555555555544,,,,,,,,,,,
NA,BES,2000,Bonaire,Caribbean,0,0,0,,,,,,,,,,,,,,,,,,,,,,,,,,,,,,,,,,,,,,,,,,,,
NA,BES,2001,Bonaire,Caribbean,0,0,0,,,,,,,,,,,,,,,,,,,,,,,,,,,,,,,,,,,,,,,,,,,,
NA,BES,2002,Bonaire,Caribbean,0,0,0,,,,,,,,,,,,,,,,,,,,,,,,,,,,,,,,,,,,,,,,,,,,
NA,BES,2003,Bonaire,Caribbean,0,0,0,,,,,,,,,,,,,,,,,,,,,,,,,,,,,,,,,,,,,,,,,,,,
NA,BES,2004,Bonaire,Caribbean,0,0,0,,,,,,,,,,,,,,,,,,,,,,,,,,,,,,,,,,,,,,,,,,,,
NA,BES,2005,Bonaire,Caribbean,0,0,0,,,,,,,,,,,,,,,,,,,,,,,,,,,,,,,,,,,,,,,,,,,,
NA,BES,2006,Bonaire,Caribbean,0,0,0,,,,,,,,,,,,,,,,,,,,,,,,,,,,,,,,,,,,,,,,,,,,
NA,BES,2007,Bonaire,Caribbean,0,0,0,,,,,,,,,,,,,,,,,,,,,,,,,,,,,,,,,,,,,,,,,,,,
NA,BES,2008,Bonaire,Caribbean,0,0,0,,,,,,,,,,,,,,,,,,,,,,,,,,,,,,,,,,,,,,,,,,,,
NA,BES,2009,Bonaire,Caribbean,0,0,0,,,,,,,,,,,,,,,,,,,,,,,,,,,,,,,,,,,,,,,,,,,,
NA,BES,2010,Bonaire,Caribbean,0,0,0,,,,,,,,,,,,,,,,,,,,,,,,,,,,,,,,,,,,,,,,,,,,
NA,BES,2011,Bonaire,Caribbean,0,0,0,,,,,,,,,,,,,,,,,,,,,,,,,,,,,,,,,,,,,,,,,,,,
NA,BES,2012,Bonaire,Caribbean,0,0,0,,,,,,,,,,,,,,,,,,,,,,,,,,,,,,,,,,,,,,,,,,,,
NA,BES,2013,Bonaire,Caribbean,0,0,0,,,,,,,,,,,,,,,,,,,,,,,,,,,,,,,,,,,,,,,,,,,,
NA,BES,2014,Bonaire,Caribbean,0,0,0,,,,,,,,,,,,,,,,,,,,,,,,,,,,,,,,,,,,,,,,,,,,
NA,BES,2015,Bonaire,Caribbean,0,0,0,,,,,,,,,,,,,,,,,,,,,,,,,,,,,,,,,,,,,,,,,,,,
NA,BES,2016,Bonaire,Caribbean,0,0,0,,,,,,,,,,,,,,,,,,,,,,,,,,,,,,,,,,,,,,,,,,,,
NA,BES,2017,Bonaire,Caribbean,0,0,0,,,,,,,,,,,,,,,,,,,,,,,,,,,,,,,,,,,,,,,,,,,,
NA,BES,2018,Bonaire,Caribbean,0,0,0,,,,,,,,,,,,,,,,,,,,,,,,,,,,,,,,,,,,,,,,,,,,
NA,BES,2019,Bonaire,Caribbean,0,0,0,,,,,,,,,,,,,,,,,,,,,,,,,,,,,,,,,,,,,,,,,,,,
NA,BES,2020,Bonaire,Caribbean,0,0,0,,,,,,,,,,,,,,,,,,,,,,,,,,,,,,,,,,,,,,,,,,,,
NA,BVT,2000,Bouvet Island,South America,0,0,0,,,,,,,,,,,,,,,,,,,,,,,,,,,,,,,,,,,,,,,,,,,,
NA,BVT,2001,Bouvet Island,South America,0,0,0,,,,,,,,,,,,,,,,,,,,,,,,,,,,,,,,,,,,,,,,,,,,
NA,BVT,2002,Bouvet Island,South America,0,0,0,,,,,,,,,,,,,,,,,,,,,,,,,,,,,,,,,,,,,,,,,,,,
NA,BVT,2003,Bouvet Island,South America,0,0,0,,,,,,,,,,,,,,,,,,,,,,,,,,,,,,,,,,,,,,,,,,,,
NA,BVT,2004,Bouvet Island,South America,0,0,0,,,,,,,,,,,,,,,,,,,,,,,,,,,,,,,,,,,,,,,,,,,,
NA,BVT,2005,Bouvet Island,South America,0,0,0,,,,,,,,,,,,,,,,,,,,,,,,,,,,,,,,,,,,,,,,,,,,
NA,BVT,2006,Bouvet Island,South America,0,0,0,,,,,,,,,,,,,,,,,,,,,,,,,,,,,,,,,,,,,,,,,,,,
NA,BVT,2007,Bouvet Island,South America,0,0,0,,,,,,,,,,,,,,,,,,,,,,,,,,,,,,,,,,,,,,,,,,,,
NA,BVT,2008,Bouvet Island,South America,0,0,0,,,,,,,,,,,,,,,,,,,,,,,,,,,,,,,,,,,,,,,,,,,,
NA,BVT,2009,Bouvet Island,South America,0,0,0,,,,,,,,,,,,,,,,,,,,,,,,,,,,,,,,,,,,,,,,,,,,
NA,BVT,2010,Bouvet Island,South America,0,0,0,,,,,,,,,,,,,,,,,,,,,,,,,,,,,,,,,,,,,,,,,,,,
NA,BVT,2011,Bouvet Island,South America,0,0,0,,,,,,,,,,,,,,,,,,,,,,,,,,,,,,,,,,,,,,,,,,,,
NA,BVT,2012,Bouvet Island,South America,0,0,0,,,,,,,,,,,,,,,,,,,,,,,,,,,,,,,,,,,,,,,,,,,,
NA,BVT,2013,Bouvet Island,South America,0,0,0,,,,,,,,,,,,,,,,,,,,,,,,,,,,,,,,,,,,,,,,,,,,
NA,BVT,2014,Bouvet Island,South America,0,0,0,,,,,,,,,,,,,,,,,,,,,,,,,,,,,,,,,,,,,,,,,,,,
NA,BVT,2015,Bouvet Island,South America,0,0,0,,,,,,,,,,,,,,,,,,,,,,,,,,,,,,,,,,,,,,,,,,,,
NA,BVT,2016,Bouvet Island,South America,0,0,0,,,,,,,,,,,,,,,,,,,,,,,,,,,,,,,,,,,,,,,,,,,,
NA,BVT,2017,Bouvet Island,South America,0,0,0,,,,,,,,,,,,,,,,,,,,,,,,,,,,,,,,,,,,,,,,,,,,
NA,BVT,2018,Bouvet Island,South America,0,0,0,,,,,,,,,,,,,,,,,,,,,,,,,,,,,,,,,,,,,,,,,,,,
NA,BVT,2019,Bouvet Island,South America,0,0,0,,,,,,,,,,,,,,,,,,,,,,,,,,,,,,,,,,,,,,,,,,,,
NA,BVT,2020,Bouvet Island,South America,0,0,0,,,,,,,,,,,,,,,,,,,,,,,,,,,,,,,,,,,,,,,,,,,,
BR,BRA,2000,Brazil,South America,0,0,0,0.2175,PSDB,Brazilian Social Democracy Party,24.3,13.400000000000006,16.60000000000001,46.0,24.8,12.299999999999995,50.0,30.0,19.5,49.0,50.0,60.0,40.409054676609614,26.10000000000001,100.0,33.016149194218144,58.0684598836481,43.6399,43.9027866278827,33.25452733830481,56.5,41.00807459710907,43.66634714082414,18.100000000000005,53.0,16.60000000000001,46.0,24.8,50.0,34.75000000000001,9.497430503129252,7.558125000000001,8.527777751564626,13.0,0.4,10.0,0.55,15.0,0.3333333333333333,17.0,0.2727272727272727
BR,BRA,2001,Brazil,South America,0,0,0,0.22075,PSDB,Brazilian Social Democracy Party,24.3,13.400000000000006,16.60000000000001,46.0,24.8,12.299999999999995,50.0,30.0,18.700000000000003,43.0,50.0,59.0,40.409054676609614,26.10000000000001,100.0,30.52806010416819,58.39146419142224,58.65856492519379,49.016676372205346,33.25452733830481,56.23333333333333,36.764030052084095,43.81714177398189,18.100000000000005,52.5,16.60000000000001,46.0,24.8,50.0,34.66666666666667,9.672634046606502,7.652666666666668,8.662650356636584,12.0,0.45,11.0,0.5,13.0,0.42857142857142855,17.0,0.2727272727272727
BR,BRA,2002,Brazil,South America,0,0,0,0.224,PSDB,Brazilian Social Democracy Party,25.8,13.400000000000006,16.60000000000001,52.900000000000006,25.0,16.60000000000001,50.0,30.0,20.700000000000003,42.0,50.0,61.0,16.626702997275203,26.10000000000001,50.0,25.85384932716421,61.20622655031477,59.46875,50.22499218343825,21.363351498637606,40.233333333333334,33.926924663582106,36.43715041974782,18.600000000000005,56.95,16.60000000000001,52.900000000000006,25.0,50.0,36.675000000000004,8.161921694023512,8.215200000000001,8.188560847011757,12.0,0.47619047619047616,14.0,0.38095238095238093,12.0,0.5,17.0,0.30434782608695654
BR,BRA,2003,Brazil,South America,0,0,0,0.6787500000000001,PT,Workers' Party,25.8,13.400000000000006,14.200000000000005,52.900000000000006,24.5,16.60000000000001,50.0,30.0,21.40000000000001,41.0,50.0,60.0,18.820163487738427,26.10000000000001,50.0,27.76023324367625,61.44432178841,64.46875,51.97102392947,22.460081743869218,40.46666666666667,34.38011662183813,37.319472240461,17.8,56.45,14.200000000000005,52.900000000000006,24.5,50.0,35.975,25.33059178321291,24.418031250000002,24.874311516606454,6.0,0.7619047619047619,5.0,0.8095238095238095,8.0,0.6818181818181818,6.0,0.782608695652174
BR,BRA,2004,Brazil,South America,0,0,0,0.6765000000000001,PT,Workers' Party,25.8,13.400000000000006,14.200000000000005,52.900000000000006,24.5,16.60000000000001,50.0,30.0,22.8,37.2,50.0,60.0,19.46049046321525,29.442467374151175,50.0,27.01929028810855,61.41159779834004,63.46856962481962,51.626722474386554,24.451478918683215,40.93333333333333,32.10964514405428,37.280294967614346,17.8,56.45,14.200000000000005,52.900000000000006,24.5,50.0,35.975,25.220119545591107,24.337087500000006,24.778603522795557,5.0,0.8,5.0,0.8,7.0,0.7142857142857143,6.0,0.7727272727272727
BR,BRA,2005,Brazil,South America,0,0,0,0.67425,PT,Workers' Party,20.19999999999999,6.899999999999992,9.700000000000005,55.7,18.4,9.850000000000009,50.0,30.0,27.3,34.8,50.0,61.0,10.19073569482289,26.10000000000001,50.0,25.762894639228463,54.98235566522879,64.15905128085265,49.71380231536048,18.14536784741145,42.43333333333333,30.28144731961423,35.14348770392988,12.26666666666666,58.35,9.700000000000005,55.7,18.4,50.0,34.06944444444444,23.69549658437472,22.971322916666665,23.333409750520694,3.0,0.8888888888888888,4.0,0.8421052631578947,4.0,0.8421052631578947,5.0,0.8095238095238095
BR,BRA,2006,Brazil,South America,0,0,0,0.672,PT,Workers' Party,20.099999999999994,6.899999999999992,10.200000000000005,55.400000000000006,18.4,9.850000000000009,50.0,46.5,23.700000000000003,31.0,50.0,61.0,21.634877384196187,26.10000000000001,50.0,21.83555154902793,51.52726238589335,70.27717307350802,56.10147848646712,23.867438692098098,41.233333333333334,26.417775774513963,36.90500657160313,12.399999999999997,58.2,10.200000000000005,55.400000000000006,18.4,50.0,34.1,24.800164416117305,22.915200000000002,23.857682208058655,5.0,0.8,5.0,0.8,7.0,0.7142857142857143,6.0,0.7727272727272727
BR,BRA,2007,Brazil,South America,0,0,0,0.6645000000000001,PT,Workers' Party,20.099999999999994,6.899999999999992,10.200000000000005,55.400000000000006,18.2,9.850000000000009,50.0,45.8,27.40000000000001,30.200000000000003,60.0,63.0,21.87891691216211,26.10000000000001,50.0,23.67479718237408,51.226997765900094,70.20935193867908,55.74544990152639,23.98945845608106,45.800000000000004,26.93739859118704,38.11807673719863,12.399999999999997,59.2,10.200000000000005,55.400000000000006,18.2,50.0,34.23333333333333,25.32946199186849,22.74805,24.038755995934245,7.0,0.7142857142857143,6.0,0.7619047619047619,9.0,0.6363636363636364,8.0,0.6956521739130435
BR,BRA,2008,Brazil,South America,0,0,0,0.657,PT,Workers' Party,20.099999999999994,6.899999999999992,10.200000000000005,55.400000000000006,18.2,9.850000000000009,50.0,45.95528166,24.262657680000004,29.200000000000003,60.0,67.0,20.52433578850588,26.10000000000001,50.0,24.10197254821045,53.12339141176502,70.30433431864047,56.4610024634685,23.312167894252944,44.75421922666667,26.65098627410523,37.79459396462334,12.399999999999997,61.2,10.200000000000005,55.400000000000006,18.2,50.0,34.56666666666666,24.831048234757535,22.7103,23.770674117378768,8.0,0.6666666666666666,7.0,0.7142857142857143,9.0,0.6363636363636364,10.0,0.6086956521739131
BR,BRA,2009,Brazil,South America,0,0,0,0.6495,PT,Workers' Party,20.099999999999994,6.899999999999992,10.200000000000005,55.400000000000006,18.2,9.850000000000009,50.0,45.61948643,22.765269739999997,28.40000000000001,50.0,65.0,22.510790015701133,26.10000000000001,50.0,24.79961858952025,49.73067582232177,69.99202709576453,55.114063116028774,24.30539500785057,40.92175658,26.599809294760128,36.73525599965986,12.399999999999997,60.2,10.200000000000005,55.400000000000006,18.2,50.0,34.4,23.859548771779078,22.342799999999997,23.101174385889536,9.0,0.6,7.0,0.7,10.0,0.5714285714285714,11.0,0.5454545454545454
BR,BRA,2010,Brazil,South America,0,0,0,0.642,PT,Workers' Party,20.099999999999994,6.899999999999992,9.399999999999991,55.400000000000006,18.3,8.049999999999997,50.0,45.5,24.200000000000003,30.8,50.0,65.0,27.39258233175592,26.10000000000001,50.0,23.919197706936856,50.496521807935736,62.97070371255043,52.989075173495394,26.746291165877963,41.4,27.359598853468427,37.12374129821045,12.133333333333326,60.2,9.399999999999991,55.400000000000006,18.3,50.0,34.23888888888889,23.833441913451107,21.981366666666666,22.907404290058885,10.0,0.55,7.0,0.7,10.0,0.5714285714285714,12.0,0.5
BR,BRA,2011,Brazil,South America,0,0,0,0.6535,PT,Workers' Party,20.19999999999999,6.899999999999992,8.899999999999991,55.1,18.2,8.049999999999997,50.0,45.7,24.099999999999994,30.200000000000003,50.0,63.0,27.90586589257495,26.10000000000001,50.0,24.28079015465769,48.85974296946885,63.08589500530303,52.54854599159063,27.00293294628748,41.36666666666667,27.24039507732885,37.03963517046841,11.999999999999991,59.05,8.899999999999991,55.1,18.2,50.0,33.87499999999999,24.205401583901104,22.137312499999993,23.17135704195055,10.0,0.5714285714285714,7.0,0.7142857142857143,10.0,0.5909090909090909,12.0,0.5217391304347826
BR,BRA,2012,Brazil,South America,0,0,0,0.665,PT,Workers' Party,20.3,7.299999999999997,8.899999999999991,55.1,17.9,9.225000000000009,50.0,46.3,24.200000000000003,30.3,40.0,63.0,36.76152069610588,26.10000000000001,50.0,24.54000402567561,49.05142882943722,65.7050936381973,53.68550748921151,31.430760348052946,38.06666666666667,27.420002012837806,37.65073412919224,12.166666666666663,59.05,8.899999999999991,55.1,17.9,50.0,33.852777777777774,25.03773819591284,22.51209722222222,23.77491770906753,9.0,0.6190476190476191,7.0,0.7142857142857143,10.0,0.5909090909090909,12.0,0.5217391304347826
BR,BRA,2013,Brazil,South America,0,0,0,0.6765,PT,Workers' Party,20.5,6.899999999999992,6.599999999999994,55.1,16.900000000000002,2.4000000000000057,50.0,47.0,25.599999999999994,30.3,40.0,62.0,33.086204913910564,26.10000000000001,50.0,25.12502689766214,49.86783141498981,66.09720925961281,54.32168022486754,29.593102456955286,38.53333333333333,27.712513448831068,37.540157365996805,11.333333333333329,58.55,6.599999999999994,55.1,16.900000000000002,50.0,33.080555555555556,25.39591645809684,22.378995833333335,23.887456145715085,10.0,0.5909090909090909,7.0,0.7272727272727273,11.0,0.5652173913043478,11.0,0.5833333333333334
BR,BRA,2014,Brazil,South America,0,0,0,0.688,PT,Workers' Party,20.8,7.299999999999997,6.599999999999994,55.1,17.5,4.299999999999997,50.0,46.2,30.099999999999994,30.700000000000003,40.0,62.1,36.488640615889096,26.10000000000001,50.0,27.528373829215283,49.2085980631999,66.94862663500136,54.119074899400424,31.294320307944552,40.03333333333333,29.114186914607643,38.64022886382149,11.566666666666663,58.6,6.599999999999994,55.1,17.5,50.0,33.227777777777774,26.584477458309184,22.860711111111108,24.722594284710148,8.0,0.6818181818181818,7.0,0.7272727272727273,11.0,0.5652173913043478,10.0,0.625
BR,BRA,2015,Brazil,South America,0,0,0,0.7102499999999999,PT,Workers' Party,21.0,7.599999999999994,6.699999999999989,55.1,18.4,4.299999999999997,50.0,46.4,30.599999999999994,30.40000000000001,40.0,58.0,42.136256128065845,26.10000000000001,50.0,29.920477673962296,49.56990867299155,66.44804256482003,54.13931707927052,34.11812806403293,40.199999999999996,30.16023883698115,39.65442099507115,11.76666666666666,56.55,6.699999999999989,55.1,18.4,50.0,33.08611111111111,28.16455251174928,23.499410416666663,25.83198146420797,7.0,0.7272727272727273,7.0,0.7272727272727273,10.0,0.6086956521739131,10.0,0.625
BR,BRA,2016,Brazil,South America,0,0,0,0.7324999999999999,PT,Workers' Party,27.60000000000001,13.099999999999994,18.200000000000003,62.3,28.2,23.474999999999994,55.0,38.6,35.8,30.599999999999994,50.0,57.0,46.294277929155314,18.224999999999994,0.0,28.89626832497042,49.50140503386252,65.71205797222223,51.27115433536159,32.259638964577654,28.599999999999998,29.748134162485208,35.46973186560611,19.633333333333336,59.65,18.200000000000003,62.3,28.2,55.0,40.49722222222222,25.98157859155647,29.664215277777775,27.82289693466712,5.0,0.8095238095238095,5.0,0.8095238095238095,6.0,0.7727272727272727,7.0,0.7391304347826086
BR,BRA,2017,Brazil,South America,0,0,0,0.22025,PMDB,Partido do Movimento Democrático Brasileiro,27.90000000000001,11.400000000000006,20.599999999999994,62.1,28.7,29.60000000000001,45.0,38.7,33.0,30.599999999999994,50.0,66.6,47.84741144414168,18.224999999999994,0.0,26.826306970973533,49.01682129948361,65.00948402083333,50.90876844010565,33.03620572207083,27.666666666666668,28.713153485486764,35.08119857858248,19.96666666666667,64.35,20.599999999999994,62.1,28.7,45.0,40.11944444444444,7.726633986932791,8.836307638888888,8.28147081291084,12.0,0.47619047619047616,13.0,0.42857142857142855,14.0,0.4090909090909091,15.0,0.391304347826087
BR,BRA,2018,Brazil,South America,0,0,0,0.215,PMDB,Partido do Movimento Democrático Brasileiro,29.3,13.5,20.599999999999994,62.1,30.2,36.525,44.2,41.4,28.599999999999994,31.5,50.0,68.6,48.400639137770575,18.224999999999994,0.0,26.83321614317508,48.59880995186457,66.34649085277778,52.115100268214114,33.31281956888529,26.2,29.16660807158754,35.198631977171736,21.13333333333333,65.35,20.599999999999994,62.1,30.2,44.2,40.59722222222222,7.5677058750919235,8.728402777777777,8.14805432643485,12.0,0.45,11.0,0.5,13.0,0.42857142857142855,14.0,0.4090909090909091
BR,BRA,2019,Brazil,South America,0,0,0,,,,36.4,18.30000000000001,23.5,67.4,35.7,43.85,42.7,42.1,24.5,31.0,50.0,71.9,48.4741144414169,18.224999999999994,0.0,26.59486610033096,48.59880995186457,65.47774085277777,52.058850268214115,33.34955722070845,24.833333333333332,28.79743305016548,34.75979346810534,26.066666666666674,69.65,23.5,67.4,35.7,42.7,44.169444444444444,,,,,,,,,,,
BR,BRA,2020,Brazil,South America,0,0,0,,,,36.1,19.39999999999999,23.5,67.10000000000001,35.0,48.95,42.7,39.5,22.8,32.2,50.0,54.4,62.752043596730246,18.224999999999994,0.0,32.762279520994895,48.59880995186457,65.47774085277777,51.19218360154745,40.48852179836512,24.266666666666666,32.48113976049745,37.10712795676917,26.333333333333332,60.75,23.5,67.10000000000001,35.0,42.7,42.56388888888889,,,,,,,,,,,
NA,VGB,2000,British Virgin Islands,Caribbean,0,0,1,,,,,,,,,,,,,,,,,,,,,,,,,,,,,,,,,,,,,,,,,,,,
NA,VGB,2001,British Virgin Islands,Caribbean,0,0,1,,,,,,,,,,,,,,,,,,,,,,,,,,,,,,,,,,,,,,,,,,,,
NA,VGB,2002,British Virgin Islands,Caribbean,0,0,1,,,,,,,,,,,,,,,,,,,,,,,,,,,,,,,,,,,,,,,,,,,,
NA,VGB,2003,British Virgin Islands,Caribbean,0,0,1,,,,,,,,,,,,,,,,,,,,,,,,,,,,,,,,,,,,,,,,,,,,
NA,VGB,2004,British Virgin Islands,Caribbean,0,0,1,,,,,,,,,,,,,,,,,,,,,,,,,,,,,,,,,,,,,,,,,,,,
NA,VGB,2005,British Virgin Islands,Caribbean,0,0,1,,,,,,,,,,,,,,,,,,,,,,,,,,,,,,,,,,,,,,,,,,,,
NA,VGB,2006,British Virgin Islands,Caribbean,0,0,1,,,,,,,,,,,,,,,,,,,,,,,,,,,,,,,,,,,,,,,,,,,,
NA,VGB,2007,British Virgin Islands,Caribbean,0,0,1,,,,,,,,,,,,,,,,,,,,,,,,,,,,,,,,,,,,,,,,,,,,
NA,VGB,2008,British Virgin Islands,Caribbean,0,0,1,,,,,,,,,,,,,,,,,,,,,,,,,,,,,,,,,,,,,,,,,,,,
NA,VGB,2009,British Virgin Islands,Caribbean,0,0,1,,,,,,,,,,,,,,,,,,,,,,,,,,,,,,,,,,,,,,,,,,,,
NA,VGB,2010,British Virgin Islands,Caribbean,0,0,1,,,,,,,,,,,,,,,,,,,,,,,,,,,,,,,,,,,,,,,,,,,,
NA,VGB,2011,British Virgin Islands,Caribbean,0,0,1,,,,,,,,,,,,,,,,,,,,,,,,,,,,,,,,,,,,,,,,,,,,
NA,VGB,2012,British Virgin Islands,Caribbean,0,0,1,,,,,,,,,,,,,,,,,,,,,,,,,,,,,,,,,,,,,,,,,,,,
NA,VGB,2013,British Virgin Islands,Caribbean,0,0,1,,,,,,,,,,,,,,,,,,,,,,,,,,,,,,,,,,,,,,,,,,,,
NA,VGB,2014,British Virgin Islands,Caribbean,0,0,1,,,,,,,,,,,,,,,,,,,,,,,,,,,,,,,,,,,,,,,,,,,,
NA,VGB,2015,British Virgin Islands,Caribbean,0,0,1,,,,,,,,,,,,,,,,,,,,,,,,,,,,,,,,,,,,,,,,,,,,
NA,VGB,2016,British Virgin Islands,Caribbean,0,0,1,,,,,,,,,,,,,,,,,,,,,,,,,,,,,,,,,,,,,,,,,,,,
NA,VGB,2017,British Virgin Islands,Caribbean,0,0,1,,,,,,,,,,,,,,,,,,,,,,,,,,,,,,,,,,,,,,,,,,,,
NA,VGB,2018,British Virgin Islands,Caribbean,0,0,1,,,,,,,,,,,,,,,,,,,,,,,,,,,,,,,,,,,,,,,,,,,,
NA,VGB,2019,British Virgin Islands,Caribbean,0,0,1,,,,,,,,,,,,,,,,,,,,,,,,,,,,,,,,,,,,,,,,,,,,
NA,VGB,2020,British Virgin Islands,Caribbean,0,0,1,,,,,,,,,,,,,,,,,,,,,,,,,,,,,,,,,,,,,,,,,,,,
NA,CYM,2000,Cayman Islands,Caribbean,0,0,0,,,,,,,,,,,,,,,,,,,,,,,,,,,,,,,,,,,,,,,,,,,,
NA,CYM,2001,Cayman Islands,Caribbean,0,0,0,,,,,,,,,,,,,,,,,,,,,,,,,,,,,,,,,,,,,,,,,,,,
NA,CYM,2002,Cayman Islands,Caribbean,0,0,0,,,,,,,,,,,,,,,,,,,,,,,,,,,,,,,,,,,,,,,,,,,,
NA,CYM,2003,Cayman Islands,Caribbean,0,0,0,,,,,,,,,,,,,,,,,,,,,,,,,,,,,,,,,,,,,,,,,,,,
NA,CYM,2004,Cayman Islands,Caribbean,0,0,0,,,,,,,,,,,,,,,,,,,,,,,,,,,,,,,,,,,,,,,,,,,,
NA,CYM,2005,Cayman Islands,Caribbean,0,0,0,,,,,,,,,,,,,,,,,,,,,,,,,,,,,,,,,,,,,,,,,,,,
NA,CYM,2006,Cayman Islands,Caribbean,0,0,0,,,,,,,,,,,,,,,,,,,,,,,,,,,,,,,,,,,,,,,,,,,,
NA,CYM,2007,Cayman Islands,Caribbean,0,0,0,,,,,,,,,,,,,,,,,,,,,,,,,,,,,,,,,,,,,,,,,,,,
NA,CYM,2008,Cayman Islands,Caribbean,0,0,0,,,,,,,,,,,,,,,,,,,,,,,,,,,,,,,,,,,,,,,,,,,,
NA,CYM,2009,Cayman Islands,Caribbean,0,0,0,,,,,,,,,,,,,,,,,,,,,,,,,,,,,,,,,,,,,,,,,,,,
NA,CYM,2010,Cayman Islands,Caribbean,0,0,0,,,,,,,,,,,,,,,,,,,,,,,,,,,,,,,,,,,,,,,,,,,,
NA,CYM,2011,Cayman Islands,Caribbean,0,0,0,,,,,,,,,,,,,,,,,,,,,,,,,,,,,,,,,,,,,,,,,,,,
NA,CYM,2012,Cayman Islands,Caribbean,0,0,0,,,,,,,,,,,,,,,,,,,,,,,,,,,,,,,,,,,,,,,,,,,,
NA,CYM,2013,Cayman Islands,Caribbean,0,0,0,,,,,,,,,,,,,,,,,,,,,,,,,,,,,,,,,,,,,,,,,,,,
NA,CYM,2014,Cayman Islands,Caribbean,0,0,0,,,,,,,,,,,,,,,,,,,,,,,,,,,,,,,,,,,,,,,,,,,,
NA,CYM,2015,Cayman Islands,Caribbean,0,0,0,,,,,,,,,,,,,,,,,,,,,,,,,,,,,,,,,,,,,,,,,,,,
NA,CYM,2016,Cayman Islands,Caribbean,0,0,0,,,,,,,,,,,,,,,,,,,,,,,,,,,,,,,,,,,,,,,,,,,,
NA,CYM,2017,Cayman Islands,Caribbean,0,0,0,,,,,,,,,,,,,,,,,,,,,,,,,,,,,,,,,,,,,,,,,,,,
NA,CYM,2018,Cayman Islands,Caribbean,0,0,0,,,,,,,,,,,,,,,,,,,,,,,,,,,,,,,,,,,,,,,,,,,,
NA,CYM,2019,Cayman Islands,Caribbean,0,0,0,,,,,,,,,,,,,,,,,,,,,,,,,,,,,,,,,,,,,,,,,,,,
NA,CYM,2020,Cayman Islands,Caribbean,0,0,0,,,,,,,,,,,,,,,,,,,,,,,,,,,,,,,,,,,,,,,,,,,,
CL,CHL,2000,Chile,South America,0,0,0,0.311,PPD,Party for Democracy,3.9000000000000057,5.200000000000003,5.700000000000003,3.0,4.6,6.200000000000003,10.0,15.0,19.90000000000001,29.599999999999994,50.0,32.0,35.214929006625965,17.849999999999994,0.0,19.94053285930809,37.927056966530095,27.51666242495628,26.81457313049546,26.53246450331298,23.3,24.770266429654043,25.35432601586562,4.933333333333337,17.5,5.700000000000003,3.0,4.6,10.0,7.622222222222224,7.885195390934208,2.3705111111111115,5.1278532510226595,17.0,0.2,11.0,0.5,20.0,0.09523809523809523,11.0,0.5454545454545454
CL,CHL,2001,Chile,South America,0,0,0,0.311,PPD,Party for Democracy,3.9000000000000057,5.200000000000003,5.700000000000003,3.0,4.6,6.200000000000003,10.0,15.0,17.599999999999994,28.40000000000001,50.0,31.0,34.879519249533786,17.849999999999994,0.0,9.559523350706373,39.102161170689776,42.21360932761282,32.10525683276753,26.36475962476689,22.53333333333333,18.979761675353192,24.995777866555237,4.933333333333337,17.0,5.700000000000003,3.0,4.6,10.0,7.5388888888888905,7.773686916498678,2.344594444444445,5.059140680471562,17.0,0.2,13.0,0.4,20.0,0.09523809523809523,11.0,0.5454545454545454
CL,CHL,2002,Chile,South America,0,0,0,0.311,PPD,Party for Democracy,3.9000000000000057,5.200000000000003,5.700000000000003,3.0,4.6,6.200000000000003,10.0,15.0,17.299999999999997,28.599999999999994,30.0,26.0,34.879519249533786,17.849999999999994,0.0,8.942350469168915,33.92434744272056,42.05393742495627,30.326094955892273,26.36475962476689,15.766666666666666,18.771175234584454,22.80717412047757,4.933333333333337,14.5,5.700000000000003,3.0,4.6,10.0,7.122222222222224,7.093031151468524,2.2150111111111115,4.654021131289817,18.0,0.19047619047619047,15.0,0.3333333333333333,21.0,0.09090909090909091,13.0,0.4782608695652174
CL,CHL,2003,Chile,South America,0,0,0,0.311,PPD,Party for Democracy,3.9000000000000057,5.200000000000003,5.700000000000003,3.0,4.6,6.200000000000003,10.0,30.0,17.0,31.0,30.0,25.0,27.057220708446863,17.849999999999994,0.0,7.6579628281780145,33.44815696653009,38.92893742495627,34.12569813049546,22.45361035422343,15.666666666666666,19.328981414089007,22.89373914136864,4.933333333333337,14.0,5.700000000000003,3.0,4.6,10.0,7.0388888888888905,7.119952872965648,2.189094444444445,4.654523658705046,19.0,0.14285714285714285,15.0,0.3333333333333333,21.0,0.09090909090909091,15.0,0.391304347826087
CL,CHL,2004,Chile,South America,0,0,0,0.311,PPD,Party for Democracy,3.9000000000000057,5.200000000000003,5.700000000000003,3.0,4.6,6.200000000000003,10.0,30.0,15.799999999999995,27.0,30.0,25.0,24.65940054495914,15.452951648682188,0.0,9.965170042192597,33.36489666854585,36.342567452833606,33.23582137379315,20.056176096820664,15.266666666666666,18.4825850210963,21.760312289594196,4.933333333333337,14.0,5.700000000000003,3.0,4.6,10.0,7.0388888888888905,6.767457122063795,2.189094444444445,4.47827578325412,18.0,0.15,14.0,0.35,20.0,0.09523809523809523,14.0,0.4090909090909091
CL,CHL,2005,Chile,South America,0,0,0,0.479,PS,Socialist Party of Chile,3.9000000000000057,5.200000000000003,2.799999999999997,3.0,4.0,6.200000000000003,10.0,30.0,15.599999999999994,20.8,30.0,26.0,24.032697547683924,17.849999999999994,0.0,13.00985010858183,29.14871842967544,40.32969547506029,33.15947130157858,20.94134877384196,15.199999999999998,16.904925054290914,21.55143628242786,3.9666666666666686,14.5,2.799999999999997,3.0,4.0,10.0,6.377777777777777,10.323137979282945,3.0549555555555554,6.68904676741925,14.0,0.2777777777777778,11.0,0.47368421052631576,19.0,0.05263157894736842,10.0,0.5714285714285714
CL,CHL,2006,Chile,South America,0,0,0,0.479,PS,Socialist Party of Chile,3.9000000000000057,5.200000000000003,2.4000000000000057,3.0,3.8,4.625,10.0,31.90000000000001,13.099999999999994,22.40000000000001,30.0,26.0,22.016348773841955,17.849999999999994,0.0,10.571892163930826,31.80427281507465,40.12647591827314,34.610249577782604,19.933174386920975,14.366666666666665,16.485946081965416,21.349009178333915,3.833333333333338,14.5,2.4000000000000057,3.0,3.8,10.0,6.255555555555557,10.226175396421946,2.996411111111112,6.6112932537665285,17.0,0.2,11.0,0.5,21.0,0.047619047619047616,10.0,0.5909090909090909
CL,CHL,2007,Chile,South America,0,0,0,0.479,PS,Socialist Party of Chile,3.9000000000000057,5.200000000000003,1.7000000000000028,3.0,3.6,4.625,10.0,31.8,20.200000000000003,17.599999999999994,30.0,27.0,22.47956403269754,17.849999999999994,0.0,9.76450276823364,32.56665120121015,40.81353260209761,35.06006126776925,20.164782016348767,16.733333333333334,13.682251384116817,21.410107000392046,3.6000000000000036,15.0,1.7000000000000028,3.0,3.6,10.0,6.150000000000001,10.25544125318779,2.9458500000000005,6.600645626593895,18.0,0.19047619047619047,12.0,0.47619047619047616,22.0,0.045454545454545456,11.0,0.5652173913043478
CL,CHL,2008,Chile,South America,0,0,0,0.479,PS,Socialist Party of Chile,3.9000000000000057,5.200000000000003,1.7000000000000028,3.0,3.6,4.625,10.0,32.17685371,21.18013327,17.799999999999997,30.0,27.0,26.566757493188007,17.849999999999994,0.0,9.14153703806599,34.08660355944137,41.24888548895232,35.837447586131226,22.208378746594,17.060044423333334,13.470768519032994,22.14415981877289,3.6000000000000036,15.0,1.7000000000000028,3.0,3.6,10.0,6.150000000000001,10.607052553192215,2.9458500000000005,6.776451276596108,18.0,0.19047619047619047,13.0,0.42857142857142855,22.0,0.045454545454545456,13.0,0.4782608695652174
CL,CHL,2009,Chile,South America,0,0,0,0.479,PS,Socialist Party of Chile,3.9000000000000057,5.200000000000003,1.7000000000000028,3.0,3.6,4.625,10.0,33.7200196,22.70431327,14.200000000000005,30.0,30.0,24.87738419618529,17.849999999999994,0.0,12.122984103186385,34.20199424984169,41.13639187617308,36.35280190867159,21.363692098092642,17.568104423333335,13.161492051593195,22.11152262042269,3.6000000000000036,16.5,1.7000000000000028,3.0,3.6,10.0,6.400000000000001,10.591419335182469,3.0656000000000003,6.828509667591234,18.0,0.15,13.0,0.4,21.0,0.047619047619047616,14.0,0.4090909090909091
CL,CHL,2010,Chile,South America,0,0,0,0.102,RN,National Renewal,3.6000000000000085,4.400000000000006,1.7000000000000028,4.5,3.6,4.625,15.0,35.2,27.0,12.0,30.0,31.0,20.972752043596728,17.849999999999994,0.0,12.795883896838347,30.557811453748,32.364431414128234,32.70741428929208,19.41137602179836,19.0,12.397941948419174,20.879183064877402,3.233333333333339,17.75,1.7000000000000028,4.5,3.6,15.0,7.630555555555557,2.129676672617495,0.7783166666666668,1.453996669642081,20.0,0.05,20.0,0.05,21.0,0.047619047619047616,22.0,0.045454545454545456
CL,CHL,2011,Chile,South America,0,0,0,0.1159999999999999,RN,National Renewal,3.6000000000000085,4.400000000000006,1.7000000000000028,4.5,3.6,4.625,15.0,32.8,22.099999999999994,12.0,30.0,33.0,19.564032697547677,17.849999999999994,0.0,13.911698052445075,36.680278270189824,30.552993162751548,33.34442381098045,18.707016348773834,17.366666666666664,12.955849026222538,20.593488963160873,3.233333333333339,18.75,1.7000000000000028,4.5,3.6,15.0,7.797222222222224,2.388844719726659,0.9044777777777772,1.646661248752218,21.0,0.047619047619047616,21.0,0.047619047619047616,22.0,0.045454545454545456,21.0,0.13043478260869565
CL,CHL,2012,Chile,South America,0,0,0,0.13,RN,National Renewal,3.6000000000000085,4.400000000000006,1.7000000000000028,4.5,3.5000000000000004,4.625,10.0,31.40000000000001,14.400000000000006,18.0,30.0,28.0,19.882454174902108,17.849999999999994,0.0,16.071693340629082,45.84319372720777,29.16409300025157,35.469095575819786,18.86622708745105,14.800000000000002,17.03584667031454,21.542792333396346,3.233333333333339,16.25,1.7000000000000028,4.5,3.5000000000000004,10.0,6.530555555555556,2.800563003341525,0.8489722222222224,1.8247676127818737,21.0,0.047619047619047616,20.0,0.09523809523809523,22.0,0.045454545454545456,22.0,0.08695652173913043
CL,CHL,2013,Chile,South America,0,0,0,0.144,RN,National Renewal,3.9000000000000057,2.9000000000000057,2.799999999999997,6.4,3.5000000000000004,4.625,10.0,29.5,15.400000000000006,18.0,30.0,28.0,18.862893224088737,15.974999999999994,0.0,16.165845119532435,45.50698482841209,30.52962370551521,35.178869511309095,17.418946612044365,15.133333333333335,17.082922559766217,21.203518004113253,3.200000000000003,17.2,2.799999999999997,6.4,3.5000000000000004,10.0,7.183333333333334,3.053306592592308,1.0344,2.043853296296154,22.0,0.045454545454545456,20.0,0.13636363636363635,23.0,0.043478260869565216,21.0,0.16666666666666666
CL,CHL,2014,Chile,South America,0,0,0,0.5045,PS,Socialist Party of Chile,4.0,2.799999999999997,2.299999999999997,7.399999999999999,3.7,4.625,10.0,30.700000000000003,15.900000000000006,18.0,30.0,27.700000000000003,20.747507576252502,15.974999999999994,0.0,12.09326127530116,45.3097890055146,31.95560624465969,35.98846508339143,18.36125378812625,15.300000000000002,15.04663063765058,21.174087377292064,3.0333333333333314,17.55,2.299999999999997,7.399999999999999,3.7,10.0,7.330555555555555,10.682327081843844,3.698265277777777,7.190296179810811,19.0,0.18181818181818182,17.0,0.2727272727272727,23.0,0.043478260869565216,15.0,0.4166666666666667
CL,CHL,2015,Chile,South America,0,0,0,0.502,PS,Socialist Party of Chile,4.6000000000000085,3.200000000000003,2.200000000000003,10.0,4.0,7.525000000000006,10.0,30.700000000000003,14.400000000000006,18.0,30.0,29.0,21.08358226505807,15.974999999999994,0.0,14.099690590036602,44.40979282898376,33.95409274370036,36.35462852422804,18.529291132529032,14.800000000000002,16.0498452950183,21.433441237943843,3.333333333333338,19.5,2.200000000000003,10.0,4.0,10.0,8.172222222222224,10.75958750144781,4.102455555555556,7.431021528501683,19.0,0.18181818181818182,15.0,0.36363636363636365,22.0,0.08695652173913043,13.0,0.5
CL,CHL,2016,Chile,South America,0,0,0,0.4995,PS,Socialist Party of Chile,4.6000000000000085,3.200000000000003,2.200000000000003,10.0,3.9,7.525000000000006,15.0,27.90000000000001,17.099999999999994,13.599999999999994,30.0,27.0,21.55313351498637,15.974999999999994,0.0,13.482576586125193,44.40862582737503,35.28707214747378,35.86523265828294,18.764066757493183,15.699999999999998,13.541288293062593,20.967646927209678,3.333333333333338,18.5,2.200000000000003,10.0,3.9,15.0,8.822222222222225,10.473339640141234,4.406700000000002,7.440019820070617,16.0,0.2857142857142857,13.0,0.42857142857142855,21.0,0.09090909090909091,11.0,0.5652173913043478
CL,CHL,2017,Chile,South America,0,0,0,0.497,PS,Socialist Party of Chile,4.6000000000000085,3.200000000000003,2.1000000000000085,10.0,3.8,7.525000000000006,31.8,27.700000000000003,17.799999999999997,13.599999999999994,30.0,29.5,15.040871934604908,15.974999999999994,0.0,13.424989778055604,45.31210428808973,36.40936565906202,36.47382331571725,15.507935967302451,15.933333333333332,13.5124948890278,20.35689687634521,3.3000000000000065,19.75,2.1000000000000085,10.0,3.8,31.8,11.79166666666667,10.11737774754357,5.860458333333335,7.9889180404384526,13.0,0.42857142857142855,11.0,0.5238095238095238,19.0,0.18181818181818182,9.0,0.6521739130434783
CL,CHL,2018,Chile,South America,0,0,0,0.152,RN,National Renewal,5.0,8.0,2.1000000000000085,5.1,4.5,5.25,32.099999999999994,27.599999999999994,17.599999999999994,11.299999999999995,30.0,38.8,15.071945737801087,15.974999999999994,0.0,13.944839912252547,45.99059946904211,34.9031576430898,36.164585704043965,15.52347286890054,15.866666666666665,12.622419956126272,20.04428629893436,5.033333333333336,21.95,2.1000000000000085,5.1,4.5,32.099999999999994,11.797222222222222,3.0467315174380225,1.7931777777777778,2.4199546476079004,20.0,0.05,19.0,0.1,21.0,0.047619047619047616,18.0,0.22727272727272727
CL,CHL,2019,Chile,South America,0,0,0,0.152,RN,National Renewal,5.5,6.799999999999997,1.7000000000000028,4.5,4.2,17.575000000000003,31.3,23.40000000000001,15.5,11.200000000000005,30.0,37.7,15.395095367847418,15.974999999999994,0.0,14.003920393910278,45.99059946904211,37.252463198645344,35.54768755589582,15.685047683923706,15.166666666666666,12.60196019695514,19.75034052586033,4.666666666666667,21.1,1.7000000000000028,4.5,4.2,31.3,11.244444444444445,3.00205175993077,1.7091555555555558,2.355603657743163,18.0,0.05555555555555555,17.0,0.1111111111111111,19.0,0.05263157894736842,17.0,0.2
CL,CHL,2020,Chile,South America,0,0,0,,RN,National Renewal,5.1000000000000085,5.200000000000003,1.7999999999999972,4.5,3.7,21.075000000000003,30.099999999999994,25.0,14.799999999999995,11.0,30.0,26.599999999999994,31.662125340599445,15.974999999999994,0.0,19.848803264947406,45.99059946904211,38.36357430975646,36.451391259599525,23.81856267029972,14.933333333333332,15.424401632473703,22.65692222392657,4.033333333333336,15.549999999999997,1.7999999999999972,4.5,3.7,30.099999999999994,9.947222222222221,,,,,,,,,,,
CO,COL,2000,Colombia,South America,0,0,0,0.3125,PCC,Colombian Conservative Party,31.3,16.299999999999997,16.400000000000006,38.6,27.800000000000004,19.675,50.0,30.0,32.400000000000006,36.2,30.0,78.0,12.907909040278142,15.700000000000005,100.0,32.09697619709877,46.26132131970216,48.92663614201722,41.72931915390646,14.303954520139072,54.13333333333333,34.148488098549386,36.078773776482066,21.333333333333332,58.3,16.400000000000006,38.6,27.800000000000004,50.0,35.40555555555556,11.274616805150647,11.064236111111112,11.169426458130879,8.0,0.65,8.0,0.65,11.0,0.5238095238095238,10.0,0.5909090909090909
CO,COL,2001,Colombia,South America,0,0,0,0.30325,PCC,Colombian Conservative Party,31.3,16.299999999999997,16.400000000000006,38.6,27.800000000000004,19.675,50.0,30.0,28.3,30.8,30.0,71.0,12.907909040278142,15.700000000000005,50.0,32.29375859505784,45.68210231250678,61.6482871822216,45.77679649824279,14.303954520139072,36.1,31.546879297528918,31.931907578977697,21.333333333333332,54.8,16.400000000000006,38.6,27.800000000000004,50.0,34.82222222222222,9.683350973324988,10.55983888888889,10.121594931106939,11.0,0.5,10.0,0.55,10.0,0.5714285714285714,13.0,0.45454545454545453
CO,COL,2002,Colombia,South America,0,0,0,0.294,PCC,Colombian Conservative Party,29.5,16.299999999999997,18.30000000000001,38.6,28.4,27.10000000000001,70.0,30.0,25.5,30.200000000000003,30.0,68.0,12.907909040278142,15.700000000000005,50.0,35.40136334685522,41.44829909747993,55.80901947535055,42.419106190943495,14.303954520139072,35.166666666666664,32.80068167342761,31.172602262794214,21.36666666666667,53.3,18.30000000000001,38.6,28.4,70.0,38.32777777777778,9.1647450652615,11.268366666666667,10.216555865964082,11.0,0.5238095238095238,11.0,0.5238095238095238,10.0,0.5909090909090909,15.0,0.391304347826087
CO,COL,2003,Colombia,South America,0,0,0,,,,29.5,16.299999999999997,18.30000000000001,38.6,28.6,48.3,70.0,30.0,23.5,37.0,30.0,62.0,12.907909040278142,15.700000000000005,50.0,32.94133599343695,42.00385465303548,53.72568614201722,41.909846931684235,14.303954520139072,34.5,34.970667996718475,31.421117362135448,21.36666666666667,50.3,18.30000000000001,38.6,28.6,70.0,37.861111111111114,,,,,,,,,,,
CO,COL,2004,Colombia,South America,0,0,0,,,,29.5,16.299999999999997,18.30000000000001,38.6,28.6,39.425,70.0,30.0,21.700000000000003,37.0,30.0,64.0,12.907909040278142,18.160699641142173,50.0,35.94658918067388,41.06368371286454,54.8302458904449,41.964643201103144,15.534304340710158,33.9,36.47329459033694,31.96806053303756,21.36666666666667,51.3,18.30000000000001,38.6,28.6,70.0,38.02777777777778,,,,,,,,,,,
CO,COL,2005,Colombia,South America,0,0,0,,,,28.90000000000001,15.5,18.30000000000001,38.6,27.800000000000004,31.200000000000003,70.0,30.0,21.700000000000003,35.2,30.0,63.0,24.032697547683924,15.700000000000005,50.0,34.870796022649586,39.52416659051049,57.05336065763788,42.19250908271612,19.866348773841963,33.9,35.035398011324794,32.74856396697072,20.900000000000006,50.8,18.30000000000001,38.6,27.800000000000004,70.0,37.73333333333334,,,,,,,,,,,
CO,COL,2006,Colombia,South America,0,0,0,,,,28.60000000000001,14.799999999999995,18.30000000000001,38.6,27.1,31.200000000000003,70.0,27.90000000000001,20.8,34.2,30.0,62.0,25.409448005852823,15.700000000000005,50.0,31.372367699324386,43.39734337534608,55.73858308964897,42.34530882166502,20.554724002926413,33.6,32.786183849662194,32.32155416856341,20.566666666666674,50.3,18.30000000000001,38.6,27.1,70.0,37.47777777777778,,,,,,,,,,,
CO,COL,2007,Colombia,South America,0,0,0,,,,29.3,14.799999999999995,17.5,41.1,26.8,31.200000000000003,70.0,28.200000000000003,29.700000000000003,28.599999999999994,40.0,60.0,29.04025003313721,15.700000000000005,50.0,28.549681938837864,43.51841323555645,54.53916689976076,42.08586004510574,22.370125016568608,39.9,28.57484096941893,33.232706507773315,20.53333333333333,50.55,17.5,41.1,26.8,70.0,37.74722222222223,,,,,,,,,,,
CO,COL,2008,Colombia,South America,0,0,0,,,,29.0,14.799999999999995,17.5,41.1,26.8,31.200000000000003,60.0,27.46898336,28.598983489999995,29.200000000000003,40.0,61.0,24.701312365435527,15.700000000000005,50.0,28.496722316657326,46.09722336430549,55.32659667613397,42.96426780014648,20.200656182717765,39.53299449666667,28.848361158328665,32.886569909464896,20.433333333333334,51.05,17.5,41.1,26.8,60.0,36.147222222222226,,,,,,,,,,,
CO,COL,2009,Colombia,South America,0,0,0,,,,28.90000000000001,14.400000000000006,17.5,41.1,26.6,31.200000000000003,60.0,22.63219837,29.426184860000006,27.599999999999994,40.0,62.0,17.441416893732963,15.700000000000005,50.0,29.285880722576508,43.91707498223269,55.456640176913474,40.66863784304872,16.570708446866483,39.80872828666667,28.44294036128825,31.372753734467533,20.26666666666667,51.55,17.5,41.1,26.6,60.0,36.169444444444444,,,,,,,,,,,
CO,COL,2010,Colombia,South America,0,0,0,,,,27.60000000000001,14.200000000000005,16.900000000000006,35.7,25.9,27.8,50.0,16.400000000000006,26.0,27.5,40.0,62.0,18.98365122615803,15.700000000000005,50.0,29.32923010325142,43.06631240568364,45.67502184014565,35.047111415276426,17.341825613079017,38.666666666666664,28.41461505162571,29.867554686661954,19.566666666666674,48.85,16.900000000000006,35.7,25.9,50.0,32.81944444444445,,,,,,,,,,,
CO,COL,2011,Colombia,South America,0,0,0,0.395,Partido-U,Social Party of National Unity,25.0,12.400000000000006,16.60000000000001,30.4,23.1,15.200000000000005,50.0,13.900000000000006,24.200000000000003,26.8,40.0,63.0,14.04632152588556,15.700000000000005,50.0,26.36186503274536,43.19414975265917,44.10363031170796,33.732593354789046,14.873160762942781,38.06666666666667,26.58093251637268,28.313338325192795,18.000000000000004,46.7,16.60000000000001,30.4,23.1,50.0,30.8,11.183768638451154,12.166,11.674884319225576,13.0,0.42857142857142855,14.0,0.38095238095238093,13.0,0.45454545454545453,15.0,0.391304347826087
CO,COL,2012,Colombia,South America,0,0,0,0.4,Partido-U,Social Party of National Unity,24.0,12.099999999999994,16.60000000000001,30.4,22.6,14.775000000000006,50.0,10.599999999999994,21.3,27.8,40.0,65.0,23.034638119784915,15.700000000000005,50.0,25.28311486453127,41.40810497287298,43.92466570689195,31.97759022658831,19.36731905989246,37.1,26.541557432265634,28.7466166796866,17.566666666666666,47.7,16.60000000000001,30.4,22.6,50.0,30.811111111111114,11.49864667187464,12.324444444444445,11.911545558159542,13.0,0.42857142857142855,14.0,0.38095238095238093,13.0,0.45454545454545453,15.0,0.391304347826087
CO,COL,2013,Colombia,South America,0,0,0,0.4049999999999999,Partido-U,Social Party of National Unity,24.700000000000003,13.5,18.10000000000001,30.4,24.1,14.775000000000006,50.0,9.799999999999995,21.3,27.8,30.0,66.0,25.12364804743368,21.25,50.0,24.66927533121519,41.36981178982849,44.49081953727544,31.886877109034643,23.186824023716838,33.766666666666666,26.234637665607593,28.768751366256435,18.76666666666667,48.2,18.10000000000001,30.4,24.1,50.0,31.594444444444445,11.651344303333854,12.795749999999998,12.223547151666926,14.0,0.4090909090909091,15.0,0.36363636363636365,13.0,0.4782608695652174,16.0,0.375
CO,COL,2014,Colombia,South America,0,0,0,0.41,Partido-U,Social Party of National Unity,24.700000000000003,13.5,16.900000000000006,30.4,24.1,14.775000000000006,50.0,14.799999999999995,21.200000000000003,21.200000000000003,30.0,66.8,27.90054651576338,21.25,50.0,30.18564459520306,41.602957246488046,45.32187306394362,33.908276770143885,24.57527325788169,33.733333333333334,25.69282229760153,29.47742641474011,18.36666666666667,48.599999999999994,16.900000000000006,30.4,24.1,50.0,31.394444444444446,12.085744830043444,12.871722222222221,12.478733526132832,15.0,0.36363636363636365,16.0,0.3181818181818182,15.0,0.391304347826087,18.0,0.2916666666666667
CO,COL,2015,Colombia,South America,0,0,0,0.4252499999999999,Partido-U,Social Party of National Unity,25.200000000000003,13.5,16.900000000000006,30.4,23.6,14.775000000000006,50.0,18.5,19.90000000000001,18.8,30.0,64.0,21.59785963283342,21.25,50.0,30.05575549638989,41.187655604009294,46.14203525352992,35.27656361917974,21.42392981641671,33.300000000000004,24.427877748194945,28.60709279594785,18.533333333333335,47.2,16.900000000000006,30.4,23.6,50.0,31.105555555555554,12.165166211476821,13.227637499999997,12.696401855738408,13.0,0.45454545454545453,14.0,0.4090909090909091,13.0,0.4782608695652174,16.0,0.375
CO,COL,2016,Colombia,South America,0,0,0,0.4405,Partido-U,Social Party of National Unity,25.099999999999994,13.099999999999994,18.0,30.4,24.6,19.15000000000001,50.0,21.8,20.40000000000001,19.0,30.0,63.0,21.253405994550405,19.474999999999994,50.0,30.97129082745178,42.32525284192292,47.0797600246539,37.068337622192274,20.3642029972752,33.46666666666667,24.98564541372589,28.97121317496501,18.73333333333333,46.7,18.0,30.4,24.6,50.0,31.405555555555555,12.761819403572087,13.834147222222223,13.297983312897156,10.0,0.5714285714285714,11.0,0.5238095238095238,10.0,0.5909090909090909,13.0,0.4782608695652174
CO,COL,2017,Colombia,South America,0,0,0,0.45575,Partido-U,Social Party of National Unity,25.8,12.599999999999994,18.8,34.2,25.1,14.049999999999995,36.2,22.90000000000001,23.0,18.40000000000001,30.0,60.4,20.027247956403272,20.5,50.0,32.365933414702084,42.48160089697421,51.18451285732356,38.855371251432594,20.263623978201636,34.333333333333336,25.382966707351045,29.708823817579653,19.066666666666663,47.3,18.8,34.2,25.1,36.2,30.111111111111114,13.539796454861927,13.72313888888889,13.63146767187541,7.0,0.7142857142857143,9.0,0.6190476190476191,8.0,0.6818181818181818,11.0,0.5652173913043478
CO,COL,2018,Colombia,South America,0,0,0,0.471,Partido-U,Social Party of National Unity,25.90000000000001,13.5,18.40000000000001,34.2,26.8,19.3,39.3,21.40000000000001,26.099999999999994,18.40000000000001,30.0,66.6,24.55040871934604,18.224999999999994,50.0,31.57757594650525,41.87056246125992,51.07705628649023,38.11587291591672,21.387704359673016,35.36666666666667,24.988787973252627,29.964757978877255,19.26666666666667,50.4,18.40000000000001,34.2,26.8,39.3,31.394444444444446,14.113401008051186,14.786783333333332,14.450092170692258,6.0,0.75,8.0,0.65,6.0,0.7619047619047619,9.0,0.6363636363636364
CO,COL,2019,Colombia,South America,0,0,0,0.356,CD,Democratic Centre,26.5,14.700000000000005,20.700000000000003,29.3,26.1,23.474999999999994,40.8,28.599999999999994,24.40000000000001,24.0,30.0,66.5,25.231607629427785,21.974999999999994,50.0,32.25254427679418,41.87056246125992,53.08330628649023,41.18462291591671,23.60330381471389,34.800000000000004,28.12627213839709,31.928549717256928,20.633333333333336,47.9,20.700000000000003,29.3,26.1,40.8,30.905555555555555,11.366563699343466,11.002377777777777,11.184470738560622,7.0,0.6666666666666666,9.0,0.5555555555555556,7.0,0.6842105263157895,11.0,0.5
CO,COL,2020,Colombia,South America,0,0,0,,CD,Democratic Centre,28.60000000000001,14.700000000000005,25.700000000000003,30.4,26.700000000000003,26.224999999999994,38.9,28.700000000000003,22.5,18.8,30.0,53.9,28.365122615803813,23.625,50.0,37.834358552208215,41.87056246125992,53.82080628649023,41.46378958258339,25.995061307901906,34.166666666666664,28.317179276104106,32.485674208314016,23.000000000000004,42.15,25.700000000000003,30.4,26.700000000000003,38.9,31.141666666666666,,,,,,,,,,,
CR,CRI,2000,Costa Rica,Central America,0,0,0,0.502,PUSC,Social Christian Unity Party,4.6000000000000085,3.9000000000000057,5.1000000000000085,12.1,6.800000000000001,7.174999999999997,50.0,30.0,27.5,24.40000000000001,50.0,44.0,14.059945504087196,27.599999999999994,0.0,15.443092520302088,32.274704078307735,34.175181675895985,32.14996191806791,20.829972752043595,25.833333333333332,19.921546260151047,24.68370356589897,4.533333333333341,28.05,5.1000000000000085,12.1,6.800000000000001,50.0,17.763888888888893,12.391219190081284,8.917472222222225,10.654345706151755,10.0,0.55,6.0,0.75,13.0,0.42857142857142855,7.0,0.7272727272727273
CR,CRI,2001,Costa Rica,Central America,0,0,0,0.486,PUSC,Social Christian Unity Party,4.6000000000000085,3.9000000000000057,5.1000000000000085,12.1,6.800000000000001,7.174999999999997,50.0,30.0,25.700000000000003,28.200000000000003,50.0,49.0,16.103542234332423,27.599999999999994,0.0,15.966735951101583,32.106064135956885,48.641040104851065,36.91570141360265,21.85177111716621,25.233333333333334,22.083367975550793,26.521043459913244,4.533333333333341,30.55,5.1000000000000085,12.1,6.800000000000001,50.0,18.18055555555556,12.889227121517836,8.835750000000003,10.86248856075892,10.0,0.55,6.0,0.75,12.0,0.47619047619047616,6.0,0.7727272727272727
CR,CRI,2002,Costa Rica,Central America,0,0,0,0.47,PUSC,Social Christian Unity Party,4.6000000000000085,3.9000000000000057,5.1000000000000085,12.1,6.800000000000001,7.174999999999997,50.0,30.0,25.8,29.0,50.0,46.0,16.103542234332423,27.599999999999994,0.0,15.65581924758044,32.29470407830773,42.26193167589599,34.8522119180679,21.85177111716621,25.266666666666666,22.32790962379022,26.07463983142275,4.533333333333341,29.05,5.1000000000000085,12.1,6.800000000000001,50.0,17.93055555555556,12.255080720768692,8.427361111111113,10.341220915939903,10.0,0.5714285714285714,7.0,0.7142857142857143,11.0,0.5454545454545454,8.0,0.6956521739130435
CR,CRI,2003,Costa Rica,Central America,0,0,0,0.519,PUSC,Social Christian Unity Party,4.6000000000000085,3.9000000000000057,5.1000000000000085,12.1,6.6000000000000005,7.174999999999997,50.0,30.0,26.0,22.40000000000001,50.0,55.0,11.934604904632168,27.599999999999994,0.0,14.31191931872334,31.81851360211725,43.92859834256265,35.2490373148933,19.76730245231608,25.333333333333332,18.355959659361673,24.676408189976097,4.533333333333341,33.55,5.1000000000000085,12.1,6.6000000000000005,50.0,18.647222222222226,12.807055850597594,9.677908333333335,11.242482091965464,12.0,0.47619047619047616,9.0,0.6190476190476191,12.0,0.5,10.0,0.6086956521739131
CR,CRI,2004,Costa Rica,Central America,0,0,0,0.5680000000000001,PUSC,Social Christian Unity Party,4.6000000000000085,3.9000000000000057,5.1000000000000085,12.1,6.6000000000000005,7.174999999999997,50.0,30.0,24.90000000000001,23.599999999999994,50.0,55.0,13.868391890427588,28.808045415694195,0.0,22.59966914076712,32.05660884021249,48.111290650254965,36.72263316348915,21.338218653060892,24.96666666666667,23.099834570383557,26.53183826340007,4.533333333333341,33.55,5.1000000000000085,12.1,6.6000000000000005,50.0,18.647222222222226,15.07008413361124,10.591622222222226,12.830853177916733,11.0,0.5,7.0,0.7,11.0,0.5238095238095238,8.0,0.6818181818181818
CR,CRI,2005,Costa Rica,Central America,0,0,0,0.617,PUSC,Social Christian Unity Party,5.1000000000000085,3.9000000000000057,5.1000000000000085,12.1,6.6000000000000005,7.174999999999997,50.0,30.0,24.5,26.599999999999994,50.0,57.0,13.62397820163487,27.599999999999994,0.0,22.15573662882052,28.12333601984291,54.333998290873055,37.48577810357199,20.611989100817432,24.833333333333332,24.377868314410257,26.82724221303325,4.700000000000007,34.55,5.1000000000000085,12.1,6.6000000000000005,50.0,18.84166666666667,16.552408445441515,11.625308333333335,14.088858389387426,8.0,0.6111111111111112,5.0,0.7894736842105263,9.0,0.5789473684210527,6.0,0.7619047619047619
CR,CRI,2006,Costa Rica,Central America,0,0,0,0.324,PLN,National Liberation Party,5.800000000000011,4.400000000000006,5.1000000000000085,17.9,7.1,7.174999999999997,50.0,40.6,26.3,22.599999999999994,50.0,51.0,6.539509536784735,27.599999999999994,0.0,16.847787097210954,28.68848141819269,45.39200654614223,38.226829321444974,17.069754768392364,25.433333333333334,19.723893548605474,25.113452742944038,5.1000000000000085,34.45,5.1000000000000085,17.9,7.1,50.0,19.94166666666667,8.136758688713869,6.461100000000001,7.298929344356935,15.0,0.3,13.0,0.4,17.0,0.23809523809523808,13.0,0.45454545454545453
CR,CRI,2007,Costa Rica,Central America,0,0,0,0.324,PLN,National Liberation Party,5.800000000000011,4.400000000000006,5.1000000000000085,17.9,7.000000000000001,7.174999999999997,50.0,41.0,32.900000000000006,17.599999999999994,60.0,58.0,6.566757493188007,27.599999999999994,50.0,15.721874152130454,28.88533403897162,41.27463128746821,37.053321775479944,17.083378746594,47.63333333333333,16.660937076065224,29.607742732868125,5.1000000000000085,37.95,5.1000000000000085,17.9,7.000000000000001,50.0,20.508333333333336,9.592908645449272,6.644700000000001,8.118804322724637,15.0,0.3333333333333333,13.0,0.42857142857142855,17.0,0.2727272727272727,14.0,0.43478260869565216
CR,CRI,2008,Costa Rica,Central America,0,0,0,0.324,PLN,National Liberation Party,5.800000000000011,4.400000000000006,5.1000000000000085,17.9,7.000000000000001,7.174999999999997,50.0,39.9679239,32.05067102,18.200000000000003,60.0,59.0,6.539509536784735,26.125,50.0,15.17756201529592,31.688954782288604,43.44955900976096,38.36881256401652,16.332254768392367,47.35022367333334,16.68878100764796,29.685018003347547,5.1000000000000085,38.45,5.1000000000000085,17.9,7.000000000000001,50.0,20.59166666666667,9.617945833084606,6.6717,8.144822916542303,17.0,0.23809523809523808,14.0,0.38095238095238093,18.0,0.22727272727272727,16.0,0.34782608695652173
CR,CRI,2009,Costa Rica,Central America,0,0,0,0.324,PLN,National Liberation Party,5.800000000000011,4.1000000000000085,5.1000000000000085,17.9,7.000000000000001,7.174999999999997,50.0,39.71299327,30.289779730000006,18.200000000000003,50.0,50.0,5.558670694197616,26.125,50.0,15.989291095153504,28.405702903707365,40.6163979915103,36.245031388405884,15.841835347098808,43.429926576666674,17.094645547576754,28.15285971493703,5.00000000000001,33.95,5.1000000000000085,17.9,7.000000000000001,50.0,19.825000000000003,9.121526547639599,6.423300000000001,7.7724132738198,16.0,0.25,15.0,0.3,18.0,0.19047619047619047,16.0,0.3181818181818182
CR,CRI,2010,Costa Rica,Central America,0,0,0,0.324,PLN,National Liberation Party,5.5,4.1000000000000085,5.1000000000000085,14.3,6.7,7.174999999999997,50.0,40.7,32.2,17.5,50.0,49.0,5.8038147138964575,26.25,50.0,16.886970163819484,31.89296412093492,40.92983568466525,37.84093326853339,16.02690735694823,44.06666666666666,17.193485081909742,28.781998093514506,4.900000000000006,31.65,5.1000000000000085,14.3,6.7,50.0,18.775000000000002,9.325367382298701,6.083100000000001,7.704233691149351,15.0,0.3,14.0,0.35,18.0,0.19047619047619047,16.0,0.3181818181818182
CR,CRI,2011,Costa Rica,Central America,0,0,0,0.324,PLN,National Liberation Party,5.400000000000006,4.1000000000000085,5.1000000000000085,14.3,6.5,7.174999999999997,45.0,41.8,29.3,14.799999999999995,50.0,47.0,5.708446866485005,26.25,0.0,15.099116352922138,33.57281581766125,39.331712538376095,38.23484278534578,15.979223433242502,26.433333333333334,14.949558176461068,23.899239432095673,4.866666666666674,30.65,5.1000000000000085,14.3,6.5,45.0,17.736111111111114,7.743353575998998,5.746500000000001,6.7449267879995,16.0,0.2857142857142857,15.0,0.3333333333333333,20.0,0.13636363636363635,17.0,0.30434782608695654
CR,CRI,2012,Costa Rica,Central America,0,0,0,0.324,PLN,National Liberation Party,5.200000000000003,4.1000000000000085,5.1000000000000085,14.3,6.6000000000000005,9.325000000000005,45.0,42.4,26.599999999999994,14.900000000000006,50.0,47.0,14.494195578674407,26.25,0.0,15.70736271220433,33.11752456859497,40.82876195894948,38.78209550918149,20.372097789337204,25.53333333333333,15.303681356102167,24.99780199698855,4.800000000000007,30.65,5.1000000000000085,14.3,6.6000000000000005,45.0,17.74166666666667,8.099287847024291,5.748300000000001,6.923793923512147,16.0,0.2857142857142857,15.0,0.3333333333333333,21.0,0.09090909090909091,16.0,0.34782608695652173
CR,CRI,2013,Costa Rica,Central America,0,0,0,0.324,PLN,National Liberation Party,5.700000000000003,4.1000000000000085,5.6000000000000085,14.3,6.5,9.125,50.0,41.7,24.599999999999994,14.900000000000006,50.0,52.0,14.882065968025543,26.25,0.0,15.91240499944071,36.9882712908946,40.58963646457685,39.75930258515715,20.56603298401277,24.866666666666664,15.406202499720358,25.149551183889237,5.13333333333334,33.15,5.6000000000000085,14.3,6.5,50.0,19.11388888888889,8.148454583580113,6.192900000000001,7.1706772917900565,17.0,0.2727272727272727,16.0,0.3181818181818182,20.0,0.17391304347826086,17.0,0.3333333333333333
CR,CRI,2014,Costa Rica,Central America,0,0,0,0.608,PAC,Citizens' Action Party,5.0,4.1000000000000085,4.900000000000006,13.1,6.2,16.375,50.0,35.099999999999994,23.700000000000003,16.200000000000003,50.0,49.1,14.69014555449479,26.25,0.0,18.19544187703876,33.127464864961155,41.534849242782,36.58743803591438,20.470072777247395,24.566666666666666,17.19772093851938,24.705474604586957,4.666666666666671,31.1,4.900000000000006,13.1,6.2,50.0,18.32777777777778,15.020928559588869,11.14328888888889,13.082108724238878,13.0,0.45454545454545453,11.0,0.5454545454545454,17.0,0.30434782608695654,13.0,0.5
CR,CRI,2015,Costa Rica,Central America,0,0,0,0.608,PAC,Citizens' Action Party,4.900000000000006,4.1000000000000085,4.900000000000006,14.6,6.1,16.375,50.0,35.5,24.200000000000003,16.200000000000003,50.0,47.0,14.986747804530012,21.875,0.0,17.34600487952123,34.494815497711855,42.55012632902506,37.5149806089123,18.430873902265006,24.733333333333334,16.773002439760617,24.363047571067813,4.63333333333334,30.8,4.900000000000006,14.6,6.1,50.0,18.505555555555556,14.81273292320923,11.251377777777778,13.032055350493504,12.0,0.5,11.0,0.5454545454545454,15.0,0.391304347826087,12.0,0.5416666666666666
CR,CRI,2016,Costa Rica,Central America,0,0,0,0.608,PAC,Citizens' Action Party,5.300000000000011,3.9000000000000057,4.900000000000006,16.7,6.5,11.350000000000009,50.0,31.40000000000001,22.40000000000001,18.40000000000001,50.0,46.0,14.610354223433234,21.875,0.0,17.11444963297275,34.09707196758782,42.69647968607696,36.064517217888266,18.242677111716617,24.133333333333336,17.757224816486378,24.04943811985615,4.700000000000007,31.35,4.900000000000006,16.7,6.5,50.0,19.025000000000002,14.622058376872538,11.567200000000001,13.094629188436269,11.0,0.5238095238095238,10.0,0.5714285714285714,11.0,0.5454545454545454,10.0,0.6086956521739131
CR,CRI,2017,Costa Rica,Central America,0,0,0,0.608,PAC,Citizens' Action Party,5.6000000000000085,3.9000000000000057,3.9000000000000057,20.3,6.5,13.299999999999995,48.4,31.90000000000001,19.200000000000003,15.299999999999995,50.0,44.6,15.422343324250676,29.625,0.0,16.795240529644232,33.69749656896069,39.05012196177141,34.88253951024404,22.523671662125338,23.066666666666666,16.047620264822115,24.13012452596454,4.466666666666673,32.45,3.9000000000000057,20.3,6.5,48.4,19.336111111111112,14.67111571178644,11.756355555555556,13.213735633670998,8.0,0.6666666666666666,8.0,0.6666666666666666,9.0,0.6363636363636364,8.0,0.6956521739130435
CR,CRI,2018,Costa Rica,Central America,0,0,0,0.608,PAC,Citizens' Action Party,5.5,3.9000000000000057,3.9000000000000057,17.7,6.6000000000000005,13.299999999999995,45.2,31.700000000000003,15.0,15.299999999999995,50.0,48.2,12.515657973390717,29.625,0.0,18.183541179199597,34.29314224753212,41.725041487465845,35.90606124499932,21.07032898669536,21.666666666666668,16.741770589599795,23.846206871990287,4.433333333333337,32.95,3.9000000000000057,17.7,6.6000000000000005,45.2,18.463888888888892,14.498493778170094,11.226044444444446,12.86226911130727,7.0,0.7,7.0,0.7,8.0,0.6666666666666666,7.0,0.7272727272727273
CR,CRI,2019,Costa Rica,Central America,0,0,0,0.608,PAC,Citizens' Action Party,5.200000000000003,3.9000000000000057,3.9000000000000057,15.7,6.6000000000000005,10.775000000000006,41.7,32.8,16.799999999999997,18.599999999999994,50.0,45.5,15.313351498637587,24.425,0.0,18.109318956977376,34.29314224753212,41.725041487465845,36.27272791166599,19.869175749318792,22.266666666666666,18.354659478488685,24.190807451535033,4.333333333333338,30.6,3.9000000000000057,15.7,6.6000000000000005,41.7,17.13888888888889,14.7080109305333,10.420444444444444,12.564227687488872,6.0,0.7222222222222222,6.0,0.7222222222222222,8.0,0.631578947368421,7.0,0.7
CR,CRI,2020,Costa Rica,Central America,0,0,0,,,,5.200000000000003,3.9000000000000057,3.9000000000000057,15.7,6.4,14.549999999999995,33.3,33.5,18.8,18.599999999999994,50.0,42.8,18.63760217983652,24.425,0.0,20.123601846499938,34.29314224753212,41.725041487465845,36.50606124499932,21.53130108991826,22.933333333333334,19.361800923249966,25.083124147875218,4.333333333333338,29.25,3.9000000000000057,15.7,6.4,33.3,15.480555555555554,,,,,,,,,,,
NA,CUB,2000,Cuba,Caribbean,0,0,1,0.7988000000000001,PCC,Communist Party of Cuba,85.2,90.4,92.1,60.5,84.89999999999999,96.25,,,,,,,,,,,,,,,,,,89.23333333333335,,92.1,60.5,84.89999999999999,,,,,,,,,,,,3.0,0.9090909090909091
NA,CUB,2001,Cuba,Caribbean,0,0,1,0.7962,PCC,Communist Party of Cuba,85.2,90.4,92.1,60.5,84.89999999999999,96.25,,,,,,,,,,,,,,,,,,89.23333333333335,,92.1,60.5,84.89999999999999,,,,,,,,,,,,3.0,0.9090909090909091
NA,CUB,2002,Cuba,Caribbean,0,0,1,0.7936000000000001,PCC,Communist Party of Cuba,85.2,90.4,92.1,60.5,84.89999999999999,96.25,,,,,,,,,,,,,,,,,,89.23333333333335,,92.1,60.5,84.89999999999999,,,,,,,,,,,,3.0,0.9130434782608695
NA,CUB,2003,Cuba,Caribbean,0,0,1,0.791,PCC,Communist Party of Cuba,85.7,90.4,92.1,60.5,85.0,96.25,,,,,,,,,,,,,,,,,,89.40000000000002,,92.1,60.5,85.0,,,,,,,,,,,,3.5,0.8913043478260869
NA,CUB,2004,Cuba,Caribbean,0,0,1,0.7912,PCC,Communist Party of Cuba,85.7,90.4,92.1,60.5,85.0,96.25,,,,,,,,,,,,,,,,,,89.40000000000002,,92.1,60.5,85.0,,,,,,,,,,,,3.0,0.9090909090909091
NA,CUB,2005,Cuba,Caribbean,0,0,1,0.7914,PCC,Communist Party of Cuba,85.7,90.4,92.1,60.5,85.0,96.25,,,,,,,,,,,,,,,,,,89.40000000000002,,92.1,60.5,85.0,,,,,,,,,,,,3.0,0.9047619047619048
NA,CUB,2006,Cuba,Caribbean,0,0,1,0.7916000000000001,PCC,Communist Party of Cuba,85.7,90.4,92.1,60.5,85.0,96.25,,,,,,,,,,,,,,,,,,89.40000000000002,,92.1,60.5,85.0,,,,,,,,,,,,5.0,0.8181818181818182
NA,CUB,2007,Cuba,Caribbean,0,0,1,0.7918000000000001,PCC,Communist Party of Cuba,85.7,90.4,92.1,60.5,84.8,96.25,,,,,,,,,,,,,,,,,,89.40000000000002,,92.1,60.5,84.8,,,,,,,,,,,,6.0,0.782608695652174
NA,CUB,2008,Cuba,Caribbean,0,0,1,0.792,PCC,Communist Party of Cuba,85.5,90.4,92.1,60.5,85.3,96.25,,,,,,,,,,,,,,,,,,89.33333333333333,,92.1,60.5,85.3,,,,,,,,,,,,6.0,0.782608695652174
NA,CUB,2009,Cuba,Caribbean,0,0,1,0.7918000000000001,PCC,Communist Party of Cuba,85.6,90.4,92.2,60.5,84.89999999999999,96.25,,,,,,,,,,,,,,,,,,89.39999999999999,,92.2,60.5,84.89999999999999,,,,,,,,,,,,7.0,0.7272727272727273
NA,CUB,2010,Cuba,Caribbean,0,0,1,0.7916000000000001,PCC,Communist Party of Cuba,85.6,90.4,92.2,60.5,85.0,96.25,,,,,,,,,,,,,,,,,,89.39999999999999,,92.2,60.5,85.0,,,,,,,,,,,,8.0,0.6818181818181818
NA,CUB,2011,Cuba,Caribbean,0,0,1,0.7914,PCC,Communist Party of Cuba,85.6,90.4,92.2,60.5,85.0,96.25,,,,,,,,,,,,,,,,,,89.39999999999999,,92.2,60.5,85.0,,,,,,,,,,,,7.0,0.7391304347826086
NA,CUB,2012,Cuba,Caribbean,0,0,1,0.7912,PCC,Communist Party of Cuba,85.6,90.4,92.2,60.5,85.0,96.25,,,,,,,,,,,,,,,,,,89.39999999999999,,92.2,60.5,85.0,,,,,,,,,,,,7.0,0.7391304347826086
NA,CUB,2013,Cuba,Caribbean,0,0,1,0.791,PCC,Communist Party of Cuba,85.0,88.5,92.8,60.5,83.8,96.25,,,,,,,,,,,,,,,,,,88.76666666666667,,92.8,60.5,83.8,,,,,,,,,,,,7.0,0.75
NA,CUB,2014,Cuba,Caribbean,0,0,1,0.791,PCC,Communist Party of Cuba,85.0,89.2,92.8,60.5,84.3,96.25,,,,,,,,,,,,,,,,,,89.0,,92.8,60.5,84.3,,,,,,,,,,,,7.0,0.75
NA,CUB,2015,Cuba,Caribbean,0,0,1,0.791,PCC,Communist Party of Cuba,85.8,89.2,92.8,60.5,84.3,96.25,,,,,,,,,,,,,,,,,,89.26666666666667,,92.8,60.5,84.3,,,,,,,,,,,,7.0,0.75
NA,CUB,2016,Cuba,Caribbean,0,0,1,0.791,PCC,Communist Party of Cuba,84.0,89.2,92.8,51.6,82.89999999999999,96.25,,,,,,,,,,,,,,,,,,88.66666666666667,,92.8,51.6,82.89999999999999,,,,,,,,,,,,5.0,0.8260869565217391
NA,CUB,2017,Cuba,Caribbean,0,0,1,0.791,PCC,Communist Party of Cuba,86.2,89.2,92.8,64.1,84.8,95.725,,,,,,,,,,,,,,,,,,89.39999999999999,,92.8,64.1,84.8,,,,,,,,,,,,4.0,0.8695652173913043
NA,CUB,2018,Cuba,Caribbean,0,0,1,0.791,PCC,Communist Party of Cuba,85.2,89.2,90.0,57.2,83.2,81.65,,,,,,,,,,,,,,,,,,88.13333333333333,,90.0,57.2,83.2,,,,,,,,,,,,4.0,0.8636363636363636
NA,CUB,2019,Cuba,Caribbean,0,0,1,0.791,PCC,Communist Party of Cuba,85.0,89.2,90.0,57.2,83.6,94.325,,,,,,,,,,,,,,,,,,88.06666666666666,,90.0,57.2,83.6,,,,,,,,,,,,5.0,0.8
NA,CUB,2020,Cuba,Caribbean,0,0,1,,,,85.6,89.2,90.2,57.2,83.2,94.325,,,,,,,,,,,,,,,,,,88.33333333333333,,90.2,57.2,83.2,,,,,,,,,,,,,
NA,CUW,2000,Curaçao,Caribbean,0,0,1,,,,,,,,,,,,,,,,,,,,,,,,,,,,,,,,,,,,,,,,,,,,
NA,CUW,2001,Curaçao,Caribbean,0,0,1,,,,,,,,,,,,,,,,,,,,,,,,,,,,,,,,,,,,,,,,,,,,
NA,CUW,2002,Curaçao,Caribbean,0,0,1,,,,,,,,,,,,,,,,,,,,,,,,,,,,,,,,,,,,,,,,,,,,
NA,CUW,2003,Curaçao,Caribbean,0,0,1,,,,,,,,,,,,,,,,,,,,,,,,,,,,,,,,,,,,,,,,,,,,
NA,CUW,2004,Curaçao,Caribbean,0,0,1,,,,,,,,,,,,,,,,,,,,,,,,,,,,,,,,,,,,,,,,,,,,
NA,CUW,2005,Curaçao,Caribbean,0,0,1,,,,,,,,,,,,,,,,,,,,,,,,,,,,,,,,,,,,,,,,,,,,
NA,CUW,2006,Curaçao,Caribbean,0,0,1,,,,,,,,,,,,,,,,,,,,,,,,,,,,,,,,,,,,,,,,,,,,
NA,CUW,2007,Curaçao,Caribbean,0,0,1,,,,,,,,,,,,,,,,,,,,,,,,,,,,,,,,,,,,,,,,,,,,
NA,CUW,2008,Curaçao,Caribbean,0,0,1,,,,,,,,,,,,,,,,,,,,,,,,,,,,,,,,,,,,,,,,,,,,
NA,CUW,2009,Curaçao,Caribbean,0,0,1,,,,,,,,,,,,,,,,,,,,,,,,,,,,,,,,,,,,,,,,,,,,
NA,CUW,2010,Curaçao,Caribbean,0,0,1,,,,,,,,,,,,,,,,,,,,,,,,,,,,,,,,,,,,,,,,,,,,
NA,CUW,2011,Curaçao,Caribbean,0,0,1,,,,,,,,,,,,,,,,,,,,,,,,,,,,,,,,,,,,,,,,,,,,
NA,CUW,2012,Curaçao,Caribbean,0,0,1,,,,,,,,,,,,,,,,,,,,,,,,,,,,,,,,,,,,,,,,,,,,
NA,CUW,2013,Curaçao,Caribbean,0,0,1,,,,,,,,,,,,,,,,,,,,,,,,,,,,,,,,,,,,,,,,,,,,
NA,CUW,2014,Curaçao,Caribbean,0,0,1,,,,,,,,,,,,,,,,,,,,,,,,,,,,,,,,,,,,,,,,,,,,
NA,CUW,2015,Curaçao,Caribbean,0,0,1,,,,,,,,,,,,,,,,,,,,,,,,,,,,,,,,,,,,,,,,,,,,
NA,CUW,2016,Curaçao,Caribbean,0,0,1,,,,,,,,,,,,,,,,,,,,,,,,,,,,,,,,,,,,,,,,,,,,
NA,CUW,2017,Curaçao,Caribbean,0,0,1,,,,,,,,,,,,,,,,,,,,,,,,,,,,,,,,,,,,,,,,,,,,
NA,CUW,2018,Curaçao,Caribbean,0,0,1,,,,,,,,,,,,,,,,,,,,,,,,,,,,,,,,,,,,,,,,,,,,
NA,CUW,2019,Curaçao,Caribbean,0,0,1,,,,,,,,,,,,,,,,,,,,,,,,,,,,,,,,,,,,,,,,,,,,
NA,CUW,2020,Curaçao,Caribbean,0,0,1,,,,,,,,,,,,,,,,,,,,,,,,,,,,,,,,,,,,,,,,,,,,
DM,DMA,2000,Dominica,Caribbean,0,0,1,,,,,,,,,,,,,,,,,,,,,,,,,,,,,,,,,,,,,,,,,,,,
DM,DMA,2001,Dominica,Caribbean,0,0,1,,,,,,,,,,,,,,,,,,,,,,,,,,,,,,,,,,,,,,,,,,,,
DM,DMA,2002,Dominica,Caribbean,0,0,1,,,,,,,,,,,,,,,,,,,,,,,,,,,,,,,,,,,,,,,,,,,,
DM,DMA,2003,Dominica,Caribbean,0,0,1,,,,,,,,,,,,,,,,,,,,,,,,,,,,,,,,,,,,,,,,,,,,
DM,DMA,2004,Dominica,Caribbean,0,0,1,,,,,,,,,,,,,,,,,,,,,,,,,,,,,,,,,,,,,,,,,,,,
DM,DMA,2005,Dominica,Caribbean,0,0,1,,,,,,,,,,,,,,,,,,,,,,,,,,,,,,,,,,,,,,,,,,,,
DM,DMA,2006,Dominica,Caribbean,0,0,1,,,,,,,,,,,,,,,,,,,,,,,,,,,,,,,,,,,,,,,,,,,,
DM,DMA,2007,Dominica,Caribbean,0,0,1,,,,,,,,,,,,,,,,,,,,,,,,,,,,,,,,,,,,,,,,,,,,
DM,DMA,2008,Dominica,Caribbean,0,0,1,,,,,,,,,,,,,,,,,,,,,,,,,,,,,,,,,,,,,,,,,,,,
DM,DMA,2009,Dominica,Caribbean,0,0,1,,,,,,,,,,40.0,23.610595160000003,20.15221264,25.8,70.0,44.0,,,,,,,,,,,,,,,,,40.0,,,,,,,,,,,,
DM,DMA,2010,Dominica,Caribbean,0,0,1,,,,,,,,,,35.0,24.599999999999994,20.0,25.700000000000003,70.0,40.0,,,,,,,,,,,,,,,,,35.0,,,,,,,,,,,,
DM,DMA,2011,Dominica,Caribbean,0,0,1,,,,,,,,,,35.0,25.200000000000003,13.700000000000005,25.700000000000003,70.0,41.0,,,,,,,,,,,,,,,,,35.0,,,,,,,,,,,,
DM,DMA,2012,Dominica,Caribbean,0,0,1,,,,,,,,,,40.0,19.5,15.0,25.700000000000003,70.0,48.0,,,,,,,,,,,,,,,,,40.0,,,,,,,,,,,,
DM,DMA,2013,Dominica,Caribbean,0,0,1,,,,,,,,,,40.0,23.0,14.700000000000005,25.700000000000003,70.0,48.0,,,,,,,,,,,,,,,,,40.0,,,,,,,,,,,,
DM,DMA,2014,Dominica,Caribbean,0,0,1,,,,,,,,,,40.0,25.0,14.200000000000005,27.3,70.0,46.5,,,,,,,,,,,,,,,,,40.0,,,,,,,,,,,,
DM,DMA,2015,Dominica,Caribbean,0,0,1,,,,,,,,,,40.0,28.40000000000001,10.5,27.200000000000003,70.0,42.0,,,,,,,,,,,,,,,,,40.0,,,,,,,,,,,,
DM,DMA,2016,Dominica,Caribbean,0,0,1,,,,,,,,,,40.0,26.700000000000003,9.900000000000006,27.40000000000001,70.0,42.0,,,,,,,,,,,,,,,,,40.0,,,,,,,,,,,,
DM,DMA,2017,Dominica,Caribbean,0,0,1,,,,,,,,,,56.2,27.90000000000001,10.5,27.40000000000001,70.0,59.1,,,,,,,,,,,,,,,,,56.2,,,,,,,,,,,,
DM,DMA,2018,Dominica,Caribbean,0,0,1,,,,,,,,,,51.4,28.3,13.400000000000006,37.4,70.0,50.1,,,,,,,,,,,,,,,,,51.4,,,,,,,,,,,,
DM,DMA,2019,Dominica,Caribbean,0,0,1,,,,,,,,,,50.8,29.3,14.299999999999995,31.8,70.0,45.5,,,,,,,,,,,,,,,,,50.8,,,,,,,,,,,,
DM,DMA,2020,Dominica,Caribbean,0,0,1,,,,,,,,,,40.2,29.599999999999994,16.5,31.599999999999994,70.0,48.8,,,,,,,,,,,,,,,,,40.2,,,,,,,,,,,,
DO,DOM,2000,Dominican Republic,Caribbean,0,0,1,0.188,PLD,Dominican Liberation Party,64.4,57.4,82.0,76.7,73.7,22.75,70.0,45.0,20.099999999999994,42.2,50.0,70.0,5.062291237225495,15.475000000000009,100.0,35.58356759767362,39.76867509354563,39.293390952451794,41.354022015332475,10.268645618612751,56.699999999999996,38.89178379883681,36.80361285819551,67.93333333333334,73.35,82.0,76.7,73.7,70.0,73.94722222222222,6.919079217340755,13.902077777777778,10.410578497559268,11.0,0.5,16.0,0.25,9.0,0.6190476190476191,19.0,0.18181818181818182
DO,DOM,2001,Dominican Republic,Caribbean,0,0,1,0.348,PRD,Dominican Revolutionary Party,64.4,57.4,85.0,76.7,72.39999999999999,22.75,70.0,45.0,20.8,40.6,50.0,70.0,5.062291237225495,15.475000000000009,50.0,32.13668042953492,37.596084987489775,47.739890137950354,43.44532504181338,10.268645618612751,40.266666666666666,36.36834021476746,32.58724438546507,68.93333333333334,73.35,85.0,76.7,72.39999999999999,70.0,74.39722222222223,11.340361046141844,25.89023333333333,18.61529718973759,5.0,0.8,7.0,0.7,5.0,0.8095238095238095,10.0,0.5909090909090909
DO,DOM,2002,Dominican Republic,Caribbean,0,0,1,0.35,PRD,Dominican Revolutionary Party,65.4,57.4,85.0,76.7,72.89999999999999,22.75,70.0,45.0,26.90000000000001,39.2,50.0,70.0,4.8773841961852895,15.475000000000009,50.0,31.093984736714617,39.413127474498005,48.372074285785146,44.26173392009438,10.176192098092649,42.300000000000004,35.14699236835731,32.971229596636086,69.26666666666667,73.35,85.0,76.7,72.89999999999999,70.0,74.53611111111111,11.539930358822629,26.087638888888886,18.813784623855756,5.0,0.8095238095238095,8.0,0.6666666666666666,5.0,0.8181818181818182,11.0,0.5652173913043478
DO,DOM,2003,Dominican Republic,Caribbean,0,0,1,0.34625,PRD,Dominican Revolutionary Party,67.3,57.4,85.0,76.7,73.2,22.75,70.0,45.0,28.3,46.6,50.0,69.0,4.277929155313345,15.475000000000009,50.0,28.471743990036373,38.22265128402182,54.1074909524518,45.77671407882454,9.876464577656677,42.76666666666667,37.535871995018184,33.98892932954152,69.89999999999999,72.85,85.0,76.7,73.2,70.0,74.60833333333333,11.768666780353751,25.833135416666668,18.80090109851021,8.0,0.6666666666666666,10.0,0.5714285714285714,7.0,0.7272727272727273,13.0,0.4782608695652174
DO,DOM,2004,Dominican Republic,Caribbean,0,0,1,0.3425,PRD,Dominican Revolutionary Party,67.9,57.4,85.0,76.7,74.0,22.75,70.0,45.0,30.90000000000001,55.6,70.0,65.0,9.95367847411444,17.71343721719012,50.0,29.34935417488157,37.98110539030202,45.52126100592774,42.834122132076594,13.83355784565228,50.300000000000004,42.47467708744078,37.360589266292415,70.10000000000001,70.85,85.0,76.7,74.0,70.0,74.44166666666666,12.796001823705152,25.496270833333334,19.146136328519244,7.0,0.7,9.0,0.6,6.0,0.7619047619047619,12.0,0.5
DO,DOM,2005,Dominican Republic,Caribbean,0,0,1,0.1895,PLD,Dominican Liberation Party,67.9,57.4,83.3,76.7,74.4,22.75,70.0,45.0,43.5,35.2,70.0,67.0,8.286103542234315,15.475000000000009,50.0,26.31103292896266,35.1662138942511,54.76260576517531,44.9762732198088,11.880551771117162,54.5,30.75551646448133,35.52808536385182,69.53333333333335,71.85,83.3,76.7,74.4,70.0,74.29722222222222,6.732572176449921,14.07932361111111,10.405947893780516,10.0,0.5,14.0,0.3157894736842105,8.0,0.631578947368421,16.0,0.2857142857142857
DO,DOM,2006,Dominican Republic,Caribbean,0,0,1,0.186,PLD,Dominican Liberation Party,67.9,57.4,83.3,76.7,74.0,22.75,70.0,43.0,50.7,32.599999999999994,50.0,71.0,8.182561307901906,15.475000000000009,50.0,20.88765582096771,37.94432310212895,51.92701518099266,44.29044609437387,11.828780653950957,50.23333333333333,26.74382791048385,33.2740969980355,69.53333333333335,73.85,83.3,76.7,74.0,70.0,74.56388888888888,6.1889820416346035,13.868883333333333,10.028932687483968,12.0,0.45,16.0,0.25,11.0,0.5238095238095238,19.0,0.18181818181818182
DO,DOM,2007,Dominican Republic,Caribbean,0,0,1,0.17175,PLD,Dominican Liberation Party,68.2,58.1,80.9,76.7,74.4,22.75,70.0,43.3,36.8,26.200000000000003,60.0,70.0,7.2670299727520415,15.475000000000009,50.0,18.948059417513026,37.51579555207806,56.04076616260029,45.61885390489278,11.371014986376025,48.93333333333334,22.574029708756512,32.12430798333966,69.06666666666668,73.35,80.9,76.7,74.4,70.0,74.06944444444446,5.517349896138588,12.721427083333337,9.119388489735963,13.0,0.42857142857142855,18.0,0.19047619047619047,12.0,0.5,20.0,0.17391304347826086
DO,DOM,2008,Dominican Republic,Caribbean,0,0,1,0.1575,PLD,Dominican Liberation Party,68.2,58.1,80.9,76.7,74.2,22.75,70.0,37.39550348,30.725569730000004,27.0,60.0,72.0,10.891541460956262,15.475000000000009,50.0,19.84443321750814,39.267629558846615,51.314714602462175,42.659282547102926,13.183270730478135,46.90852324333334,23.42221660875407,31.54332328241712,69.06666666666668,74.35,80.9,76.7,74.2,70.0,74.20277777777778,4.968073416980697,11.6869375,8.327505458490348,15.0,0.3333333333333333,19.0,0.14285714285714285,14.0,0.4090909090909091,21.0,0.13043478260869565
DO,DOM,2009,Dominican Republic,Caribbean,0,0,1,0.14325,PLD,Dominican Liberation Party,68.2,58.1,80.9,76.7,74.1,22.75,70.0,36.27081484,25.8736998,27.0,60.0,70.0,6.779291553133518,15.475000000000009,50.0,20.813072979829656,41.19627859879862,55.06439798919962,44.17716380933275,11.127145776566763,45.291233266666666,23.906536489914828,31.125519835620253,69.06666666666668,73.35,80.9,76.7,74.1,70.0,74.01944444444445,4.4587307164526,10.603285416666665,7.531008066559632,17.0,0.2,19.0,0.1,14.0,0.38095238095238093,20.0,0.13636363636363635
DO,DOM,2010,Dominican Republic,Caribbean,0,0,1,0.129,PLD,Dominican Liberation Party,68.0,59.5,76.7,76.7,73.7,22.75,70.0,37.6,29.200000000000003,20.0,60.0,70.0,6.163487738419619,15.475000000000009,0.0,19.1732655945856,39.86992529046607,57.18554278054125,44.88515602366911,10.819243869209814,29.733333333333334,19.5866327972928,26.256091505876263,68.06666666666666,73.35,76.7,76.7,73.7,70.0,73.08611111111111,3.387035804258038,9.428108333333332,6.407572068795686,16.0,0.25,18.0,0.15,14.0,0.38095238095238093,18.0,0.22727272727272727
DO,DOM,2011,Dominican Republic,Caribbean,0,0,1,0.1296666666666666,PLD,Dominican Liberation Party,67.5,58.4,82.7,76.7,74.3,22.75,70.0,43.6,22.90000000000001,20.200000000000003,60.0,70.0,5.686743258420478,15.475000000000009,0.0,19.33105247860631,38.83185196998866,55.635102636383166,46.02231820212395,10.580871629210243,27.633333333333336,19.765526239303156,26.000512350992672,69.53333333333335,73.35,82.7,76.7,74.3,70.0,74.43055555555556,3.3713997681787147,9.651162037037032,6.511280902607874,17.0,0.23809523809523808,19.0,0.14285714285714285,15.0,0.36363636363636365,20.0,0.17391304347826086
DO,DOM,2012,Dominican Republic,Caribbean,0,0,1,0.1303333333333333,PLD,Dominican Liberation Party,66.8,56.2,84.8,76.7,73.8,22.75,70.0,44.5,24.90000000000001,19.90000000000001,60.0,70.0,7.059310144853384,15.475000000000009,0.0,20.21454425868606,38.838475099693895,56.60023651242936,46.646237204041086,11.267155072426696,28.3,20.057272129343033,26.567666101452705,69.26666666666667,73.35,84.8,76.7,73.8,70.0,74.65277777777779,3.462652481889335,9.729745370370368,6.596198926129851,18.0,0.19047619047619047,19.0,0.14285714285714285,15.0,0.36363636363636365,21.0,0.13043478260869565
DO,DOM,2013,Dominican Republic,Caribbean,0,0,1,0.131,PLD,Dominican Liberation Party,66.69999999999999,54.6,87.7,69.0,71.8,24.625,70.0,46.3,27.099999999999994,22.200000000000003,60.0,74.0,7.366202648657008,15.475000000000009,0.0,20.390123575652357,39.92372445960855,57.78508311428158,48.00293585796337,11.420601324328508,29.03333333333333,21.295061787826178,27.437983075862846,69.66666666666667,71.5,87.7,69.0,71.8,70.0,73.27777777777779,3.594375782938033,9.59938888888889,6.596882335913461,19.0,0.18181818181818182,19.0,0.18181818181818182,17.0,0.30434782608695654,22.0,0.125
DO,DOM,2014,Dominican Republic,Caribbean,0,0,1,0.1316666666666666,PLD,Dominican Liberation Party,66.9,57.3,87.7,69.0,73.3,24.625,70.0,43.9,24.3,22.200000000000003,60.0,72.7,7.844936972916059,15.475000000000009,0.0,18.6629431877235,39.3251085390396,58.844539590302254,47.35654937644728,11.659968486458034,28.099999999999998,20.43147159386175,26.886997364191764,70.63333333333334,70.85,87.7,69.0,73.3,70.0,73.58055555555556,3.5401213196185806,9.688106481481478,6.614113900550029,20.0,0.13636363636363635,20.0,0.13636363636363635,18.0,0.2608695652173913,22.0,0.125
DO,DOM,2015,Dominican Republic,Caribbean,0,0,1,0.1323333333333333,PLD,Dominican Liberation Party,66.3,57.3,87.7,69.1,72.7,36.625,70.0,46.5,24.0,22.200000000000003,60.0,71.0,4.144034047511624,15.475000000000009,0.0,17.54882960792061,39.6712560595693,60.05962746981651,48.7436278431286,9.809517023755816,28.0,19.874414803960306,26.606889917711182,70.43333333333334,70.05,87.7,69.1,72.7,70.0,73.33055555555555,3.520978432443779,9.704076851851848,6.612527642147814,20.0,0.13636363636363635,20.0,0.13636363636363635,18.0,0.2608695652173913,22.0,0.125
DO,DOM,2016,Dominican Republic,Caribbean,0,0,1,0.133,PLD,Dominican Liberation Party,65.9,56.2,86.3,69.1,72.39999999999999,36.625,75.0,43.4,26.90000000000001,22.8,60.0,68.0,3.651226158038156,15.475000000000009,0.0,18.586642785369463,41.04447887556465,60.61708774342536,48.353855539663336,9.563113079019082,28.96666666666667,20.69332139268473,26.894239169508452,69.46666666666667,68.55,86.3,69.1,72.39999999999999,75.0,73.46944444444443,3.576933809544624,9.771436111111111,6.674184960327867,18.0,0.19047619047619047,19.0,0.14285714285714285,13.0,0.45454545454545453,21.0,0.13043478260869565
DO,DOM,2017,Dominican Republic,Caribbean,0,0,1,0.133,PLD,Dominican Liberation Party,69.3,56.2,89.1,73.1,73.5,36.625,43.9,47.2,23.3,23.0,60.0,69.1,3.405994550408721,20.27500000000001,0.0,18.47369779010017,41.33214436115019,60.15713672328648,49.56309369481222,11.840497275204365,27.766666666666666,20.736848895050088,27.476776632933333,71.53333333333333,71.1,89.1,73.1,73.5,43.9,70.37222222222222,3.6544112921801335,9.359505555555556,6.506958423867845,17.0,0.23809523809523808,18.0,0.19047619047619047,12.0,0.5,20.0,0.17391304347826086
DO,DOM,2018,Dominican Republic,Caribbean,0,0,1,0.133,PLD,Dominican Liberation Party,72.19999999999999,56.2,86.9,73.1,73.5,31.974999999999994,48.3,46.8,22.90000000000001,27.599999999999994,60.0,73.8,4.005449591280666,14.099999999999994,0.0,17.535995337261255,41.089479661150186,62.24270452120314,50.04406139411777,9.05272479564033,27.633333333333336,22.567997668630625,27.324529297930514,71.76666666666667,73.44999999999999,86.9,73.1,73.5,48.3,71.16944444444444,3.6341623966247587,9.46553611111111,6.549849253867935,15.0,0.3,18.0,0.15,10.0,0.5714285714285714,21.0,0.09090909090909091
DO,DOM,2019,Dominican Republic,Caribbean,0,0,1,0.133,PLD,Dominican Liberation Party,74.4,53.2,86.9,73.1,72.6,51.35,49.4,48.1,20.3,24.200000000000003,60.0,76.8,4.005449591280666,14.099999999999994,0.0,17.479437584933137,41.089479661150186,61.13159341009204,50.10702435708074,9.05272479564033,26.766666666666666,20.83971879246657,26.691533652963574,71.5,74.94999999999999,86.9,73.1,72.6,49.4,71.40833333333332,3.5499739758441557,9.497308333333331,6.523641154588743,15.0,0.2222222222222222,16.0,0.16666666666666666,10.0,0.5263157894736842,19.0,0.1
DO,DOM,2020,Dominican Republic,Caribbean,0,0,1,,,,41.1,24.0,82.1,48.9,51.6,16.60000000000001,44.2,49.7,26.5,23.40000000000001,60.0,68.8,4.005449591280666,14.099999999999994,0.0,24.647262482495165,41.089479661150186,53.31909341009204,48.03619102374741,9.05272479564033,28.833333333333332,24.023631241247585,27.486470098492166,49.06666666666666,58.849999999999994,82.1,48.9,51.6,44.2,55.786111111111104,,,,,,,,,,,
EC,ECU,2000,Ecuador,South America,0,0,0,,,,61.2,65.0,31.5,55.00000000000001,59.7,38.325,50.0,45.0,41.7,33.0,50.0,77.0,1.4168937329700384,34.650000000000006,0.0,31.104922650414764,65.99824248538943,52.25674124949304,54.41832791162749,18.033446866485022,30.566666666666666,32.05246132520738,33.76772569249664,52.56666666666666,66.0,31.5,55.00000000000001,59.7,50.0,52.46111111111111,,,,,,,,,,,
EC,ECU,2001,Ecuador,South America,0,0,0,,,,61.2,65.0,31.5,55.00000000000001,59.7,38.325,70.0,45.0,48.1,41.0,70.0,76.0,1.4168937329700384,34.650000000000006,0.0,30.75624841245745,64.49207869246136,61.77139399299153,57.087824228484294,18.033446866485022,39.36666666666667,35.878124206228726,37.59151549196618,52.56666666666666,65.5,31.5,55.00000000000001,59.7,70.0,55.71111111111111,,,,,,,,,,,
EC,ECU,2002,Ecuador,South America,0,0,0,,,,61.2,65.0,31.5,55.00000000000001,59.8,38.325,70.0,45.0,66.6,37.6,70.0,74.0,1.4168937329700384,34.650000000000006,0.0,29.69169186195504,60.41469486634181,58.717741249493045,54.71081203861163,18.033446866485022,45.53333333333333,33.64584593097752,37.98085954235187,52.56666666666666,64.5,31.5,55.00000000000001,59.8,70.0,55.56111111111111,,,,,,,,,,,
EC,ECU,2003,Ecuador,South America,0,0,0,0.7355,PSP,Patriotic Society Party,62.6,63.8,31.5,60.2,60.8,38.325,70.0,45.0,56.2,37.2,50.0,77.0,1.4168937329700384,34.650000000000006,0.0,28.787354848964117,59.93850439015133,57.88440791615972,54.274304102103684,18.033446866485022,35.4,32.99367742448206,35.17535709826769,52.63333333333333,68.6,31.5,60.2,60.8,70.0,57.28888888888889,25.871475145775886,42.13597777777778,34.003726461776836,3.0,0.9047619047619048,3.0,0.9047619047619048,3.0,0.9090909090909091,5.0,0.8260869565217391
EC,ECU,2004,Ecuador,South America,0,0,0,0.732,PSP,Patriotic Society Party,62.2,65.0,31.5,59.9,61.5,38.325,70.0,45.0,42.4,37.6,50.0,78.0,1.4168937329700384,35.67235113271241,100.0,27.36376649763744,60.42837850071509,62.60386714843767,56.01074854971759,18.544622432841223,64.13333333333334,32.48188324881872,42.79264689117772,52.9,68.95,31.5,59.9,61.5,70.0,57.458333333333336,31.32421752434209,42.0595,36.691858762171044,3.0,0.9,2.0,0.95,3.0,0.9047619047619048,5.0,0.8181818181818182
EC,ECU,2005,Ecuador,South America,0,0,0,,,,62.8,64.1,31.5,65.5,61.7,38.325,70.0,45.0,31.700000000000003,36.0,50.0,78.0,4.087193460490468,34.650000000000006,100.0,25.49409755100289,56.15095879232967,64.48143124834743,55.210796680225705,19.368596730245237,60.56666666666666,30.747048775501447,41.47327721315976,52.79999999999999,71.75,31.5,65.5,61.7,70.0,58.875,,,,,,,,,,,
EC,ECU,2006,Ecuador,South America,0,0,0,,,,62.0,62.8,35.599999999999994,64.1,61.2,35.85000000000001,70.0,41.8,23.90000000000001,33.0,50.0,76.0,4.087193460490468,34.650000000000006,100.0,24.803658921354653,60.51531232208964,63.6113323327393,55.30888155160965,19.368596730245237,57.96666666666667,28.901829460677327,40.38649360229972,53.46666666666666,70.05,35.599999999999994,64.1,61.2,70.0,59.069444444444436,,,,,,,,,,,
EC,ECU,2007,Ecuador,South America,0,0,0,0.977,PAIS,PAIS Alliance,58.6,63.8,55.7,62.3,64.7,36.025,70.0,41.2,25.5,33.0,40.0,75.0,4.087193460490468,34.650000000000006,100.0,23.264043344618926,60.21131373415851,62.618015526925234,54.67644308702791,19.368596730245237,55.166666666666664,28.132021672309463,39.33593203906232,59.366666666666674,68.65,55.7,62.3,64.7,70.0,63.45277777777778,38.431205602163885,61.993363888888894,50.21228474552639,2.0,0.9523809523809523,2.0,0.9523809523809523,2.0,0.9545454545454546,2.0,0.9565217391304348
EC,ECU,2008,Ecuador,South America,0,0,0,0.9725,PAIS,PAIS Alliance,60.5,76.0,69.8,62.0,70.89999999999999,36.5,70.0,41.31811288,25.8763833,32.400000000000006,50.0,77.0,4.087193460490468,38.14999999999999,100.0,26.250209407386336,63.4319109368736,62.42400017415486,55.724674663676154,21.11859673024523,58.625461099999995,29.32510470369317,41.19845929940364,68.76666666666667,69.5,69.8,62.0,70.89999999999999,70.0,68.49444444444444,40.06550166867004,66.61084722222222,53.33817444544613,2.0,0.9523809523809523,2.0,0.9523809523809523,2.0,0.9545454545454546,2.0,0.9565217391304348
EC,ECU,2009,Ecuador,South America,0,0,0,0.968,PAIS,PAIS Alliance,60.0,76.3,73.8,62.0,71.39999999999999,32.95,75.0,46.00415757,24.987015220000004,27.40000000000001,60.0,79.0,4.087193460490468,38.14999999999999,100.0,30.01540585574962,61.2454468429735,61.11304405706236,56.12088282334528,21.11859673024523,61.66233840666666,28.707702927874813,41.902380222032996,70.03333333333335,70.5,73.8,62.0,71.39999999999999,75.0,70.45555555555556,40.56150405492794,68.20097777777778,54.38124091635286,2.0,0.95,2.0,0.95,2.0,0.9523809523809523,2.0,0.9545454545454546
EC,ECU,2010,Ecuador,South America,0,0,0,0.96625,PAIS,PAIS Alliance,61.4,78.0,74.0,63.3,72.7,38.74999999999999,80.0,47.1,36.1,28.200000000000003,60.0,80.0,4.087193460490468,40.45,100.0,28.74234709769094,58.992806823909774,58.52640966476825,54.873072162892676,22.268596730245235,65.36666666666666,28.47117354884547,42.7448772771625,71.13333333333334,71.65,74.0,63.3,72.7,80.0,72.13055555555556,41.30223766905827,69.69614930555556,55.49919348730692,2.0,0.95,2.0,0.95,2.0,0.9523809523809523,2.0,0.9545454545454546
EC,ECU,2011,Ecuador,South America,0,0,0,0.9645,PAIS,PAIS Alliance,62.0,78.0,74.0,63.3,72.7,38.74999999999999,80.0,46.5,35.099999999999994,24.0,60.0,78.0,4.087193460490468,40.45,100.0,29.63403688345909,57.26992035192766,59.705849440251946,54.491923264059864,22.268596730245235,65.03333333333333,26.817018441729545,42.152717942341994,71.33333333333333,70.65,74.0,63.3,72.7,80.0,71.99722222222222,40.656296455388855,69.44132083333334,55.048808644361095,2.0,0.9523809523809523,2.0,0.9523809523809523,2.0,0.9545454545454546,2.0,0.9565217391304348
EC,ECU,2012,Ecuador,South America,0,0,0,0.96275,PAIS,PAIS Alliance,61.8,78.0,77.6,63.3,73.6,35.375,80.0,45.9,33.2,31.90000000000001,60.0,75.0,4.087193460490468,40.45,100.0,28.317096961379164,56.55205241353009,61.18656447121637,54.54620562824882,22.268596730245235,64.39999999999999,30.108548480689585,42.830837709795915,72.46666666666667,69.15,77.6,63.3,73.6,80.0,72.68611111111112,41.235389005106015,69.97855347222223,55.60697123866412,2.0,0.9523809523809523,2.0,0.9523809523809523,2.0,0.9545454545454546,2.0,0.9565217391304348
EC,ECU,2013,Ecuador,South America,0,0,0,0.961,PAIS,PAIS Alliance,64.1,80.9,84.8,65.60000000000001,75.7,54.4,80.0,48.5,33.099999999999994,31.90000000000001,60.0,73.0,4.087193460490468,40.45,100.0,28.823668677295387,59.82561881376954,71.69260385944386,60.00607422440447,22.268596730245235,64.36666666666666,30.361834338647697,44.25079298999102,76.60000000000001,69.30000000000001,84.8,65.60000000000001,75.7,80.0,75.33333333333334,42.52501206338137,72.39533333333334,57.460172698357354,2.0,0.9545454545454546,2.0,0.9545454545454546,2.0,0.9565217391304348,2.0,0.9583333333333334
EC,ECU,2014,Ecuador,South America,0,0,0,0.94225,PAIS,PAIS Alliance,65.30000000000001,83.4,85.1,65.60000000000001,77.4,54.4,80.0,47.2,33.900000000000006,28.200000000000003,60.0,74.0,4.087193460490468,40.45,100.0,37.01154249749418,60.70011346526872,66.5303618045046,58.14349175659111,22.268596730245235,64.63333333333334,32.60577124874709,44.41279826722919,77.93333333333334,69.80000000000001,85.1,65.60000000000001,77.4,80.0,75.97222222222223,41.84795916729671,71.5848263888889,56.7163927780928,2.0,0.9545454545454546,3.0,0.9090909090909091,2.0,0.9565217391304348,2.0,0.9583333333333334
EC,ECU,2015,Ecuador,South America,0,0,0,0.9235,PAIS,PAIS Alliance,65.30000000000001,83.4,84.7,65.60000000000001,76.7,54.4,85.0,48.6,31.8,28.599999999999994,60.0,65.0,4.087193460490468,40.45,50.0,33.0005582795591,48.497690540161855,66.88714459355172,54.66161171123787,22.268596730245235,47.26666666666667,30.800279139779548,38.74928856198233,77.80000000000001,65.30000000000001,84.7,65.60000000000001,76.7,85.0,75.85000000000001,35.78496798699069,70.047475,52.91622149349534,2.0,0.9545454545454546,2.0,0.9545454545454546,2.0,0.9565217391304348,2.0,0.9583333333333334
EC,ECU,2016,Ecuador,South America,0,0,0,0.90475,PAIS,PAIS Alliance,66.1,83.4,83.8,65.60000000000001,76.7,54.4,85.0,44.5,31.90000000000001,28.599999999999994,60.0,67.0,4.087193460490468,40.45,50.0,33.25129660268968,49.32363920227874,65.67931357060579,53.16765092429484,22.268596730245235,47.300000000000004,30.925648301344836,38.41547398897123,77.76666666666667,66.30000000000001,83.8,65.60000000000001,76.7,85.0,75.86111111111111,34.75640009152172,68.63534027777779,51.69587018464975,2.0,0.9523809523809523,2.0,0.9523809523809523,2.0,0.9545454545454546,2.0,0.9565217391304348
EC,ECU,2017,Ecuador,South America,0,0,0,0.886,PAIS,PAIS Alliance,56.0,74.4,47.2,41.8,62.5,56.475,61.3,44.6,32.3,30.3,60.0,66.1,4.087193460490468,40.475,50.0,32.81893657539256,48.95922877648125,68.76874308842139,54.10932395496754,22.281096730245235,47.43333333333334,31.559468287696284,38.8458055765606,59.20000000000001,53.949999999999996,47.2,41.8,62.5,61.3,54.32500000000001,34.41738374083269,48.13195000000001,41.274666870416354,3.0,0.9047619047619048,2.0,0.9523809523809523,4.0,0.8636363636363636,2.0,0.9565217391304348
EC,ECU,2018,Ecuador,South America,0,0,0,0.886,PAIS,PAIS Alliance,48.6,48.7,29.80000000000001,46.1,49.8,22.82499999999999,63.3,44.4,29.90000000000001,31.200000000000003,60.0,69.8,4.087193460490468,39.525,50.0,32.49823676319524,49.29312377886219,66.43707492800472,53.37673290228897,21.806096730245233,46.63333333333333,31.84911838159762,38.41632033686629,42.366666666666674,57.95,29.80000000000001,46.1,49.8,63.3,48.21944444444444,34.03685981846353,42.722427777777774,38.379643798120654,4.0,0.85,2.0,0.95,4.0,0.8571428571428571,2.0,0.9545454545454546
EC,ECU,2019,Ecuador,South America,0,0,0,0.886,PAIS,PAIS Alliance,47.4,49.7,26.40000000000001,46.1,48.4,33.75,64.1,45.9,26.5,33.599999999999994,60.0,74.7,4.087193460490468,37.075,50.0,33.45820650498902,49.29312377886219,65.19332492800473,53.462149568955645,20.581096730245235,45.5,33.52910325249451,38.26808738792385,41.166666666666664,60.400000000000006,26.40000000000001,46.1,48.4,64.1,47.76111111111111,33.90552542570053,42.31634444444445,38.11093493507249,4.0,0.8333333333333334,2.0,0.9444444444444444,5.0,0.7894736842105263,3.0,0.9
EC,ECU,2020,Ecuador,South America,0,0,0,,,,47.2,45.49999999999999,19.0,47.4,44.5,21.950000000000003,59.6,46.2,19.0,34.0,60.0,66.6,4.087193460490468,37.075,50.0,39.70723476301467,49.29312377886219,65.19332492800473,53.56214956895564,20.581096730245235,43.0,36.853617381507334,38.49921592017705,37.23333333333333,57.0,19.0,47.4,44.5,59.6,44.12222222222223,,,,,,,,,,,
SV,SLV,2000,El Salvador,Central America,0,0,0,0.083,ARENA,Nationalist Republican Alliance,61.2,45.7,55.4,69.3,58.4,38.85,30.0,15.0,17.099999999999994,25.0,30.0,64.0,0.0,9.650000000000006,0.0,11.646651694054384,38.52599420106947,42.210735393164505,31.91224319807799,4.825000000000003,15.699999999999998,18.323325847027192,17.690142261276293,54.1,66.65,55.4,69.3,58.4,30.0,55.64166666666666,1.4682818076859323,4.6182583333333325,3.0432700705096325,19.0,0.1,19.0,0.1,18.0,0.19047619047619047,21.0,0.09090909090909091
SV,SLV,2001,El Salvador,Central America,0,0,0,0.083,ARENA,Nationalist Republican Alliance,61.2,45.7,52.1,69.3,58.5,38.85,50.0,15.0,12.400000000000006,22.8,30.0,61.0,0.0,9.650000000000006,0.0,12.323049842119431,38.31353990143336,46.35499372649784,33.222844542643735,4.825000000000003,14.133333333333335,17.561524921059714,17.435675699259196,53.0,65.15,52.1,69.3,58.5,50.0,58.00833333333333,1.4471610830385133,4.814691666666667,3.13092637485259,18.0,0.15,19.0,0.1,18.0,0.19047619047619047,20.0,0.13636363636363635
SV,SLV,2002,El Salvador,Central America,0,0,0,0.083,ARENA,Nationalist Republican Alliance,61.4,45.7,52.1,69.3,58.5,38.85,50.0,15.0,13.700000000000005,22.599999999999994,30.0,59.0,0.0,9.650000000000006,0.0,12.207730450535747,37.44867991535519,47.63103539316453,33.35990510283991,4.825000000000003,14.566666666666668,17.40386522526787,17.538859248693612,53.06666666666666,64.15,52.1,69.3,58.5,50.0,57.85277777777778,1.4557253176415699,4.801780555555556,3.128752936598563,20.0,0.09523809523809523,20.0,0.09523809523809523,19.0,0.18181818181818182,22.0,0.08695652173913043
SV,SLV,2003,El Salvador,Central America,0,0,0,0.083,ARENA,Nationalist Republican Alliance,61.7,42.3,52.1,69.3,56.6,38.85,50.0,15.0,16.200000000000003,28.0,30.0,64.0,0.0,9.650000000000006,0.0,12.000290891397626,36.972489439164704,50.75603539316453,34.242841610776416,4.825000000000003,15.4,20.000145445698813,18.61699676411881,52.03333333333333,66.65,52.1,69.3,56.6,50.0,57.78055555555556,1.5452107314218613,4.795786111111112,3.170498421266487,21.0,0.047619047619047616,21.0,0.047619047619047616,20.0,0.13636363636363635,23.0,0.043478260869565216
SV,SLV,2004,El Salvador,Central America,0,0,0,0.0833333333333333,ARENA,Nationalist Republican Alliance,64.5,42.3,52.1,70.6,56.99999999999999,38.85,50.0,15.0,14.799999999999995,27.8,30.0,66.0,0.0,2.8870177547272817,0.0,15.101041067321006,38.09007933226481,48.44516068867279,33.8450800069792,1.4435088773636409,14.933333333333332,21.4505205336605,17.91811068783417,52.96666666666667,68.3,52.1,70.6,56.99999999999999,50.0,58.49444444444444,1.4931758906528467,4.874537037037035,3.1838564638449407,20.0,0.05,20.0,0.05,18.0,0.19047619047619047,22.0,0.045454545454545456
SV,SLV,2005,El Salvador,Central America,0,0,0,0.0836666666666666,ARENA,Nationalist Republican Alliance,65.6,42.3,52.0,73.1,56.89999999999999,38.85,50.0,15.0,14.400000000000006,27.200000000000003,30.0,63.0,6.810297097572757,9.650000000000006,0.0,19.13803786403392,34.00615164071013,57.04513436608701,35.35042866893238,8.230148548786381,14.800000000000002,23.16901893201696,20.38739903743393,53.29999999999999,68.05,52.0,73.1,56.89999999999999,50.0,58.89166666666666,1.705745719465304,4.927269444444439,3.3165075819548715,18.0,0.05555555555555555,19.0,0.05263157894736842,16.0,0.21052631578947367,21.0,0.047619047619047616
SV,SLV,2006,El Salvador,Central America,0,0,0,0.084,ARENA,Nationalist Republican Alliance,65.30000000000001,41.400000000000006,52.0,73.1,56.10000000000001,38.85,50.0,42.1,17.099999999999994,23.599999999999994,30.0,58.0,7.084468664850135,9.650000000000006,0.0,16.696249718955727,35.10260198182132,48.20253509855615,41.801712360125826,8.36723433242507,15.699999999999998,20.14812485947786,21.50426788800719,52.900000000000006,65.55,52.0,73.1,56.10000000000001,50.0,58.275,1.8063585025926039,4.8951,3.3507292512963023,20.0,0.05,20.0,0.05,18.0,0.19047619047619047,22.0,0.045454545454545456
SV,SLV,2007,El Salvador,Central America,0,0,0,0.084,ARENA,Nationalist Republican Alliance,65.30000000000001,41.400000000000006,52.0,73.1,56.00000000000001,38.85,50.0,39.8,22.3,23.40000000000001,30.0,58.0,5.765036070111904,9.650000000000006,0.0,15.729674587574962,35.39246569202095,50.13456747243293,41.77567772148462,7.707518035055955,17.433333333333334,19.564837293787484,21.62034159591535,52.900000000000006,65.55,52.0,73.1,56.00000000000001,50.0,58.25833333333333,1.8161086940568893,4.8937,3.3549043470284445,21.0,0.047619047619047616,21.0,0.047619047619047616,19.0,0.18181818181818182,23.0,0.043478260869565216
SV,SLV,2008,El Salvador,Central America,0,0,0,0.084,ARENA,Nationalist Republican Alliance,62.7,35.900000000000006,52.0,69.39999999999999,52.6,38.85,50.0,40.49371723,23.233699290000004,23.40000000000001,30.0,60.0,8.980061281472842,9.650000000000006,0.0,15.015677475753137,37.17237368456537,47.72255997904496,41.796216964536775,9.315030640736424,17.744566430000003,19.20783873787657,22.015913193287442,50.20000000000001,64.69999999999999,52.0,69.39999999999999,52.6,50.0,56.48333333333334,1.8493367082361454,4.744600000000001,3.296968354118073,21.0,0.047619047619047616,21.0,0.047619047619047616,20.0,0.13636363636363635,23.0,0.043478260869565216
SV,SLV,2009,El Salvador,Central America,0,0,0,0.913,FMLN,Farabundo Martí National Liberation Front,60.9,34.39999999999999,43.3,62.0,50.0,38.85,50.0,32.654399510000005,22.62112377,18.200000000000003,30.0,60.0,8.015325902049,9.650000000000006,0.0,17.483974966427738,38.32591517555578,50.14318491744759,40.374499867667794,8.832662951024503,17.54037459,17.84198748321387,21.14738122297654,46.19999999999999,61.0,43.3,62.0,50.0,50.0,52.083333333333336,19.307559056577585,47.552083333333336,33.42982119495546,7.0,0.7,8.0,0.65,6.0,0.7619047619047619,4.0,0.8636363636363636
SV,SLV,2010,El Salvador,Central America,0,0,0,0.863,FMLN,Farabundo Martí National Liberation Front,58.7,29.60000000000001,39.2,62.0,46.3,32.22500000000001,50.0,32.599999999999994,25.90000000000001,16.200000000000003,30.0,61.0,8.403269754768402,9.650000000000006,0.0,19.531694764885103,38.199194092612025,52.98046031667202,41.259884803094685,9.026634877384204,18.633333333333336,17.865847382442553,21.696425099063696,42.50000000000001,61.5,39.2,62.0,46.3,50.0,50.25,18.72401486049197,43.36575,31.044882430245984,7.0,0.7,9.0,0.6,6.0,0.7619047619047619,6.0,0.7727272727272727
SV,SLV,2011,El Salvador,Central America,0,0,0,0.8130000000000001,FMLN,Farabundo Martí National Liberation Front,58.7,29.60000000000001,39.2,62.0,46.3,32.22500000000001,60.0,34.5,20.099999999999994,15.0,30.0,66.0,10.136239782016348,9.650000000000006,0.0,21.36002471334274,37.29834732648126,53.26576670655298,41.688038011011415,9.893119891008176,16.7,18.18001235667137,21.61529256467274,42.50000000000001,64.0,39.2,62.0,46.3,60.0,52.333333333333336,17.57323285507894,42.547000000000004,30.06011642753947,7.0,0.7142857142857143,11.0,0.5238095238095238,6.0,0.7727272727272727,6.0,0.782608695652174
SV,SLV,2012,El Salvador,Central America,0,0,0,0.763,FMLN,Farabundo Martí National Liberation Front,57.8,27.8,39.2,62.0,44.5,32.22500000000001,60.0,36.8,17.900000000000006,21.0,30.0,64.0,8.947898953337031,9.650000000000006,0.0,23.10164011899901,49.97773130853254,55.40085380547488,47.392861704669144,9.298949476668518,15.966666666666669,22.050820059499507,23.67732447687596,41.6,63.0,39.2,62.0,44.5,60.0,51.71666666666667,18.06579857585636,39.45981666666667,28.762807621261516,7.0,0.7142857142857143,8.0,0.6666666666666666,7.0,0.7272727272727273,8.0,0.6956521739130435
SV,SLV,2013,El Salvador,Central America,0,0,0,0.7486666666666667,FMLN,Farabundo Martí National Liberation Front,52.3,27.8,36.2,45.2,40.7,32.22500000000001,60.0,38.2,20.40000000000001,21.0,30.0,66.0,7.119369234034906,16.724999999999994,0.0,23.810507170066288,52.75647681562677,54.925478089837625,48.62731830182147,11.92218461701745,16.8,22.405253585033144,24.93868912596802,38.766666666666666,55.6,36.2,45.2,40.7,60.0,46.077777777777776,18.670765258974725,34.4968962962963,26.583830777635512,7.0,0.7272727272727273,8.0,0.6818181818181818,7.0,0.7391304347826086,9.0,0.6666666666666666
SV,SLV,2014,El Salvador,Central America,0,0,0,0.7343333333333333,FMLN,Farabundo Martí National Liberation Front,50.5,27.8,36.2,38.1,38.8,32.22500000000001,60.0,40.4,20.0,21.0,30.0,65.7,5.239146658476543,16.724999999999994,0.0,18.15380615282677,48.65415023766162,57.2804687945747,48.778206344078775,10.982073329238268,16.666666666666668,19.576903076413387,24.000962354099276,38.166666666666664,51.900000000000006,36.2,38.1,38.8,60.0,43.861111111111114,17.624706688693568,32.208675925925924,24.916691307309748,7.0,0.7272727272727273,9.0,0.6363636363636364,8.0,0.6956521739130435,9.0,0.6666666666666666
SV,SLV,2015,El Salvador,Central America,0,0,0,0.72,FMLN,Farabundo Martí National Liberation Front,50.5,27.8,36.2,36.0,38.8,32.22500000000001,65.0,46.7,17.5,14.799999999999995,30.0,62.0,5.279108519494258,16.724999999999994,0.0,20.05659676911739,49.76000984770031,56.84846226855235,51.102824038750896,11.002054259747126,15.833333333333334,17.428298384558694,23.84162750409751,38.166666666666664,49.0,36.2,36.0,38.8,65.0,43.861111111111114,17.165971802950207,31.580000000000002,24.372985901475104,8.0,0.6818181818181818,9.0,0.6363636363636364,7.0,0.7391304347826086,9.0,0.6666666666666666
SV,SLV,2016,El Salvador,Central America,0,0,0,0.72,FMLN,Farabundo Martí National Liberation Front,51.5,28.700000000000003,34.7,36.0,38.7,32.22500000000001,65.0,44.0,16.599999999999994,14.200000000000005,40.0,61.0,6.566757493188007,16.724999999999994,0.0,20.08053857892717,51.39536455529735,55.60530174970175,50.3335554349997,11.645878746594,18.866666666666664,17.14026928946359,24.496592534430988,38.300000000000004,48.5,34.7,36.0,38.7,65.0,43.53333333333333,17.63754662479031,31.343999999999998,24.490773312395156,6.0,0.7619047619047619,7.0,0.7142857142857143,5.0,0.8181818181818182,8.0,0.6956521739130435
SV,SLV,2017,El Salvador,Central America,0,0,0,0.72,FMLN,Farabundo Martí National Liberation Front,54.6,30.5,33.39999999999999,42.1,40.2,32.22500000000001,54.7,42.7,20.8,13.5,40.0,68.3,6.757493188010884,10.299999999999995,0.0,19.61934218310213,52.000515667276105,56.72288204206286,50.474465903112986,8.52874659400544,20.266666666666666,16.559671091551067,23.95738756383404,39.49999999999999,55.2,33.39999999999999,42.1,40.2,54.7,44.18333333333333,17.249319045960508,31.811999999999998,24.53065952298025,6.0,0.7619047619047619,6.0,0.7619047619047619,5.0,0.8181818181818182,6.0,0.782608695652174
SV,SLV,2018,El Salvador,Central America,0,0,0,0.72,FMLN,Farabundo Martí National Liberation Front,61.0,33.2,37.3,59.7,44.8,32.22500000000001,62.7,41.8,20.200000000000003,13.599999999999994,40.0,74.8,6.185286103542211,10.299999999999995,0.0,20.780870119769148,51.64852469346658,55.53995294574015,49.66282587973557,8.242643051771104,20.066666666666666,17.19043505988457,23.79064266451448,43.833333333333336,67.25,37.3,59.7,44.8,62.7,52.59722222222222,17.129262718450423,37.87,27.499631359225212,5.0,0.8,5.0,0.8,5.0,0.8095238095238095,5.0,0.8181818181818182
SV,SLV,2019,El Salvador,Central America,0,0,0,,,,59.4,40.400000000000006,27.0,47.7,41.9,56.15,62.4,42.8,21.0,18.599999999999994,40.0,76.6,6.648501362397809,10.299999999999995,0.0,19.875792853196884,51.64852469346658,53.87328627907348,49.44060365751335,8.474250681198903,20.333333333333332,19.23789642659844,24.371521024661007,42.26666666666667,62.15,27.0,47.7,41.9,62.4,47.236111111111114,,,,,,,,,,,
SV,SLV,2020,El Salvador,Central America,0,0,0,,,,69.1,49.8,29.700000000000003,63.3,52.1,76.925,58.4,46.4,21.40000000000001,19.200000000000003,40.0,68.4,5.47683923705722,10.299999999999995,0.0,25.307809473301603,51.64852469346658,53.87328627907348,50.64060365751336,7.888419618528608,20.46666666666667,22.253904736650803,25.312398669839858,49.53333333333333,65.85,29.700000000000003,63.3,52.1,58.4,53.14722222222222,,,,,,,,,,,
NA,FLK,2000,Falkland Islands,South America,0,0,0,,,,,,,,,,,,,,,,,,,,,,,,,,,,,,,,,,,,,,,,,,,,
NA,FLK,2001,Falkland Islands,South America,0,0,0,,,,,,,,,,,,,,,,,,,,,,,,,,,,,,,,,,,,,,,,,,,,
NA,FLK,2002,Falkland Islands,South America,0,0,0,,,,,,,,,,,,,,,,,,,,,,,,,,,,,,,,,,,,,,,,,,,,
NA,FLK,2003,Falkland Islands,South America,0,0,0,,,,,,,,,,,,,,,,,,,,,,,,,,,,,,,,,,,,,,,,,,,,
NA,FLK,2004,Falkland Islands,South America,0,0,0,,,,,,,,,,,,,,,,,,,,,,,,,,,,,,,,,,,,,,,,,,,,
NA,FLK,2005,Falkland Islands,South America,0,0,0,,,,,,,,,,,,,,,,,,,,,,,,,,,,,,,,,,,,,,,,,,,,
NA,FLK,2006,Falkland Islands,South America,0,0,0,,,,,,,,,,,,,,,,,,,,,,,,,,,,,,,,,,,,,,,,,,,,
NA,FLK,2007,Falkland Islands,South America,0,0,0,,,,,,,,,,,,,,,,,,,,,,,,,,,,,,,,,,,,,,,,,,,,
NA,FLK,2008,Falkland Islands,South America,0,0,0,,,,,,,,,,,,,,,,,,,,,,,,,,,,,,,,,,,,,,,,,,,,
NA,FLK,2009,Falkland Islands,South America,0,0,0,,,,,,,,,,,,,,,,,,,,,,,,,,,,,,,,,,,,,,,,,,,,
NA,FLK,2010,Falkland Islands,South America,0,0,0,,,,,,,,,,,,,,,,,,,,,,,,,,,,,,,,,,,,,,,,,,,,
NA,FLK,2011,Falkland Islands,South America,0,0,0,,,,,,,,,,,,,,,,,,,,,,,,,,,,,,,,,,,,,,,,,,,,
NA,FLK,2012,Falkland Islands,South America,0,0,0,,,,,,,,,,,,,,,,,,,,,,,,,,,,,,,,,,,,,,,,,,,,
NA,FLK,2013,Falkland Islands,South America,0,0,0,,,,,,,,,,,,,,,,,,,,,,,,,,,,,,,,,,,,,,,,,,,,
NA,FLK,2014,Falkland Islands,South America,0,0,0,,,,,,,,,,,,,,,,,,,,,,,,,,,,,,,,,,,,,,,,,,,,
NA,FLK,2015,Falkland Islands,South America,0,0,0,,,,,,,,,,,,,,,,,,,,,,,,,,,,,,,,,,,,,,,,,,,,
NA,FLK,2016,Falkland Islands,South America,0,0,0,,,,,,,,,,,,,,,,,,,,,,,,,,,,,,,,,,,,,,,,,,,,
NA,FLK,2017,Falkland Islands,South America,0,0,0,,,,,,,,,,,,,,,,,,,,,,,,,,,,,,,,,,,,,,,,,,,,
NA,FLK,2018,Falkland Islands,South America,0,0,0,,,,,,,,,,,,,,,,,,,,,,,,,,,,,,,,,,,,,,,,,,,,
NA,FLK,2019,Falkland Islands,South America,0,0,0,,,,,,,,,,,,,,,,,,,,,,,,,,,,,,,,,,,,,,,,,,,,
NA,FLK,2020,Falkland Islands,South America,0,0,0,,,,,,,,,,,,,,,,,,,,,,,,,,,,,,,,,,,,,,,,,,,,
NA,GUF,2000,French Guiana,South America,0,0,0,,,,,,,,,,,,,,,,,,,,,,,,,,,,,,,,,,,,,,,,,,,,
NA,GUF,2001,French Guiana,South America,0,0,0,,,,,,,,,,,,,,,,,,,,,,,,,,,,,,,,,,,,,,,,,,,,
NA,GUF,2002,French Guiana,South America,0,0,0,,,,,,,,,,,,,,,,,,,,,,,,,,,,,,,,,,,,,,,,,,,,
NA,GUF,2003,French Guiana,South America,0,0,0,,,,,,,,,,,,,,,,,,,,,,,,,,,,,,,,,,,,,,,,,,,,
NA,GUF,2004,French Guiana,South America,0,0,0,,,,,,,,,,,,,,,,,,,,,,,,,,,,,,,,,,,,,,,,,,,,
NA,GUF,2005,French Guiana,South America,0,0,0,,,,,,,,,,,,,,,,,,,,,,,,,,,,,,,,,,,,,,,,,,,,
NA,GUF,2006,French Guiana,South America,0,0,0,,,,,,,,,,,,,,,,,,,,,,,,,,,,,,,,,,,,,,,,,,,,
NA,GUF,2007,French Guiana,South America,0,0,0,,,,,,,,,,,,,,,,,,,,,,,,,,,,,,,,,,,,,,,,,,,,
NA,GUF,2008,French Guiana,South America,0,0,0,,,,,,,,,,,,,,,,,,,,,,,,,,,,,,,,,,,,,,,,,,,,
NA,GUF,2009,French Guiana,South America,0,0,0,,,,,,,,,,,,,,,,,,,,,,,,,,,,,,,,,,,,,,,,,,,,
NA,GUF,2010,French Guiana,South America,0,0,0,,,,,,,,,,,,,,,,,,,,,,,,,,,,,,,,,,,,,,,,,,,,
NA,GUF,2011,French Guiana,South America,0,0,0,,,,,,,,,,,,,,,,,,,,,,,,,,,,,,,,,,,,,,,,,,,,
NA,GUF,2012,French Guiana,South America,0,0,0,,,,,,,,,,,,,,,,,,,,,,,,,,,,,,,,,,,,,,,,,,,,
NA,GUF,2013,French Guiana,South America,0,0,0,,,,,,,,,,,,,,,,,,,,,,,,,,,,,,,,,,,,,,,,,,,,
NA,GUF,2014,French Guiana,South America,0,0,0,,,,,,,,,,,,,,,,,,,,,,,,,,,,,,,,,,,,,,,,,,,,
NA,GUF,2015,French Guiana,South America,0,0,0,,,,,,,,,,,,,,,,,,,,,,,,,,,,,,,,,,,,,,,,,,,,
NA,GUF,2016,French Guiana,South America,0,0,0,,,,,,,,,,,,,,,,,,,,,,,,,,,,,,,,,,,,,,,,,,,,
NA,GUF,2017,French Guiana,South America,0,0,0,,,,,,,,,,,,,,,,,,,,,,,,,,,,,,,,,,,,,,,,,,,,
NA,GUF,2018,French Guiana,South America,0,0,0,,,,,,,,,,,,,,,,,,,,,,,,,,,,,,,,,,,,,,,,,,,,
NA,GUF,2019,French Guiana,South America,0,0,0,,,,,,,,,,,,,,,,,,,,,,,,,,,,,,,,,,,,,,,,,,,,
NA,GUF,2020,French Guiana,South America,0,0,0,,,,,,,,,,,,,,,,,,,,,,,,,,,,,,,,,,,,,,,,,,,,
NA,GRD,2000,Grenada,Caribbean,0,0,1,,,,,,,,,,,,,,,,,,,,,,,,,,,,,,,,,,,,,,,,,,,,
NA,GRD,2001,Grenada,Caribbean,0,0,1,,,,,,,,,,,,,,,,,,,,,,,,,,,,,,,,,,,,,,,,,,,,
NA,GRD,2002,Grenada,Caribbean,0,0,1,,,,,,,,,,,,,,,,,,,,,,,,,,,,,,,,,,,,,,,,,,,,
NA,GRD,2003,Grenada,Caribbean,0,0,1,,,,,,,,,,,,,,,,,,,,,,,,,,,,,,,,,,,,,,,,,,,,
NA,GRD,2004,Grenada,Caribbean,0,0,1,,,,,,,,,,,,,,,,,,,,,,,,,,,,,,,,,,,,,,,,,,,,
NA,GRD,2005,Grenada,Caribbean,0,0,1,,,,,,,,,,,,,,,,,,,,,,,,,,,,,,,,,,,,,,,,,,,,
NA,GRD,2006,Grenada,Caribbean,0,0,1,,,,,,,,,,,,,,,,,,,,,,,,,,,,,,,,,,,,,,,,,,,,
NA,GRD,2007,Grenada,Caribbean,0,0,1,,,,,,,,,,,,,,,,,,,,,,,,,,,,,,,,,,,,,,,,,,,,
NA,GRD,2008,Grenada,Caribbean,0,0,1,,,,,,,,,,,,,,,,,,,,,,,,,,,,,,,,,,,,,,,,,,,,
NA,GRD,2009,Grenada,Caribbean,0,0,1,,,,,,,,,,,,,,,,,,,,,,,,,,,,,,,,,,,,,,,,,,,,
NA,GRD,2010,Grenada,Caribbean,0,0,1,,,,,,,,,,,,,,,,,,,,,,,,,,,,,,,,,,,,,,,,,,,,
NA,GRD,2011,Grenada,Caribbean,0,0,1,,,,,,,,,,,,,,,,,,,,,,,,,,,,,,,,,,,,,,,,,,,,
NA,GRD,2012,Grenada,Caribbean,0,0,1,,,,,,,,,,,,,,,,,,,,,,,,,,,,,,,,,,,,,,,,,,,,
NA,GRD,2013,Grenada,Caribbean,0,0,1,,,,,,,,,,,,,,,,,,,,,,,,,,,,,,,,,,,,,,,,,,,,
NA,GRD,2014,Grenada,Caribbean,0,0,1,,,,,,,,,,,,,,,,,,,,,,,,,,,,,,,,,,,,,,,,,,,,
NA,GRD,2015,Grenada,Caribbean,0,0,1,,,,,,,,,,,,,,,,,,,,,,,,,,,,,,,,,,,,,,,,,,,,
NA,GRD,2016,Grenada,Caribbean,0,0,1,,,,,,,,,,,,,,,,,,,,,,,,,,,,,,,,,,,,,,,,,,,,
NA,GRD,2017,Grenada,Caribbean,0,0,1,,,,,,,,,,,,,,,,,,,,,,,,,,,,,,,,,,,,,,,,,,,,
NA,GRD,2018,Grenada,Caribbean,0,0,1,,,,,,,,,,,,,,,,,,,,,,,,,,,,,,,,,,,,,,,,,,,,
NA,GRD,2019,Grenada,Caribbean,0,0,1,,,,,,,,,,,,,,,,,,,,,,,,,,,,,,,,,,,,,,,,,,,,
NA,GRD,2020,Grenada,Caribbean,0,0,1,,,,,,,,,,,,,,,,,,,,,,,,,,,,,,,,,,,,,,,,,,,,
NA,GLP,2000,Guadeloupe,Caribbean,0,0,0,,,,,,,,,,,,,,,,,,,,,,,,,,,,,,,,,,,,,,,,,,,,
NA,GLP,2001,Guadeloupe,Caribbean,0,0,0,,,,,,,,,,,,,,,,,,,,,,,,,,,,,,,,,,,,,,,,,,,,
NA,GLP,2002,Guadeloupe,Caribbean,0,0,0,,,,,,,,,,,,,,,,,,,,,,,,,,,,,,,,,,,,,,,,,,,,
NA,GLP,2003,Guadeloupe,Caribbean,0,0,0,,,,,,,,,,,,,,,,,,,,,,,,,,,,,,,,,,,,,,,,,,,,
NA,GLP,2004,Guadeloupe,Caribbean,0,0,0,,,,,,,,,,,,,,,,,,,,,,,,,,,,,,,,,,,,,,,,,,,,
NA,GLP,2005,Guadeloupe,Caribbean,0,0,0,,,,,,,,,,,,,,,,,,,,,,,,,,,,,,,,,,,,,,,,,,,,
NA,GLP,2006,Guadeloupe,Caribbean,0,0,0,,,,,,,,,,,,,,,,,,,,,,,,,,,,,,,,,,,,,,,,,,,,
NA,GLP,2007,Guadeloupe,Caribbean,0,0,0,,,,,,,,,,,,,,,,,,,,,,,,,,,,,,,,,,,,,,,,,,,,
NA,GLP,2008,Guadeloupe,Caribbean,0,0,0,,,,,,,,,,,,,,,,,,,,,,,,,,,,,,,,,,,,,,,,,,,,
NA,GLP,2009,Guadeloupe,Caribbean,0,0,0,,,,,,,,,,,,,,,,,,,,,,,,,,,,,,,,,,,,,,,,,,,,
NA,GLP,2010,Guadeloupe,Caribbean,0,0,0,,,,,,,,,,,,,,,,,,,,,,,,,,,,,,,,,,,,,,,,,,,,
NA,GLP,2011,Guadeloupe,Caribbean,0,0,0,,,,,,,,,,,,,,,,,,,,,,,,,,,,,,,,,,,,,,,,,,,,
NA,GLP,2012,Guadeloupe,Caribbean,0,0,0,,,,,,,,,,,,,,,,,,,,,,,,,,,,,,,,,,,,,,,,,,,,
NA,GLP,2013,Guadeloupe,Caribbean,0,0,0,,,,,,,,,,,,,,,,,,,,,,,,,,,,,,,,,,,,,,,,,,,,
NA,GLP,2014,Guadeloupe,Caribbean,0,0,0,,,,,,,,,,,,,,,,,,,,,,,,,,,,,,,,,,,,,,,,,,,,
NA,GLP,2015,Guadeloupe,Caribbean,0,0,0,,,,,,,,,,,,,,,,,,,,,,,,,,,,,,,,,,,,,,,,,,,,
NA,GLP,2016,Guadeloupe,Caribbean,0,0,0,,,,,,,,,,,,,,,,,,,,,,,,,,,,,,,,,,,,,,,,,,,,
NA,GLP,2017,Guadeloupe,Caribbean,0,0,0,,,,,,,,,,,,,,,,,,,,,,,,,,,,,,,,,,,,,,,,,,,,
NA,GLP,2018,Guadeloupe,Caribbean,0,0,0,,,,,,,,,,,,,,,,,,,,,,,,,,,,,,,,,,,,,,,,,,,,
NA,GLP,2019,Guadeloupe,Caribbean,0,0,0,,,,,,,,,,,,,,,,,,,,,,,,,,,,,,,,,,,,,,,,,,,,
NA,GLP,2020,Guadeloupe,Caribbean,0,0,0,,,,,,,,,,,,,,,,,,,,,,,,,,,,,,,,,,,,,,,,,,,,
GT,GTM,2000,Guatemala,Central America,0,0,0,0.59975,FRG,Guatemalan Republican Front,70.1,38.7,25.90000000000001,75.4,55.2,33.275000000000006,50.0,45.0,27.8,28.200000000000003,30.0,69.0,5.340599455040859,6.875,50.0,21.611712066572565,56.47770543264619,47.46892007028012,49.6488751676421,6.10779972752043,35.93333333333333,24.905856033286284,29.148966065445535,44.900000000000006,72.2,25.90000000000001,75.4,55.2,50.0,53.93333333333334,17.48209239775096,32.346516666666666,24.914304532208813,3.0,0.9,3.0,0.9,4.0,0.8571428571428571,4.0,0.8636363636363636
GT,GTM,2001,Guatemala,Central America,0,0,0,0.5945,FRG,Guatemalan Republican Front,70.1,38.7,25.90000000000001,75.4,55.2,33.275000000000006,50.0,45.0,25.200000000000003,27.40000000000001,30.0,68.0,5.330670130417289,6.875,0.0,20.799415455968926,56.003709355826174,57.56670659867672,52.85680531816763,6.1028350652086445,18.400000000000002,24.099707727984466,25.364837027840185,44.900000000000006,71.7,25.90000000000001,75.4,55.2,50.0,53.85,15.079395613050991,32.013825000000004,23.546610306525498,3.0,0.9,3.0,0.9,3.0,0.9047619047619048,4.0,0.8636363636363636
GT,GTM,2002,Guatemala,Central America,0,0,0,0.5892499999999999,FRG,Guatemalan Republican Front,69.9,38.7,25.90000000000001,75.4,55.2,33.275000000000006,70.0,45.0,25.3,26.40000000000001,30.0,68.0,10.709990134904842,6.875,0.0,19.071410209323503,57.97948162312238,50.50530340361345,51.161595008911945,8.792495067452421,18.433333333333334,22.735705104661754,25.280782128589863,44.83333333333334,71.7,25.90000000000001,75.4,55.2,70.0,57.172222222222224,14.896700869271575,33.68873194444444,24.29271640685801,4.0,0.8571428571428571,5.0,0.8095238095238095,3.0,0.9090909090909091,4.0,0.8695652173913043
GT,GTM,2003,Guatemala,Central America,0,0,0,0.584,FRG,Guatemalan Republican Front,69.9,38.7,25.90000000000001,75.4,55.2,33.275000000000006,70.0,45.0,21.700000000000003,26.599999999999994,30.0,71.0,12.17443068666708,6.875,0.0,18.73598703801099,57.02710067074143,53.42197007028012,51.81635691367385,9.52471534333354,17.233333333333334,22.667993519005492,25.310599777336552,44.83333333333334,73.2,25.90000000000001,75.4,55.2,70.0,57.422222222222224,14.781390269964545,33.53457777777778,24.157984023871162,7.0,0.7142857142857143,7.0,0.7142857142857143,6.0,0.7727272727272727,7.0,0.7391304347826086
GT,GTM,2004,Guatemala,Central America,0,0,0,0.17,GANA,Grand National Alliance,65.5,38.7,23.599999999999994,74.2,54.2,33.275000000000006,70.0,45.0,22.599999999999994,26.200000000000003,30.0,75.0,10.631490663200651,5.962654002752217,0.0,20.02441161562072,57.15530579894655,51.69048118412526,51.28192899435728,8.297072332976434,17.53333333333333,23.112205807810362,25.056135117119354,42.6,74.6,23.599999999999994,74.2,54.2,70.0,56.53333333333333,4.2595429699102905,9.610666666666667,6.935104818288479,14.0,0.35,18.0,0.15,12.0,0.47619047619047616,17.0,0.2727272727272727
GT,GTM,2005,Guatemala,Central America,0,0,0,0.17,GANA,Grand National Alliance,65.5,38.7,24.0,74.2,53.400000000000006,33.275000000000006,70.0,45.0,20.90000000000001,26.599999999999994,30.0,76.0,7.285208285750173,6.875,0.0,21.147603353179647,52.16793958842848,52.791317690357786,49.98641909292875,7.080104142875086,16.96666666666667,23.87380167658982,24.47674789476508,42.73333333333333,75.1,24.0,74.2,53.400000000000006,70.0,56.572222222222216,4.161047142110064,9.617277777777778,6.889162459943921,13.0,0.3333333333333333,16.0,0.21052631578947367,11.0,0.47368421052631576,18.0,0.19047619047619047
GT,GTM,2006,Guatemala,Central America,0,0,0,0.17,GANA,Grand National Alliance,65.5,38.7,24.0,74.2,53.400000000000006,33.275000000000006,70.0,50.8,21.90000000000001,24.8,50.0,78.0,11.960646111600894,6.875,0.0,14.515650813826312,54.59579225819215,50.82924212858803,52.07501146226006,9.417823055800447,23.96666666666667,19.657825406913155,26.279331647910084,42.73333333333333,76.1,24.0,74.2,53.400000000000006,70.0,56.73888888888888,4.467486380144715,9.64561111111111,7.056548745627913,16.0,0.25,18.0,0.15,13.0,0.42857142857142855,20.0,0.13636363636363635
GT,GTM,2007,Guatemala,Central America,0,0,0,0.17,GANA,Grand National Alliance,65.5,38.7,21.099999999999994,74.2,53.7,36.275,70.0,47.7,28.40000000000001,19.8,40.0,75.0,11.961852861035425,6.875,0.0,13.079690081629636,53.82493834268759,49.77721605055514,50.434051464414246,9.418426430517712,22.8,16.439845040814816,24.773080733936695,41.766666666666666,74.6,21.099999999999994,74.2,53.7,70.0,55.89444444444444,4.211423724769238,9.502055555555556,6.856739640162397,17.0,0.23809523809523808,19.0,0.14285714285714285,14.0,0.4090909090909091,21.0,0.13043478260869565
GT,GTM,2008,Guatemala,Central America,0,0,0,0.744,UNE,National Unity of Hope,63.5,38.7,21.099999999999994,72.89999999999999,54.400000000000006,33.575,70.0,45.44837365,27.10488724,21.599999999999994,50.0,74.0,11.171662125340587,6.875,0.0,12.843288158834142,55.35596608060175,49.86002203970992,50.221453923437224,9.023331062670295,25.70162908,17.221644079417068,25.542014536381146,41.1,73.44999999999999,21.099999999999994,72.89999999999999,54.400000000000006,70.0,55.49166666666665,19.00325881506757,41.28579999999999,30.14452940753378,7.0,0.7142857142857143,8.0,0.6666666666666666,6.0,0.7727272727272727,8.0,0.6956521739130435
GT,GTM,2009,Guatemala,Central America,0,0,0,0.744,UNE,National Unity of Hope,64.5,38.7,21.099999999999994,72.89999999999999,53.5,33.575,70.0,45.94078392,26.70429999,21.599999999999994,50.0,72.0,10.572207084468658,6.875,0.0,13.29355896943892,56.58366478469765,50.25086497022996,50.92510455830921,8.72360354223433,25.568099996666664,17.446779484719457,25.665896895482415,41.43333333333333,72.44999999999999,21.099999999999994,72.89999999999999,53.5,70.0,55.230555555555554,19.095427290238916,41.09153333333333,30.093480311786124,8.0,0.65,9.0,0.6,7.0,0.7142857142857143,9.0,0.6363636363636364
GT,GTM,2010,Guatemala,Central America,0,0,0,0.744,UNE,National Unity of Hope,63.9,39.2,21.700000000000003,72.89999999999999,53.5,33.575,65.0,47.5,29.8,16.0,50.0,69.0,9.86376021798364,6.875,0.0,14.178556177172055,55.37302086822744,48.64555302671391,50.50619129831379,8.36938010899182,26.599999999999998,15.089278088586028,25.14121237397291,41.6,70.94999999999999,21.700000000000003,72.89999999999999,53.5,65.0,54.275,18.705062006235845,40.3806,29.542831003117925,8.0,0.65,10.0,0.55,8.0,0.6666666666666666,10.0,0.5909090909090909
GT,GTM,2011,Guatemala,Central America,0,0,0,0.744,UNE,National Unity of Hope,63.7,38.4,23.90000000000001,72.89999999999999,53.6,33.575,65.0,47.9,23.599999999999994,15.400000000000006,50.0,66.0,9.727520435967309,6.875,0.0,14.531586903017782,51.99181525299004,48.39842575728831,49.43008033675945,8.301260217983653,24.53333333333333,14.965793451508894,24.30761683489633,42.0,69.44999999999999,23.90000000000001,72.89999999999999,53.6,65.0,54.475,18.084866925162867,40.5294,29.307133462581433,8.0,0.6666666666666666,8.0,0.6666666666666666,8.0,0.6818181818181818,10.0,0.6086956521739131
GT,GTM,2012,Guatemala,Central America,0,0,0,0.208,PP,Patriotic Party,63.1,38.4,25.200000000000003,72.5,54.2,33.575,70.0,51.5,22.700000000000003,15.400000000000006,50.0,68.0,9.700272479564036,6.875,0.0,14.100376309419502,52.368387832660375,49.79138636372103,51.21992473212714,8.287636239782017,24.233333333333334,14.750188154709754,24.622770614988063,42.233333333333334,70.25,25.200000000000003,72.5,54.2,70.0,55.730555555555554,5.121536287917517,11.591955555555554,8.356745921736536,15.0,0.3333333333333333,17.0,0.23809523809523808,14.0,0.4090909090909091,18.0,0.2608695652173913
GT,GTM,2013,Guatemala,Central America,0,0,0,0.225,PP,Patriotic Party,61.2,27.200000000000003,20.39999999999999,80.60000000000001,49.3,34.375,70.0,49.2,24.5,14.799999999999995,50.0,73.0,10.326975476839236,6.875,0.0,14.062325147320337,51.9893448258025,47.65364079897586,49.61432854159278,8.600987738419619,24.833333333333332,14.431162573660167,24.369953046751476,36.266666666666666,76.80000000000001,20.39999999999999,80.60000000000001,49.3,70.0,55.56111111111111,5.483239435519082,12.50125,8.992244717759542,16.0,0.3181818181818182,18.0,0.22727272727272727,14.0,0.43478260869565216,19.0,0.25
GT,GTM,2014,Guatemala,Central America,0,0,0,0.242,PP,Patriotic Party,60.9,24.200000000000003,20.39999999999999,80.60000000000001,47.2,34.375,75.0,41.6,23.3,14.599999999999994,50.0,71.3,9.972752043596728,6.875,0.0,14.881132111961648,55.33239628105762,47.693516350171095,48.2086375437429,8.423876021798364,24.433333333333334,14.740566055980821,23.951603238713854,35.166666666666664,75.95,20.39999999999999,80.60000000000001,47.2,75.0,55.71944444444444,5.796287983768752,13.484105555555555,9.640196769662154,17.0,0.2727272727272727,19.0,0.18181818181818182,13.0,0.4782608695652174,20.0,0.20833333333333334
GT,GTM,2015,Guatemala,Central America,0,0,0,0.259,PP,Patriotic Party,56.4,22.200000000000003,19.099999999999994,79.3,44.9,31.175,80.0,45.3,23.200000000000003,15.400000000000006,50.0,71.0,10.217983651226149,6.875,0.0,13.928552025043146,56.0776257388619,48.46973907520972,49.94912160469054,8.546491825613074,24.400000000000002,14.664276012521576,24.389972360706295,32.56666666666666,75.15,19.099999999999994,79.3,44.9,80.0,55.169444444444444,6.317002841422931,14.288886111111111,10.30294447626702,16.0,0.3181818181818182,18.0,0.22727272727272727,11.0,0.5652173913043478,19.0,0.25
GT,GTM,2016,Guatemala,Central America,0,0,0,0.178,FCN,National Convergence Front,53.6,24.3,19.099999999999994,76.2,44.7,31.175,80.0,37.5,22.099999999999994,13.599999999999994,50.0,68.0,9.727520435967309,6.875,0.0,14.259708731123991,56.45259394715482,50.2954401897434,48.08267804563274,8.301260217983653,24.03333333333333,13.929854365561994,23.586781490627928,32.333333333333336,72.1,19.099999999999994,76.2,44.7,80.0,54.07222222222222,4.198447105331771,9.624855555555555,6.911651330443663,17.0,0.23809523809523808,18.0,0.19047619047619047,14.0,0.4090909090909091,18.0,0.2608695652173913
GT,GTM,2017,Guatemala,Central America,0,0,0,0.178,FCN,National Convergence Front,53.4,21.89999999999999,20.8,79.10000000000001,44.5,34.325,55.0,41.3,20.599999999999994,13.0,50.0,72.5,11.22615803814712,6.875,0.0,15.938268952423329,56.71888812929791,52.21523713002117,50.07804175310636,9.05057901907356,23.53333333333333,14.469134476211664,24.282772145431228,32.033333333333324,75.80000000000001,20.8,79.10000000000001,44.5,55.0,51.205555555555556,4.322333441886759,9.114588888888889,6.718461165387824,16.0,0.2857142857142857,16.0,0.2857142857142857,13.0,0.45454545454545453,17.0,0.30434782608695654
GT,GTM,2018,Guatemala,Central America,0,0,0,0.178,FCN,National Convergence Front,62.4,26.40000000000001,27.0,84.2,49.5,38.24999999999999,59.6,42.7,22.40000000000001,12.799999999999995,50.0,72.7,10.735694822888291,6.875,0.0,15.978860896520573,56.73804108882172,51.815620824465626,50.417887304429115,8.805347411444146,24.133333333333336,14.389430448260285,24.43649962436672,38.6,78.45,27.0,84.2,49.5,59.6,56.225,4.349696933137277,10.008049999999999,7.178873466568637,14.0,0.35,15.0,0.3,9.0,0.6190476190476191,16.0,0.3181818181818182
GT,GTM,2019,Guatemala,Central America,0,0,0,0.178,FCN,National Convergence Front,64.1,31.200000000000003,25.0,84.2,52.900000000000006,38.24999999999999,59.7,46.4,23.0,17.799999999999997,50.0,73.6,10.435967302452298,6.875,0.0,16.01219422985389,46.73804108882172,52.37117638002118,48.503072489614304,8.655483651226149,24.333333333333332,16.906097114926943,24.59949664727518,40.1,78.9,25.0,84.2,52.900000000000006,59.7,56.800000000000004,4.378710403214982,10.1104,7.244555201607492,12.0,0.3888888888888889,14.0,0.2777777777777778,9.0,0.5789473684210527,16.0,0.25
GT,GTM,2020,Guatemala,Central America,0,0,0,,,,63.1,26.90000000000001,28.10000000000001,80.30000000000001,52.400000000000006,20.474999999999994,54.5,37.4,22.599999999999994,17.799999999999997,50.0,70.4,10.435967302452298,6.875,0.0,21.49347629561268,46.73804108882172,52.37117638002118,45.503072489614304,8.655483651226149,24.2,19.64673814780634,24.501323572161695,39.366666666666674,75.35000000000001,28.10000000000001,80.30000000000001,52.400000000000006,54.5,55.00277777777779,,,,,,,,,,,
GY,GUY,2000,Guyana,South America,0,0,1,0.2394999999999999,PPP,People's Progressive Party,49.5,27.60000000000001,67.9,70.7,54.0,82.85,50.0,45.0,18.599999999999994,49.0,50.0,70.0,,31.200000000000017,50.0,29.23716870182946,20.37349903801706,51.185123980203535,38.85287433940687,,39.53333333333333,39.11858435091473,,48.333333333333336,70.35,67.9,70.7,54.0,50.0,60.213888888888896,,14.421226388888885,,,,,,7.0,0.7142857142857143,16.0,0.3181818181818182
GY,GUY,2001,Guyana,South America,0,0,1,0.081,PPP,People's Progressive Party,51.5,31.69999999999999,64.5,70.7,52.7,82.85,50.0,45.0,21.0,49.0,50.0,70.0,,31.200000000000017,50.0,28.98716870182946,20.37349903801706,51.185123980203535,38.85287433940687,,40.333333333333336,38.99358435091473,,49.23333333333333,70.35,64.5,70.7,52.7,50.0,59.58055555555555,,4.826025,,,,,,17.0,0.23809523809523808,21.0,0.09090909090909091
GY,GUY,2002,Guyana,South America,0,0,1,0.1054,PPP,People's Progressive Party,51.6,33.89999999999999,64.5,70.7,54.1,82.85,50.0,45.0,20.90000000000001,33.2,50.0,70.0,,31.200000000000017,50.0,26.48716870182946,24.40158176456613,51.185123980203535,40.19556858158989,,40.300000000000004,29.843584350914732,,50.0,70.35,64.5,70.7,54.1,50.0,59.94166666666667,,6.317851666666667,,,,,,17.0,0.2727272727272727,20.0,0.17391304347826086
GY,GUY,2003,Guyana,South America,0,0,1,0.1298,PPP,People's Progressive Party,51.6,33.89999999999999,64.5,70.7,54.1,50.075,50.0,45.0,17.599999999999994,33.2,50.0,70.0,,36.89999999999999,50.0,26.437168701829464,24.40158176456613,51.185123980203535,40.19556858158989,,39.199999999999996,29.818584350914733,,50.0,70.35,64.5,70.7,54.1,50.0,59.94166666666667,,7.780428333333334,,,,,,13.0,0.45454545454545453,20.0,0.17391304347826086
GY,GUY,2004,Guyana,South America,0,0,1,0.1542,PPP,People's Progressive Party,51.6,33.89999999999999,64.5,70.7,54.1,50.075,50.0,45.0,18.90000000000001,34.8,30.0,70.0,,35.48935457221654,50.0,26.090951549439737,25.47913357597733,56.66895087899066,42.38269481832266,,32.96666666666667,30.445475774719867,,50.0,70.35,64.5,70.7,54.1,50.0,59.94166666666667,,9.243005,,,,,,13.0,0.42857142857142855,18.0,0.22727272727272727
GY,GUY,2005,Guyana,South America,0,0,1,0.1786,PPP,People's Progressive Party,52.3,33.89999999999999,64.5,70.7,54.1,50.075,50.0,45.0,19.90000000000001,36.2,30.0,70.0,,36.89999999999999,50.0,28.963754906056156,22.991884792372403,58.0531430810847,42.01500929115237,,33.300000000000004,32.58187745302808,,50.23333333333333,70.35,64.5,70.7,54.1,50.0,59.980555555555554,,10.712527222222223,,,,,,10.0,0.5263157894736842,17.0,0.23809523809523808
GY,GUY,2006,Guyana,South America,0,0,1,0.203,PPP,People's Progressive Party,52.3,33.89999999999999,64.5,70.7,54.3,52.8,50.0,43.1,19.3,36.2,30.0,70.0,,36.89999999999999,50.0,27.617850834508545,31.32939103698897,54.54559375170207,42.99166159623035,,33.1,31.908925417254274,,50.23333333333333,70.35,64.5,70.7,54.3,50.0,60.013888888888886,,12.182819444444444,,,,,,12.0,0.47619047619047616,18.0,0.22727272727272727
GY,GUY,2007,Guyana,South America,0,0,1,0.1812,PPP,People's Progressive Party,52.3,33.89999999999999,64.5,70.7,54.6,47.95,60.0,43.0,25.90000000000001,33.0,40.0,75.0,,36.89999999999999,50.0,26.86308908968023,30.46297452764384,52.4006672296332,41.95454725242568,,38.63333333333333,29.931544544840115,,50.23333333333333,72.85,64.5,70.7,54.6,60.0,62.14722222222222,,11.261076666666666,,,,,,13.0,0.45454545454545453,19.0,0.21739130434782608
GY,GUY,2008,Guyana,South America,0,0,1,0.1594,PPP,People's Progressive Party,52.3,33.89999999999999,64.5,70.7,54.6,50.025,60.0,43.38657447,26.1413268,34.2,60.0,75.0,,36.89999999999999,50.0,26.53847739015576,31.42469468562551,51.88822297639818,42.2331640440079,,45.38044226666667,30.369238695077883,,50.23333333333333,72.85,64.5,70.7,54.6,60.0,62.14722222222222,,9.90626722222222,,,,,,15.0,0.36363636363636365,20.0,0.17391304347826086
GY,GUY,2009,Guyana,South America,0,0,1,0.1376,PPP,People's Progressive Party,52.3,33.89999999999999,64.5,70.7,54.6,47.9,60.0,39.095849,30.366826419999995,27.40000000000001,60.0,74.0,,36.89999999999999,50.0,27.2468683457557,28.5696642950424,51.91468160722791,39.86006496742343,,46.788942139999996,27.323434172877853,,50.23333333333333,72.35,64.5,70.7,54.6,60.0,62.06388888888889,,8.539991111111112,,,,,,15.0,0.3333333333333333,21.0,0.09090909090909091
GY,GUY,2010,Guyana,South America,0,0,1,0.1158,PPP,People's Progressive Party,53.6,35.3,64.5,71.2,54.8,47.9,65.0,36.6,29.0,28.700000000000003,60.0,74.0,,36.89999999999999,50.0,27.739459164865465,29.58852991521668,53.081063647855785,39.75653118769082,,46.333333333333336,28.219729582432734,,51.13333333333333,72.6,64.5,71.2,54.8,65.0,63.205555555555556,,7.319203333333333,,,,,,16.0,0.2857142857142857,21.0,0.09090909090909091
GY,GUY,2011,Guyana,South America,0,0,1,0.094,PPP,People's Progressive Party,53.6,35.3,64.5,71.2,54.8,46.55,70.0,33.2,24.200000000000003,28.700000000000003,60.0,74.0,,36.89999999999999,50.0,27.73408890437338,25.08046943448393,51.92025826592368,36.73357590013587,,44.73333333333333,28.21704445218669,,51.13333333333333,72.6,64.5,71.2,54.8,70.0,64.03888888888889,,6.0196555555555555,,,,,,19.0,0.18181818181818182,23.0,0.043478260869565216
GY,GUY,2012,Guyana,South America,0,0,1,0.1375,PPP,People's Progressive Party,53.0,35.3,62.0,71.2,54.6,44.675,70.0,34.5,22.599999999999994,28.5,70.0,73.0,,36.89999999999999,50.0,27.62631420646656,25.93368312124953,54.178511645881,38.204064922376844,,47.53333333333333,28.06315710323328,,50.1,72.1,62.0,71.2,54.6,70.0,63.333333333333336,,8.708333333333334,,,,,,16.0,0.3181818181818182,20.0,0.17391304347826086
GY,GUY,2013,Guyana,South America,0,0,1,0.181,PPP,People's Progressive Party,52.2,37.0,62.4,68.0,53.0,36.975,70.0,33.7,24.099999999999994,28.8,70.0,75.0,,36.89999999999999,50.0,27.49564803418629,27.255115282011676,54.88003702020433,38.611717434072,,48.03333333333333,28.147824017093143,,50.53333333333333,71.5,62.4,68.0,53.0,70.0,62.57222222222222,,11.325572222222222,,,,,,16.0,0.34782608695652173,20.0,0.20833333333333334
GY,GUY,2014,Guyana,South America,0,0,1,0.2245,PPP,People's Progressive Party,52.2,37.0,62.1,68.0,53.1,38.925,70.0,35.7,21.90000000000001,28.0,70.0,75.6,,36.89999999999999,50.0,33.47884530305086,26.657343060114258,55.755927959949794,39.37109034002135,,47.300000000000004,30.73942265152543,,50.43333333333334,71.8,62.1,68.0,53.1,70.0,62.57222222222222,,14.04746388888889,,,,,,12.0,0.5217391304347826,21.0,0.16666666666666666
GY,GUY,2015,Guyana,South America,0,0,1,0.2,PNC,People's National Congress – Reform,35.3,29.5,58.8,37.7,41.1,28.75,75.0,36.2,21.599999999999994,28.0,70.0,73.0,,36.89999999999999,50.0,34.03667863638418,26.9921206373551,48.81217795994979,37.33476619910163,,47.199999999999996,31.01833931819209,,41.199999999999996,55.35,58.8,37.7,41.1,75.0,51.525,,10.305,,,,,,17.0,0.30434782608695654,20.0,0.20833333333333334
GY,GUY,2016,Guyana,South America,0,0,1,0.2,PNC,People's National Congress – Reform,33.39999999999999,27.200000000000003,58.6,30.8,36.7,33.974999999999994,70.0,37.0,22.599999999999994,29.200000000000003,70.0,70.0,,36.89999999999999,50.0,34.03667863638418,31.031002750183543,50.8246779599498,39.61856023671112,,47.53333333333333,31.618339318192092,,39.73333333333333,50.4,58.6,30.8,36.7,70.0,47.705555555555556,,9.541111111111112,,,,,,15.0,0.36363636363636365,17.0,0.30434782608695654
GY,GUY,2017,Guyana,South America,0,0,1,0.2,PNC,People's National Congress – Reform,33.7,28.700000000000003,59.5,33.1,38.7,24.575000000000003,62.3,36.8,20.200000000000003,29.3,70.0,66.1,,36.89999999999999,50.0,34.94163423679802,30.971235673643463,59.69587335858817,42.48903634407721,,46.73333333333333,32.12081711839901,,40.63333333333333,49.599999999999994,59.5,33.1,38.7,62.3,47.30555555555555,,9.46111111111111,,,,,,11.0,0.5454545454545454,16.0,0.34782608695652173
GY,GUY,2018,Guyana,South America,0,0,1,0.2,PNC,People's National Congress – Reform,33.7,27.10000000000001,63.3,31.1,35.8,28.8,57.9,39.7,20.700000000000003,28.5,70.0,65.2,,36.89999999999999,50.0,35.386076928240314,30.971235673643463,61.64462335858816,44.10528634407721,,46.9,31.943038464120157,,41.36666666666667,48.150000000000006,63.3,31.1,35.8,57.9,46.26944444444444,,9.253888888888888,,,,,,11.0,0.5238095238095238,15.0,0.36363636363636365
GY,GUY,2019,Guyana,South America,0,0,1,0.2,PNC,People's National Congress – Reform,32.8,25.5,65.4,29.5,37.1,34.599999999999994,58.3,40.7,23.099999999999994,33.2,70.0,66.8,,36.89999999999999,50.0,35.812598282617586,30.971235673643463,62.75573446969928,44.80899004778092,,47.699999999999996,34.506299141308794,,41.233333333333334,48.15,65.4,29.5,37.1,58.3,46.61388888888889,,9.322777777777778,,,,,,11.0,0.47368421052631576,14.0,0.35
GY,GUY,2020,Guyana,South America,0,0,1,,,,37.3,26.40000000000001,60.3,46.1,41.6,34.599999999999994,46.4,41.1,17.5,33.2,70.0,65.9,,36.89999999999999,50.0,39.40850159477647,30.971235673643463,52.50701639886594,41.5260840241698,,45.833333333333336,36.304250797388235,,41.333333333333336,56.0,60.3,46.1,41.6,46.4,48.62222222222221,,,,,,,,,,,
HT,HTI,2000,Haiti,Haiti,1,0,1,0.946,FL,Lavalas Family,70.3,64.1,36.0,71.3,71.89999999999999,33.325,90.0,60.0,38.6,38.2,70.0,90.0,0.8310626702997297,21.825000000000017,0.0,30.940456994772205,21.015509870136427,39.0969003667399,40.037470078958776,11.328031335149873,36.199999999999996,34.570228497386104,30.533932477873684,56.79999999999999,80.65,36.0,71.3,71.89999999999999,90.0,67.77499999999999,28.885100124068504,64.11514999999999,46.50012506203424,2.0,0.95,2.0,0.95,2.0,0.9523809523809523,2.0,0.9545454545454546
HT,HTI,2001,Haiti,Haiti,1,0,1,0.9414,FL,Lavalas Family,71.7,64.1,36.0,80.2,75.0,33.325,90.0,60.0,35.3,35.0,70.0,90.0,0.8310626702997297,21.825000000000017,0.0,32.60712366143888,19.55415709795355,48.81710956046803,42.79042221947386,11.328031335149873,35.1,33.80356183071944,30.75550384633579,57.26666666666667,85.1,36.0,80.2,75.0,90.0,70.59444444444445,28.953231320940514,66.45761,47.70542066047026,2.0,0.95,2.0,0.95,2.0,0.9523809523809523,2.0,0.9545454545454546
HT,HTI,2002,Haiti,Haiti,1,0,1,0.9368,FL,Lavalas Family,71.5,64.1,36.0,80.2,74.8,33.325,90.0,60.0,32.099999999999994,31.200000000000003,70.0,90.0,0.8310626702997297,21.825000000000017,0.0,31.58233460250625,21.015509870136427,49.05261685003662,43.35604224005768,11.328031335149873,34.03333333333333,31.391167301253127,30.0271435524485,57.199999999999996,85.1,36.0,80.2,74.8,90.0,70.55,28.129428079933753,66.09124,47.11033403996687,2.0,0.9523809523809523,2.0,0.9523809523809523,2.0,0.9545454545454546,2.0,0.9565217391304348
HT,HTI,2003,Haiti,Haiti,1,0,1,0.9322,FL,Lavalas Family,73.8,64.1,36.0,80.2,74.8,33.325,90.0,60.0,33.3,26.8,50.0,90.0,0.8310626702997297,21.825000000000017,0.0,24.199520906274145,23.361541864532853,49.05261685003662,44.138052904856494,11.328031335149873,27.766666666666666,25.49976045313707,27.183127839952526,57.96666666666666,85.1,36.0,80.2,74.8,90.0,70.67777777777778,25.340111772403745,65.88582444444445,45.6129681084241,2.0,0.9523809523809523,4.0,0.8571428571428571,2.0,0.9545454545454546,2.0,0.9565217391304348
HT,HTI,2004,Haiti,Haiti,1,0,1,0.9276,FL,Lavalas Family,81.8,83.5,37.4,80.2,80.30000000000001,52.075,90.0,60.0,31.3,35.0,50.0,78.0,0.8310626702997297,21.822937420537173,0.0,24.77285991768548,23.361541864532853,55.52848913338216,46.296676999305,11.327000045418451,27.099999999999998,29.88642995884274,28.652526750891546,67.56666666666668,79.1,37.4,80.2,80.30000000000001,90.0,72.42777777777779,26.578083814126998,67.18400666666668,46.88104524039684,2.0,0.95,4.0,0.85,2.0,0.9523809523809523,2.0,0.9545454545454546
HT,HTI,2005,Haiti,Haiti,1,0,1,0.923,FL,Lavalas Family,85.3,82.7,,83.89999999999999,84.0,51.55,90.0,60.0,44.6,33.0,70.0,85.0,0.8310626702997297,21.825000000000017,0.0,26.44207575035567,23.921798841954995,60.02190036673991,47.98123306956497,11.328031335149873,38.199999999999996,29.721037875177835,31.807575569973167,,84.44999999999999,,83.89999999999999,84.0,90.0,,29.358392251085235,,,,,3.0,0.8947368421052632,,,2.0,0.9523809523809523
HT,HTI,2006,Haiti,Haiti,1,0,1,0.9184,FL,Lavalas Family,80.9,73.0,28.60000000000001,76.4,72.39999999999999,51.55,90.0,63.8,41.4,20.8,70.0,85.0,0.8310626702997297,21.825000000000017,0.0,26.025886224102337,23.09130544138985,58.17190036673991,48.35440193604325,11.328031335149873,37.13333333333333,23.412943112051167,30.057177429144406,60.833333333333336,80.7,28.60000000000001,76.4,72.39999999999999,90.0,68.15555555555555,27.60451175092622,62.59406222222222,45.09928698657422,2.0,0.95,4.0,0.85,2.0,0.9523809523809523,3.0,0.9090909090909091
HT,HTI,2007,Haiti,Haiti,1,0,1,0.9138,FL,Lavalas Family,78.1,65.6,20.099999999999994,76.4,71.39999999999999,45.525000000000006,90.0,61.4,37.8,20.8,60.0,82.0,0.8310626702997297,21.825000000000017,0.0,24.77105840500096,23.09130544138985,56.37190036673991,46.95440193604325,11.328031335149873,32.6,22.78552920250048,28.4169906184234,54.599999999999994,79.2,20.099999999999994,76.4,71.39999999999999,90.0,65.28333333333333,25.967446027115304,59.65590999999999,42.811678013557646,4.0,0.8571428571428571,5.0,0.8095238095238095,3.0,0.9090909090909091,4.0,0.8695652173913043
HT,HTI,2008,Haiti,Haiti,1,0,1,0.9092,FL,Lavalas Family,77.9,65.6,20.099999999999994,76.4,71.3,45.525000000000006,90.0,64.18167298,34.69655772,33.0,70.0,82.0,0.8310626702997297,21.825000000000017,0.0,23.62040829526704,23.09130544138985,56.37190036673991,47.881626262709915,11.328031335149873,34.898852573333336,28.31020414763352,30.604678579706665,54.53333333333333,79.2,20.099999999999994,76.4,71.3,90.0,65.25555555555556,27.8257737646693,59.33035111111111,43.57806243789021,4.0,0.8571428571428571,6.0,0.7619047619047619,4.0,0.8636363636363636,4.0,0.8695652173913043
HT,HTI,2009,Haiti,Haiti,1,0,1,0.9046,FL,Lavalas Family,78.0,66.6,20.099999999999994,76.4,71.7,45.525000000000006,90.0,62.33790239,31.00698577,20.599999999999994,70.0,84.0,0.8310626702997297,21.825000000000017,0.0,24.02776493862368,17.131295306269067,56.37190036673991,45.280366021003,11.328031335149873,33.66899525666667,22.313882469311835,28.147818770532844,54.9,80.2,20.099999999999994,76.4,71.7,90.0,65.55,25.46251685982401,59.29653,42.379523429912005,4.0,0.85,6.0,0.75,4.0,0.8571428571428571,5.0,0.8181818181818182
HT,HTI,2010,Haiti,Haiti,1,0,1,0.9,FL,Lavalas Family,82.9,80.7,20.099999999999994,76.4,78.10000000000001,45.525000000000006,90.0,64.0,32.900000000000006,20.90000000000001,70.0,86.0,0.8310626702997297,24.425,0.0,27.69220532306113,18.3054793101354,66.20740607244484,49.504295127526746,12.628031335149865,34.300000000000004,24.29610266153057,30.182107281051795,61.23333333333334,81.2,20.099999999999994,76.4,78.10000000000001,90.0,67.83888888888889,27.163896552946618,61.055,44.10944827647331,4.0,0.85,6.0,0.75,4.0,0.8571428571428571,4.0,0.8636363636363636
HT,HTI,2011,Haiti,Haiti,1,0,1,0.8954,FL,Lavalas Family,82.7,78.7,21.200000000000003,79.2,79.2,45.525000000000006,90.0,62.5,26.3,25.200000000000003,70.0,82.0,0.8310626702997297,24.425,0.0,27.584277897385466,18.137651923463537,64.68174363077817,48.43979851808057,12.628031335149865,32.1,26.392138948692732,29.889992200480794,60.866666666666674,80.6,21.200000000000003,79.2,79.2,90.0,68.5111111111111,26.7634990163105,61.34484888888888,44.05417395259969,4.0,0.8571428571428571,6.0,0.7619047619047619,4.0,0.8636363636363636,4.0,0.8695652173913043
HT,HTI,2012,Haiti,Haiti,1,0,1,0.8908,FL,Lavalas Family,83.0,79.2,21.200000000000003,83.7,78.4,51.475,90.0,66.7,24.0,25.200000000000003,70.0,78.0,0.8310626702997297,24.425,50.0,25.86261225105088,18.136948623101237,68.35380237246956,51.063583665190265,12.628031335149865,48.0,25.53130612552544,34.305730281466396,61.133333333333326,80.85,21.200000000000003,83.7,78.4,90.0,69.21388888888889,30.559544534730268,61.65573222222223,46.107638378476246,4.0,0.8571428571428571,5.0,0.8095238095238095,4.0,0.8636363636363636,4.0,0.8695652173913043
HT,HTI,2013,Haiti,Haiti,1,0,1,0.8862,FL,Lavalas Family,82.5,81.2,21.200000000000003,76.5,77.9,51.275,90.0,66.6,25.8,25.200000000000003,70.0,82.0,0.8310626702997297,18.40000000000001,50.0,25.45473954036356,20.03182194573989,70.19425533459642,52.27535909344544,9.61553133514987,48.6,25.327369770181782,33.954565049694274,61.633333333333326,79.25,21.200000000000003,76.5,77.9,90.0,67.74722222222222,30.090535547039064,60.03758833333333,45.0640619401862,4.0,0.8636363636363636,5.0,0.8181818181818182,4.0,0.8695652173913043,4.0,0.875
HT,HTI,2014,Haiti,Haiti,1,0,1,0.8815999999999999,FL,Lavalas Family,82.9,81.2,21.200000000000003,76.5,78.4,51.275,90.0,66.7,26.40000000000001,29.599999999999994,70.0,83.1,0.8310626702997297,18.40000000000001,50.0,18.124664890571268,20.03182194573989,70.85628919759725,52.52937038111238,9.61553133514987,48.800000000000004,23.86233244528563,33.70180854038697,61.76666666666667,79.8,21.200000000000003,76.5,78.4,90.0,67.94444444444444,29.71151440920515,59.89982222222222,44.80566831571369,4.0,0.8636363636363636,6.0,0.7727272727272727,4.0,0.8695652173913043,4.0,0.875
HT,HTI,2015,Haiti,Haiti,1,0,1,0.877,FL,Lavalas Family,83.1,81.2,30.60000000000001,76.5,80.5,51.275,90.0,56.9,26.5,22.40000000000001,70.0,81.0,0.8310626702997297,18.40000000000001,50.0,19.74596355660644,20.03182194573989,70.85628919759725,49.262703714445706,9.61553133514987,48.833333333333336,21.072981778303223,32.19613754030803,64.96666666666668,78.75,30.60000000000001,76.5,80.5,90.0,70.21944444444445,28.236012622850144,61.58245277777778,44.909232700313964,4.0,0.8636363636363636,6.0,0.7727272727272727,4.0,0.8695652173913043,4.0,0.875
HT,HTI,2016,Haiti,Haiti,1,0,1,,,,82.5,82.9,19.8,76.5,80.10000000000001,48.1,90.0,52.9,24.0,28.0,70.0,81.0,0.8310626702997297,18.40000000000001,50.0,22.500084189900942,20.777530867908084,70.57467280009635,48.08406788933481,9.61553133514987,48.0,25.250042094950473,32.73741032985879,61.73333333333334,78.75,19.8,76.5,80.10000000000001,90.0,67.8138888888889,,,,,,,,,,,
HT,HTI,2017,Haiti,Haiti,1,0,1,,,,82.8,79.3,19.8,76.5,78.8,51.4,87.4,50.6,26.200000000000003,29.40000000000001,70.0,80.9,0.8310626702997297,21.825000000000017,50.0,23.11066040832613,21.96036974642857,70.09592270495747,47.55209748379534,11.328031335149873,48.73333333333333,26.25533020416307,33.467198089110404,60.63333333333333,78.7,19.8,76.5,78.8,87.4,66.97222222222223,,,,,,,,,,,
HT,HTI,2018,Haiti,Haiti,1,0,1,,,,85.7,76.5,19.69999999999999,89.60000000000001,80.60000000000001,49.025,74.9,51.7,31.099999999999994,28.099999999999994,70.0,75.4,0.8310626702997297,16.75,50.0,23.728432115033968,20.87612606309524,73.1799483445408,48.585358135878685,8.790531335149865,50.36666666666667,25.91421605751698,33.41419304880305,60.633333333333326,82.5,19.69999999999999,89.60000000000001,80.60000000000001,74.9,67.9888888888889,,,,,,,,,,,
HT,HTI,2019,Haiti,Haiti,1,0,1,,,,86.9,80.9,21.5,89.60000000000001,81.8,51.4,89.6,63.8,33.5,28.0,70.0,79.7,0.8310626702997297,15.75,50.0,23.728432115033968,20.87612606309524,73.96258723342969,52.879571098841645,8.290531335149865,51.166666666666664,25.864216057516984,34.55024628954379,63.1,84.65,21.5,89.60000000000001,81.8,89.6,71.70833333333333,,,,,,,,,,,
HT,HTI,2020,Haiti,Haiti,1,0,1,,,,85.2,79.3,22.8,89.60000000000001,81.8,51.4,83.6,66.4,38.5,33.0,70.0,77.7,0.8310626702997297,15.75,50.0,20.70743211503398,20.87612606309524,73.96258723342969,53.74623776550831,8.290531335149865,52.833333333333336,26.85371605751699,35.430954622877124,62.43333333333334,83.65,22.8,89.60000000000001,81.8,83.6,70.64722222222223,,,,,,,,,,,
HN,HND,2000,Honduras,Central America,0,0,0,0.25325,PLH,Liberal Party of Honduras,67.9,34.3,77.0,79.80000000000001,66.7,32.849999999999994,50.0,45.0,35.5,37.0,50.0,83.0,9.536784741144402,24.925,0.0,26.816287242177268,41.76782907719243,51.26523048977166,46.011019855654695,17.2308923705722,28.5,31.908143621088634,30.912513961828886,59.73333333333333,81.4,77.0,79.80000000000001,66.7,50.0,69.10555555555555,7.828594160833164,17.500981944444444,12.664788052638805,7.0,0.7,12.0,0.45,6.0,0.7619047619047619,15.0,0.36363636363636365
HN,HND,2001,Honduras,Central America,0,0,0,0.263,PLH,Liberal Party of Honduras,67.9,34.3,77.0,79.80000000000001,66.7,32.849999999999994,70.0,45.0,32.8,26.200000000000003,50.0,82.0,9.536784741144402,17.424999999999997,0.0,26.658073193631267,43.30730904058588,60.38748550473163,49.56493151510583,13.4808923705722,27.599999999999998,26.429036596815635,29.268715120623416,59.73333333333333,80.9,77.0,79.80000000000001,66.7,70.0,72.35555555555555,7.697672076723959,19.029511111111113,13.363591593917535,7.0,0.7,15.0,0.3,7.0,0.7142857142857143,15.0,0.36363636363636365
HN,HND,2002,Honduras,Central America,0,0,0,0.105,PNH,National Party of Honduras,67.69999999999999,34.3,77.0,80.9,65.9,32.849999999999994,50.0,45.0,31.40000000000001,30.200000000000003,50.0,82.0,9.536784741144402,16.950000000000003,0.0,25.466486854726654,43.19801955338291,56.50979715643834,48.235938903273755,13.243392370572202,27.133333333333336,27.83324342736333,29.111477008635656,59.666666666666664,81.45,77.0,80.9,65.9,50.0,69.15277777777777,3.056705085906744,7.2610416666666655,5.158873376286705,17.0,0.23809523809523808,19.0,0.14285714285714285,13.0,0.45454545454545453,21.0,0.13043478260869565
HN,HND,2003,Honduras,Central America,0,0,0,0.105,PNH,National Party of Honduras,67.69999999999999,34.3,77.0,80.9,65.9,20.72500000000001,50.0,45.0,25.200000000000003,31.599999999999994,50.0,73.0,3.3514986376021625,16.950000000000003,0.0,23.03737230833059,42.721829077192425,59.426463823105,49.04943096676581,10.150749318801083,25.066666666666666,27.31868615416529,27.896383276599714,59.666666666666664,76.95,77.0,80.9,65.9,50.0,68.40277777777777,2.92912024404297,7.182291666666666,5.055705955354818,18.0,0.19047619047619047,20.0,0.09523809523809523,14.0,0.4090909090909091,22.0,0.08695652173913043
HN,HND,2004,Honduras,Central America,0,0,0,0.105,PNH,National Party of Honduras,67.69999999999999,34.3,77.0,80.9,65.9,20.72500000000001,70.0,45.0,28.5,30.0,50.0,73.0,0.1634877384196187,8.739863222077815,0.0,25.85474319758597,41.995928961048406,62.42899804148515,49.808309000844524,4.451675480248717,26.166666666666668,27.927371598792988,27.088505686638225,59.666666666666664,76.95,77.0,80.9,65.9,70.0,71.7361111111111,2.8442930970970135,7.532291666666665,5.188292381881839,16.0,0.25,19.0,0.1,14.0,0.38095238095238093,21.0,0.09090909090909091
HN,HND,2005,Honduras,Central America,0,0,0,0.105,PNH,National Party of Honduras,67.69999999999999,34.3,77.0,80.9,66.0,20.72500000000001,70.0,45.0,27.8,29.599999999999994,30.0,77.0,0.0,16.950000000000003,0.0,24.580587130358623,38.15583853596438,62.33055304663867,48.49546386086769,8.475000000000001,19.266666666666666,27.09029356517931,25.831856023178418,59.666666666666664,78.95,77.0,80.9,66.0,70.0,72.08611111111111,2.712344882433734,7.569041666666666,5.1406932745502,16.0,0.16666666666666666,18.0,0.10526315789473684,12.0,0.42105263157894735,20.0,0.09523809523809523
HN,HND,2006,Honduras,Central America,0,0,0,0.292,PLH,Liberal Party of Honduras,66.8,32.3,77.0,80.9,65.5,20.72500000000001,70.0,44.7,27.90000000000001,30.599999999999994,30.0,77.0,0.8719346049046237,16.950000000000003,0.0,21.95756814551221,43.26424567965783,54.55517470853288,47.50647346273024,8.910967302452313,19.3,26.278784072756103,25.499056209484664,58.699999999999996,78.95,77.0,80.9,65.5,70.0,71.84166666666667,7.445724413169521,20.977766666666668,14.211745539918095,10.0,0.55,15.0,0.3,10.0,0.5714285714285714,16.0,0.3181818181818182
HN,HND,2007,Honduras,Central America,0,0,0,0.282,PLH,Liberal Party of Honduras,67.19999999999999,32.3,77.0,81.69999999999999,65.8,20.72500000000001,70.0,43.9,28.5,20.8,30.0,74.0,2.7792915531335183,16.950000000000003,0.0,20.944729078327896,43.54128010935716,48.42835929119815,45.289879800185105,9.86464577656676,19.5,20.872364539163947,23.881722528978955,58.833333333333336,77.85,77.0,81.69999999999999,65.8,70.0,71.8638888888889,6.734645753172065,20.265616666666666,13.500131209919365,10.0,0.5714285714285714,16.0,0.2857142857142857,10.0,0.5909090909090909,17.0,0.30434782608695654
HN,HND,2008,Honduras,Central America,0,0,0,0.272,PLH,Liberal Party of Honduras,67.19999999999999,32.3,71.2,81.69999999999999,65.5,20.72500000000001,70.0,40.09559152,26.272172780000005,22.0,40.0,75.0,0.0,16.950000000000003,0.0,18.40926501652677,48.24103689737685,53.89988467701446,47.41217103146377,8.475000000000001,22.090724260000002,20.204632508263387,24.54563194993179,56.9,78.35,71.2,81.69999999999999,65.5,70.0,70.60833333333333,6.676411890381447,19.20546666666667,12.94093927852406,12.0,0.47619047619047616,17.0,0.23809523809523808,11.0,0.5454545454545454,18.0,0.2608695652173913
HN,HND,2009,Honduras,Central America,0,0,0,0.262,PLH,Liberal Party of Honduras,71.5,36.4,54.4,81.69999999999999,65.4,33.099999999999994,70.0,35.55757143,26.47360601,22.0,40.0,75.0,0.0,16.950000000000003,0.0,20.37003349172099,48.05440424321641,50.44826833887137,44.68674800402926,8.475000000000001,22.15786867,21.185016745860494,24.12615835497244,54.1,78.35,54.4,81.69999999999999,65.4,70.0,67.32499999999999,6.32105348900278,17.639149999999997,11.980101744501388,12.0,0.45,17.0,0.2,11.0,0.5238095238095238,18.0,0.22727272727272727
HN,HND,2010,Honduras,Central America,0,0,0,0.128,PNH,National Party of Honduras,72.4,39.0,74.1,80.9,69.6,27.375,70.0,37.0,29.8,16.299999999999997,40.0,74.0,0.0,16.950000000000003,0.0,24.700859753095187,50.03731865358981,50.07902219827969,45.70544695062316,8.475000000000001,23.266666666666666,20.500429876547592,24.486885873459357,61.833333333333336,77.45,74.1,80.9,69.6,70.0,72.31388888888888,3.1343213918027977,9.256177777777777,6.195249584790288,17.0,0.2,19.0,0.1,15.0,0.3333333333333333,19.0,0.18181818181818182
HN,HND,2011,Honduras,Central America,0,0,0,0.104,PNH,National Party of Honduras,71.1,36.9,74.1,81.39999999999999,68.7,26.05,70.0,37.9,26.8,23.0,40.0,75.0,0.0,16.950000000000003,0.0,24.03497603273658,48.22324744634508,51.59813019015353,45.907125878832865,8.475000000000001,22.266666666666666,23.51748801636829,25.041570140466956,60.699999999999996,78.19999999999999,74.1,81.39999999999999,68.7,70.0,72.18333333333332,2.6043232946085633,7.507066666666665,5.055694980637615,19.0,0.14285714285714285,20.0,0.09523809523809523,16.0,0.3181818181818182,22.0,0.08695652173913043
HN,HND,2012,Honduras,Central America,0,0,0,0.0799999999999999,PNH,National Party of Honduras,73.5,44.6,74.1,81.39999999999999,71.89999999999999,26.05,70.0,39.4,25.90000000000001,22.90000000000001,40.0,76.0,0.0,16.950000000000003,0.0,24.54989078081782,48.601592941920885,54.9496617833273,47.6504182417494,8.475000000000001,21.96666666666667,23.724945390408912,25.454257574706247,64.06666666666666,78.69999999999999,74.1,81.39999999999999,71.89999999999999,70.0,73.3611111111111,2.0363406059764975,5.868888888888881,3.952614747432689,20.0,0.09523809523809523,21.0,0.047619047619047616,20.0,0.13636363636363635,23.0,0.043478260869565216
HN,HND,2013,Honduras,Central America,0,0,0,0.056,PNH,National Party of Honduras,70.5,35.8,71.5,81.39999999999999,68.8,29.325000000000003,70.0,39.0,26.099999999999994,22.90000000000001,40.0,74.0,0.0,16.950000000000003,0.0,24.75959127347366,46.92149498925716,52.25093348838645,46.05747615921454,8.475000000000001,22.03333333333333,23.829795636736833,25.098901282321176,59.26666666666667,77.69999999999999,71.5,81.39999999999999,68.8,70.0,71.44444444444444,1.405538471809986,4.0008888888888885,2.703213680349437,21.0,0.09090909090909091,22.0,0.045454545454545456,22.0,0.08695652173913043,24.0,0.041666666666666664
HN,HND,2014,Honduras,Central America,0,0,0,0.05575,PNH,National Party of Honduras,69.0,35.8,68.9,81.39999999999999,68.60000000000001,29.325000000000003,70.0,44.6,24.90000000000001,24.599999999999994,40.0,76.3,0.0,15.199999999999989,0.0,27.32927299845801,46.8165393904937,53.054712583950334,48.15708399148135,7.599999999999994,21.633333333333336,25.964636499229,25.83876345601092,57.9,78.85,68.9,81.39999999999999,68.60000000000001,70.0,70.94166666666668,1.4405110626726088,3.954997916666667,2.697754489669638,22.0,0.045454545454545456,22.0,0.045454545454545456,22.0,0.08695652173913043,24.0,0.041666666666666664
HN,HND,2015,Honduras,Central America,0,0,0,0.0555,PNH,National Party of Honduras,74.8,53.0,68.9,81.39999999999999,75.1,31.52500000000001,70.0,46.8,24.599999999999994,22.40000000000001,40.0,74.0,0.0,15.199999999999989,0.0,26.47298121944803,46.83295680594688,53.81721258395033,49.15005646329907,7.599999999999994,21.53333333333333,24.436490609724018,25.679970101589106,65.56666666666666,77.69999999999999,68.9,81.39999999999999,75.1,70.0,73.1111111111111,1.4252383406381954,4.057666666666666,2.7414525036524307,22.0,0.045454545454545456,22.0,0.045454545454545456,23.0,0.043478260869565216,24.0,0.041666666666666664
HN,HND,2016,Honduras,Central America,0,0,0,0.05525,PNH,National Party of Honduras,72.3,44.1,68.9,81.39999999999999,72.39999999999999,31.52500000000001,70.0,42.0,25.200000000000003,21.599999999999994,40.0,71.0,0.0,15.199999999999989,0.0,28.20135326726556,47.428560660708776,56.76031994570909,48.72962686880595,7.599999999999994,21.733333333333334,24.900676633632777,25.740909208943016,61.76666666666667,76.19999999999999,68.9,81.39999999999999,72.39999999999999,70.0,71.77777777777777,1.4221852337941017,3.965722222222222,2.693953728008162,21.0,0.047619047619047616,21.0,0.047619047619047616,22.0,0.045454545454545456,23.0,0.043478260869565216
HN,HND,2017,Honduras,Central America,0,0,0,0.055,PNH,National Party of Honduras,73.4,46.3,68.9,81.39999999999999,74.5,33.175,55.0,43.1,22.700000000000003,21.599999999999994,40.0,67.8,0.0,15.199999999999989,0.0,27.95137385648016,47.55491115594687,52.50922296862576,47.72137804152421,7.599999999999994,20.900000000000002,24.775686928240077,25.24926624244107,62.866666666666674,74.6,68.9,81.39999999999999,74.5,55.0,69.54444444444444,1.388709643334259,3.8249444444444443,2.6068270438893517,20.0,0.09523809523809523,20.0,0.09523809523809523,21.0,0.09090909090909091,23.0,0.043478260869565216
HN,HND,2018,Honduras,Central America,0,0,0,0.055,PNH,National Party of Honduras,71.2,39.4,65.8,81.39999999999999,70.5,44.15,55.7,41.5,26.200000000000003,15.599999999999994,40.0,71.8,0.0,15.199999999999989,0.0,28.32452991796669,47.55491115594687,54.48360339398462,47.846171516643835,7.599999999999994,22.066666666666666,21.96226495898334,24.868775785573458,58.79999999999999,76.6,65.8,81.39999999999999,70.5,55.7,68.13333333333333,1.3677826682065402,3.7473333333333327,2.5575580007699363,19.0,0.1,20.0,0.05,20.0,0.09523809523809523,22.0,0.045454545454545456
HN,HND,2019,Honduras,Central America,0,0,0,0.055,PNH,National Party of Honduras,72.5,41.1,69.0,81.39999999999999,69.69999999999999,40.825,56.6,43.1,27.0,20.599999999999994,40.0,74.7,0.0,15.199999999999989,0.0,28.32879951749877,47.55491115594687,55.80860339398463,48.82117151664384,7.599999999999994,22.333333333333332,24.46439975874938,25.804726152181637,60.86666666666667,78.05,69.0,81.39999999999999,69.69999999999999,56.6,69.26944444444445,1.41925993836999,3.8098194444444444,2.6145396914072174,17.0,0.1111111111111111,18.0,0.05555555555555555,18.0,0.10526315789473684,20.0,0.05
HN,HND,2020,Honduras,Central America,0,0,0,,,,71.80000000000001,41.3,70.6,75.9,69.5,40.825,51.4,43.3,27.8,20.599999999999994,40.0,71.4,6.403269754768388,15.199999999999989,0.0,34.08658749689265,47.55491115594687,54.62110339398463,48.49200484997717,10.801634877384188,22.599999999999998,27.34329374844632,27.309233368951922,61.23333333333333,73.65,70.6,75.9,69.5,51.4,67.04722222222222,,,,,,,,,,,
JM,JAM,2000,Jamaica,Caribbean,0,0,1,0.254,PNP,People's National Party,13.599999999999994,10.5,26.5,18.2,18.9,14.924999999999995,30.0,30.0,25.5,33.0,50.0,62.0,0.0,36.525,0.0,20.72816298309296,31.316287225549303,39.69842037516169,33.671569200236995,18.2625,25.166666666666668,26.86408149154648,25.991204339612537,16.866666666666664,40.1,26.5,18.2,18.9,30.0,25.094444444444445,6.601765902261585,6.373988888888889,6.487877395575238,16.0,0.25,17.0,0.2,16.0,0.2857142857142857,14.0,0.4090909090909091
JM,JAM,2001,Jamaica,Caribbean,0,0,1,0.254,PNP,People's National Party,13.599999999999994,10.5,26.5,18.2,18.9,14.924999999999995,50.0,30.0,21.700000000000003,23.599999999999994,70.0,62.0,0.0,36.525,0.0,21.52983756053662,31.200512145476992,54.8623629916244,38.687625045700464,18.2625,30.566666666666666,22.564918780268307,27.52042762315886,16.866666666666664,40.1,26.5,18.2,18.9,50.0,28.427777777777777,6.99018861628235,7.220655555555555,7.105422085918953,15.0,0.3,16.0,0.25,14.0,0.38095238095238093,16.0,0.3181818181818182
JM,JAM,2002,Jamaica,Caribbean,0,0,1,0.254,PNP,People's National Party,13.599999999999994,10.5,26.5,18.2,18.5,14.924999999999995,50.0,30.0,22.599999999999994,33.2,70.0,62.0,0.0,24.39999999999999,0.0,22.522072942705503,30.93735389221598,53.15183704182835,38.02973031134811,12.199999999999996,30.866666666666664,27.861036471352755,27.239358362341882,16.866666666666664,40.1,26.5,18.2,18.5,50.0,28.361111111111114,6.918797024034838,7.203722222222223,7.06125962312853,15.0,0.3333333333333333,16.0,0.2857142857142857,14.0,0.4090909090909091,16.0,0.34782608695652173
JM,JAM,2003,Jamaica,Caribbean,0,0,1,0.254,PNP,People's National Party,13.599999999999994,10.5,21.39999999999999,18.2,18.9,14.924999999999995,50.0,30.0,22.0,34.2,30.0,62.0,0.3814713896457817,24.39999999999999,0.0,24.229632267572452,31.175449130311225,51.068503708495015,37.41465094626874,12.390735694822887,17.333333333333332,29.21481613378623,24.088384027052797,15.166666666666663,40.1,21.39999999999999,18.2,18.9,50.0,27.29444444444444,6.11844954287141,6.932788888888888,6.525619215880149,15.0,0.3333333333333333,16.0,0.2857142857142857,15.0,0.36363636363636365,17.0,0.30434782608695654
JM,JAM,2004,Jamaica,Caribbean,0,0,1,0.254,PNP,People's National Party,13.599999999999994,10.5,21.39999999999999,18.2,18.9,14.924999999999995,50.0,30.0,22.0,35.599999999999994,30.0,60.0,1.852861035422336,34.98689125031903,0.0,23.475924326135697,30.801299470447265,48.076556929783536,36.29261880007693,18.419876142870685,17.333333333333332,29.537962163067846,25.395947609837197,15.166666666666663,39.1,21.39999999999999,18.2,18.9,50.0,27.127777777777776,6.450570692898649,6.8904555555555556,6.670513124227102,15.0,0.3,15.0,0.3,15.0,0.3333333333333333,16.0,0.3181818181818182
JM,JAM,2005,Jamaica,Caribbean,0,0,1,0.254,PNP,People's National Party,13.599999999999994,10.5,19.099999999999994,18.2,17.0,14.924999999999995,50.0,30.0,24.200000000000003,30.599999999999994,30.0,62.0,0.7629427792915635,24.39999999999999,0.0,22.42368945769978,26.868665014931157,53.311779193019646,36.7268147359836,12.581471389645777,18.066666666666666,26.511844728849887,23.47169938028648,14.399999999999997,40.1,19.099999999999994,18.2,17.0,50.0,26.46666666666667,5.9618116425927665,6.722533333333334,6.34217248796305,15.0,0.2222222222222222,15.0,0.2631578947368421,15.0,0.2631578947368421,15.0,0.3333333333333333
JM,JAM,2006,Jamaica,Caribbean,0,0,1,0.254,PNP,People's National Party,13.599999999999994,10.5,19.099999999999994,18.2,16.900000000000002,11.400000000000006,50.0,17.400000000000006,27.099999999999994,34.599999999999994,30.0,67.0,1.7252505460467376,24.39999999999999,0.0,20.57678551607596,30.546745857283824,53.83086002443782,33.925868627240554,13.062625273023365,19.03333333333333,27.588392758037976,23.40255499790881,14.399999999999997,42.6,19.099999999999994,18.2,16.900000000000002,50.0,26.866666666666664,5.944248969468838,6.824133333333332,6.384191151401085,18.0,0.15,17.0,0.2,16.0,0.2857142857142857,17.0,0.2727272727272727
JM,JAM,2007,Jamaica,Caribbean,0,0,1,0.254,PNP,People's National Party,13.599999999999994,10.5,17.0,18.2,16.900000000000002,11.400000000000006,50.0,18.0,29.0,29.599999999999994,40.0,64.0,2.3122716613925576,24.39999999999999,0.0,20.85810573383144,32.60137525391323,54.66440700456052,35.08859408615792,13.356135830696275,23.0,25.229052866915715,24.168445695942474,13.699999999999998,41.1,17.0,18.2,16.900000000000002,50.0,26.150000000000002,6.138785206769389,6.642100000000001,6.390442603384695,19.0,0.14285714285714285,17.0,0.23809523809523808,18.0,0.22727272727272727,18.0,0.2608695652173913
JM,JAM,2008,Jamaica,Caribbean,0,0,1,0.2265,JLP,Jamaica Labour Party,13.599999999999994,10.5,17.0,18.2,17.4,11.400000000000006,50.0,17.706036049999994,25.68741482,29.599999999999994,40.0,63.0,2.198312063382275,24.39999999999999,0.0,21.325831902114945,33.83447513127025,54.52611999172382,35.355543724331355,13.299156031691133,21.89580494,25.462915951057468,24.00335516176999,13.699999999999998,40.6,17.0,18.2,17.4,50.0,26.150000000000002,5.436759944140903,5.922975000000001,5.679867472070452,19.0,0.14285714285714285,18.0,0.19047619047619047,19.0,0.18181818181818182,19.0,0.21739130434782608
JM,JAM,2009,Jamaica,Caribbean,0,0,1,0.229,JLP,Jamaica Labour Party,13.599999999999994,10.5,17.0,18.2,17.4,11.400000000000006,50.0,12.211834690000003,24.64472348,29.40000000000001,50.0,67.0,2.0907757009918413,24.39999999999999,0.0,24.534480868963342,32.82734199020234,53.722886587572845,32.920687755925066,13.245387850495916,24.881574493333332,26.967240434481674,24.503722633559,13.699999999999998,42.6,17.0,18.2,17.4,50.0,26.483333333333334,5.611352483085011,6.064683333333334,5.8380179082091725,19.0,0.1,18.0,0.15,19.0,0.14285714285714285,19.0,0.18181818181818182
JM,JAM,2010,Jamaica,Caribbean,0,0,1,0.2315,JLP,Jamaica Labour Party,13.599999999999994,10.5,16.5,18.2,18.1,11.400000000000006,55.0,13.0,31.599999999999994,27.8,40.0,69.0,2.4114441416893584,20.175,0.0,25.308698946970598,31.694474244574067,52.51609631924232,32.40352352127213,11.29322207084468,23.866666666666664,26.5543494734853,23.529440433067194,13.533333333333331,43.6,16.5,18.2,18.1,55.0,27.48888888888889,5.447065460255056,6.363677777777778,5.905371619016417,18.0,0.15,16.0,0.25,17.0,0.23809523809523808,17.0,0.2727272727272727
JM,JAM,2011,Jamaica,Caribbean,0,0,1,0.234,JLP,Jamaica Labour Party,13.599999999999994,10.5,16.5,18.2,18.7,11.400000000000006,60.0,13.700000000000005,27.5,27.8,40.0,70.0,3.3705722070844786,20.175,0.0,25.03394429534552,28.951234266405976,51.289555525491565,31.31359659729918,11.77278610354224,22.5,26.41697214767276,23.000838712128548,13.533333333333331,44.1,16.5,18.2,18.7,60.0,28.505555555555556,5.38219625863808,6.670300000000001,6.026248129319041,18.0,0.19047619047619047,17.0,0.23809523809523808,17.0,0.2727272727272727,18.0,0.2608695652173913
JM,JAM,2012,Jamaica,Caribbean,0,0,1,0.2634,PNP,People's National Party,13.5,10.5,15.900000000000006,18.2,17.7,11.400000000000006,60.0,15.299999999999995,27.599999999999994,27.90000000000001,40.0,67.0,6.207378195397766,20.175,0.0,24.703236230201995,28.08190551682614,52.80725223796556,32.06305258493057,13.191189097698883,22.53333333333333,26.301618115101,23.522298282765945,13.300000000000002,42.6,15.900000000000006,18.2,17.7,60.0,27.950000000000003,6.195773367680551,7.362030000000002,6.778901683840276,17.0,0.23809523809523808,16.0,0.2857142857142857,17.0,0.2727272727272727,17.0,0.30434782608695654
JM,JAM,2013,Jamaica,Caribbean,0,0,1,0.2768,PNP,People's National Party,13.099999999999994,12.200000000000005,15.900000000000006,18.2,18.5,11.400000000000006,60.0,15.700000000000005,23.90000000000001,25.0,40.0,67.0,6.449953316438325,17.875,0.0,24.69953380001492,25.36121104616632,51.55553389226582,30.872248312810715,12.162476658219163,21.3,24.84976690000746,22.29612296775933,13.733333333333334,42.6,15.900000000000006,18.2,18.5,60.0,28.155555555555555,6.171566837475782,7.793457777777777,6.98251230762678,18.0,0.22727272727272727,17.0,0.2727272727272727,18.0,0.2608695652173913,18.0,0.2916666666666667
JM,JAM,2014,Jamaica,Caribbean,0,0,1,0.2902,PNP,People's National Party,13.099999999999994,12.200000000000005,15.900000000000006,18.2,18.5,11.400000000000006,60.0,15.400000000000006,22.700000000000003,24.90000000000001,50.0,67.0,16.838247507571822,17.875,0.0,28.13383929494329,26.00091654919511,50.09597350772694,30.498963352307353,17.35662375378591,24.233333333333334,26.51691964747165,24.651460021724564,13.733333333333334,42.6,15.900000000000006,18.2,18.5,60.0,28.155555555555555,7.153853698304468,8.170742222222222,7.662297960263345,18.0,0.22727272727272727,18.0,0.22727272727272727,19.0,0.21739130434782608,19.0,0.25
JM,JAM,2015,Jamaica,Caribbean,0,0,1,0.3036,PNP,People's National Party,13.099999999999994,12.200000000000005,15.900000000000006,18.2,18.5,11.400000000000006,60.0,14.099999999999994,28.599999999999994,25.0,50.0,62.0,16.222230256735557,17.875,0.0,24.68517112586548,25.870563106161327,47.90136790600656,29.29064367072263,17.04861512836778,26.2,24.84258556293274,24.345461090505786,13.733333333333334,40.1,15.900000000000006,18.2,18.5,60.0,27.73888888888889,7.391281987077556,8.421526666666667,7.906404326872112,18.0,0.22727272727272727,17.0,0.2727272727272727,19.0,0.21739130434782608,18.0,0.2916666666666667
JM,JAM,2016,Jamaica,Caribbean,0,0,1,0.298,JLP,Jamaica Labour Party,12.5,12.200000000000005,15.900000000000006,16.2,17.599999999999998,11.400000000000006,60.0,18.700000000000003,22.5,24.599999999999994,50.0,62.0,16.222230256735557,17.875,0.0,24.98357400428345,25.505214933145737,47.9474739718334,30.71756296832638,17.04861512836778,24.166666666666668,24.791787002141724,24.181157941375638,13.533333333333337,39.1,15.900000000000006,16.2,17.599999999999998,60.0,27.055555555555557,7.20598506652994,8.062555555555555,7.634270311042748,15.0,0.3333333333333333,15.0,0.3333333333333333,17.0,0.2727272727272727,16.0,0.34782608695652173
JM,JAM,2017,Jamaica,Caribbean,0,0,1,0.298,JLP,Jamaica Labour Party,11.900000000000006,9.0,15.900000000000006,16.2,15.2,11.400000000000006,42.0,21.099999999999994,20.5,24.700000000000003,50.0,61.8,16.222230256735557,17.875,0.0,27.73023582874288,25.9728794836971,47.60976968724993,31.560883056982345,17.04861512836778,23.5,26.21511791437144,24.58115402493039,12.266666666666671,39.0,15.900000000000006,16.2,15.2,42.0,23.42777777777778,7.325183899429256,6.981477777777778,7.153330838603518,14.0,0.38095238095238093,14.0,0.38095238095238093,16.0,0.3181818181818182,14.0,0.43478260869565216
JM,JAM,2018,Jamaica,Caribbean,0,0,1,0.298,JLP,Jamaica Labour Party,12.400000000000006,9.599999999999994,17.60000000000001,16.2,15.9,11.400000000000006,39.1,21.3,18.0,29.200000000000003,50.0,60.6,16.222230256735557,17.875,0.0,27.828684375080694,26.15846791226852,46.82610762504977,31.428191845772762,17.04861512836778,22.666666666666668,28.51434218754035,24.91445395708689,13.200000000000003,38.4,17.60000000000001,16.2,15.9,39.1,23.400000000000006,7.424507279211893,6.973200000000001,7.198853639605947,13.0,0.4,12.0,0.45,16.0,0.2857142857142857,13.0,0.45454545454545453
JM,JAM,2019,Jamaica,Caribbean,0,0,1,0.298,JLP,Jamaica Labour Party,10.399999999999991,9.599999999999994,16.10000000000001,16.2,15.0,11.400000000000006,39.3,22.0,17.400000000000006,31.599999999999994,50.0,55.0,16.222230256735557,11.5,0.0,27.867122333376017,26.15846791226852,46.82610762504977,31.661525179106096,13.861115128367778,22.46666666666667,29.733561166688006,24.430717035207138,12.033333333333331,35.6,16.10000000000001,16.2,15.0,39.3,22.372222222222224,7.2803536764917265,6.666922222222222,6.9736379493569745,14.0,0.2777777777777778,12.0,0.3888888888888889,16.0,0.21052631578947367,12.0,0.45
JM,JAM,2020,Jamaica,Caribbean,0,0,1,,,,12.200000000000005,10.099999999999994,16.10000000000001,35.5,17.1,11.400000000000006,37.9,22.3,22.3,31.599999999999994,50.0,53.2,16.222230256735557,15.700000000000005,0.0,34.92355623166131,26.15846791226852,46.25110762504976,31.569858512439424,15.96111512836778,24.099999999999998,33.26177811583065,26.223187939159462,12.800000000000002,44.35,16.10000000000001,35.5,17.1,37.9,27.29166666666667,,,,,,,,,,,
NA,MTQ,2000,Martinique,Caribbean,0,0,0,,,,,,,,,,,,,,,,,,,,,,,,,,,,,,,,,,,,,,,,,,,,
NA,MTQ,2001,Martinique,Caribbean,0,0,0,,,,,,,,,,,,,,,,,,,,,,,,,,,,,,,,,,,,,,,,,,,,
NA,MTQ,2002,Martinique,Caribbean,0,0,0,,,,,,,,,,,,,,,,,,,,,,,,,,,,,,,,,,,,,,,,,,,,
NA,MTQ,2003,Martinique,Caribbean,0,0,0,,,,,,,,,,,,,,,,,,,,,,,,,,,,,,,,,,,,,,,,,,,,
NA,MTQ,2004,Martinique,Caribbean,0,0,0,,,,,,,,,,,,,,,,,,,,,,,,,,,,,,,,,,,,,,,,,,,,
NA,MTQ,2005,Martinique,Caribbean,0,0,0,,,,,,,,,,,,,,,,,,,,,,,,,,,,,,,,,,,,,,,,,,,,
NA,MTQ,2006,Martinique,Caribbean,0,0,0,,,,,,,,,,,,,,,,,,,,,,,,,,,,,,,,,,,,,,,,,,,,
NA,MTQ,2007,Martinique,Caribbean,0,0,0,,,,,,,,,,,,,,,,,,,,,,,,,,,,,,,,,,,,,,,,,,,,
NA,MTQ,2008,Martinique,Caribbean,0,0,0,,,,,,,,,,,,,,,,,,,,,,,,,,,,,,,,,,,,,,,,,,,,
NA,MTQ,2009,Martinique,Caribbean,0,0,0,,,,,,,,,,,,,,,,,,,,,,,,,,,,,,,,,,,,,,,,,,,,
NA,MTQ,2010,Martinique,Caribbean,0,0,0,,,,,,,,,,,,,,,,,,,,,,,,,,,,,,,,,,,,,,,,,,,,
NA,MTQ,2011,Martinique,Caribbean,0,0,0,,,,,,,,,,,,,,,,,,,,,,,,,,,,,,,,,,,,,,,,,,,,
NA,MTQ,2012,Martinique,Caribbean,0,0,0,,,,,,,,,,,,,,,,,,,,,,,,,,,,,,,,,,,,,,,,,,,,
NA,MTQ,2013,Martinique,Caribbean,0,0,0,,,,,,,,,,,,,,,,,,,,,,,,,,,,,,,,,,,,,,,,,,,,
NA,MTQ,2014,Martinique,Caribbean,0,0,0,,,,,,,,,,,,,,,,,,,,,,,,,,,,,,,,,,,,,,,,,,,,
NA,MTQ,2015,Martinique,Caribbean,0,0,0,,,,,,,,,,,,,,,,,,,,,,,,,,,,,,,,,,,,,,,,,,,,
NA,MTQ,2016,Martinique,Caribbean,0,0,0,,,,,,,,,,,,,,,,,,,,,,,,,,,,,,,,,,,,,,,,,,,,
NA,MTQ,2017,Martinique,Caribbean,0,0,0,,,,,,,,,,,,,,,,,,,,,,,,,,,,,,,,,,,,,,,,,,,,
NA,MTQ,2018,Martinique,Caribbean,0,0,0,,,,,,,,,,,,,,,,,,,,,,,,,,,,,,,,,,,,,,,,,,,,
NA,MTQ,2019,Martinique,Caribbean,0,0,0,,,,,,,,,,,,,,,,,,,,,,,,,,,,,,,,,,,,,,,,,,,,
NA,MTQ,2020,Martinique,Caribbean,0,0,0,,,,,,,,,,,,,,,,,,,,,,,,,,,,,,,,,,,,,,,,,,,,
MX,MEX,2000,Mexico,Central America,0,0,0,0.208,PRI,Institutional Revolutionary Party,37.7,27.0,27.3,35.6,33.4,35.650000000000006,50.0,45.0,32.400000000000006,37.0,70.0,67.0,20.77962476003799,26.90000000000001,50.0,21.77957427039217,47.20311680496612,47.28445233953637,46.495856381500836,23.839812380018998,50.800000000000004,29.389787135196087,37.63136397417898,30.666666666666668,51.3,27.3,35.6,33.4,50.0,38.044444444444444,7.827323706629228,7.913244444444444,7.870284075536835,14.0,0.35,13.0,0.4,14.0,0.38095238095238093,18.0,0.22727272727272727
MX,MEX,2001,Mexico,Central America,0,0,0,0.164,PAN,National Action Party,37.8,27.0,33.2,37.1,34.1,35.650000000000006,50.0,45.0,30.90000000000001,17.0,50.0,66.0,20.77962476003799,27.950000000000003,50.0,23.213873975296536,46.65182055841024,63.88683463946823,51.84621839929283,24.364812380018996,43.63333333333333,20.106936987648268,34.98782527507336,32.666666666666664,51.55,33.2,37.1,34.1,50.0,39.769444444444446,5.738003345112031,6.5221888888888895,6.130096117000461,16.0,0.25,17.0,0.2,15.0,0.3333333333333333,18.0,0.22727272727272727
MX,MEX,2002,Mexico,Central America,0,0,0,0.159,PAN,National Action Party,37.8,27.0,33.2,37.1,34.9,35.650000000000006,50.0,45.0,26.8,18.8,30.0,67.0,20.77962476003799,27.950000000000003,50.0,24.277774300425804,43.86615966210897,61.86073567286972,50.24229844499289,24.364812380018996,35.6,21.5388871502129,32.936499493806195,32.666666666666664,52.05,33.2,37.1,34.9,50.0,39.986111111111114,5.236903419515185,6.357791666666667,5.797347543090926,16.0,0.2857142857142857,17.0,0.23809523809523808,16.0,0.3181818181818182,18.0,0.2608695652173913
MX,MEX,2003,Mexico,Central America,0,0,0,0.154,PAN,National Action Party,41.1,27.0,30.90000000000001,37.1,34.599999999999994,35.650000000000006,50.0,30.0,23.0,19.0,30.0,63.0,20.77962476003799,27.950000000000003,50.0,24.708508659447347,44.10425490020421,62.69406900620305,45.59944130213575,24.364812380018996,34.333333333333336,21.854254329723673,31.53796033630294,33.0,50.05,30.90000000000001,37.1,34.599999999999994,50.0,39.275,4.856845891790653,6.04835,5.452597945895326,16.0,0.2857142857142857,17.0,0.23809523809523808,18.0,0.22727272727272727,18.0,0.2608695652173913
MX,MEX,2004,Mexico,Central America,0,0,0,0.139,PAN,National Action Party,41.1,27.0,30.90000000000001,37.1,34.7,35.650000000000006,50.0,30.0,20.200000000000003,18.40000000000001,30.0,64.0,20.77962476003799,32.93166488557783,50.0,23.538957932113306,43.698611161227134,66.0225427496167,46.57371797028128,26.85564482280791,33.4,20.969478966056656,31.94971043978646,33.0,50.55,30.90000000000001,37.1,34.7,50.0,39.375,4.441009751130318,5.4731250000000005,4.95706737556516,17.0,0.2,17.0,0.2,17.0,0.23809523809523808,20.0,0.13636363636363635
MX,MEX,2005,Mexico,Central America,0,0,0,0.124,PAN,National Action Party,41.1,27.0,30.90000000000001,37.1,34.7,35.650000000000006,50.0,30.0,18.90000000000001,24.8,30.0,64.0,20.77962476003799,27.950000000000003,50.0,25.024033000026407,38.08637773251627,63.53955444518442,43.87531072590023,24.364812380018996,32.96666666666667,24.912016500013202,31.529701568149775,33.0,50.55,30.90000000000001,37.1,34.7,50.0,39.375,3.909682994450572,4.8825,4.396091497225286,17.0,0.1111111111111111,17.0,0.15789473684210525,17.0,0.15789473684210525,19.0,0.14285714285714285
MX,MEX,2006,Mexico,Central America,0,0,0,0.109,PAN,National Action Party,40.400000000000006,27.0,30.90000000000001,37.7,35.3,35.650000000000006,50.0,20.3,18.700000000000003,42.6,30.0,64.0,20.77962476003799,27.950000000000003,50.0,24.792545938394426,38.92332001606668,61.82926986507917,40.350863293715285,24.364812380018996,32.9,33.69627296919721,32.827987160732874,32.76666666666667,50.85,30.90000000000001,37.7,35.3,50.0,39.586111111111116,3.5782506005198833,4.314886111111112,3.9465683558154976,19.0,0.1,19.0,0.1,20.0,0.09523809523809523,21.0,0.09090909090909091
MX,MEX,2007,Mexico,Central America,0,0,0,0.109,PAN,National Action Party,42.1,27.700000000000003,30.90000000000001,37.7,37.2,40.525,50.0,16.5,23.0,22.40000000000001,40.0,65.0,20.77962476003799,27.950000000000003,50.0,25.92677073790364,39.04434189827654,63.474703751704126,39.673015216660225,24.364812380018996,37.666666666666664,24.163385368951825,31.466969908074425,33.56666666666667,51.35,30.90000000000001,37.7,37.2,50.0,40.11944444444445,3.4298997199801122,4.373019444444445,3.9014595822122784,20.0,0.09523809523809523,20.0,0.09523809523809523,21.0,0.09090909090909091,22.0,0.08695652173913043
MX,MEX,2008,Mexico,Central America,0,0,0,0.109,PAN,National Action Party,41.6,27.700000000000003,30.90000000000001,37.7,36.1,40.525,50.0,17.130015169999993,22.33444806,21.0,40.0,67.0,10.408719346049054,27.950000000000003,50.0,25.72433297578124,41.55502564590086,62.81388120805499,40.49964067465195,19.17935967302453,37.44481602,23.36216648789062,30.121495713891775,33.400000000000006,52.35,30.90000000000001,37.7,36.1,50.0,40.075,3.2832430328142035,4.368175,3.8257090164071017,20.0,0.09523809523809523,20.0,0.09523809523809523,21.0,0.09090909090909091,22.0,0.08695652173913043
MX,MEX,2009,Mexico,Central America,0,0,0,0.109,PAN,National Action Party,41.6,27.700000000000003,30.90000000000001,37.7,36.2,40.525,50.0,19.69328311,22.47856779,19.8,40.0,65.0,13.460490463215253,27.950000000000003,50.0,25.412833318906166,42.10023586157264,62.36254278395944,41.385353918510695,20.705245231607627,37.49285593,22.60641665945308,30.54746793489285,33.400000000000006,51.35,30.90000000000001,37.7,36.2,50.0,39.925000000000004,3.3296740049033207,4.351825000000001,3.8407495024516605,20.0,0.05,20.0,0.05,20.0,0.09523809523809523,22.0,0.045454545454545456
MX,MEX,2010,Mexico,Central America,0,0,0,0.12,PAN,National Action Party,41.900000000000006,25.599999999999994,33.7,37.7,35.7,40.525,50.0,17.0,23.700000000000003,18.0,40.0,64.0,12.425068119891025,26.349999999999994,50.0,26.148034582783552,42.37337817896525,53.56547355291487,37.6462839106267,19.38753405994551,37.9,22.074017291391776,29.251958815490994,33.733333333333334,50.85,33.7,37.7,35.7,50.0,40.28055555555556,3.510235057858919,4.833666666666667,4.171950862262793,19.0,0.1,17.0,0.2,20.0,0.09523809523809523,20.0,0.13636363636363635
MX,MEX,2011,Mexico,Central America,0,0,0,0.131,PAN,National Action Party,41.900000000000006,25.599999999999994,33.7,37.7,35.7,41.525,50.0,12.700000000000005,24.3,18.8,40.0,67.0,12.833787465940077,26.349999999999994,50.0,25.67801171799907,42.75764727294848,49.52816159386906,34.99526962227251,19.591893732970036,38.1,22.239005858999533,28.73154230356052,33.733333333333334,52.35,33.7,37.7,35.7,50.0,40.53055555555556,3.7638320417664284,5.309502777777778,4.536667409772104,20.0,0.09523809523809523,18.0,0.19047619047619047,21.0,0.09090909090909091,19.0,0.21739130434782608
MX,MEX,2012,Mexico,Central America,0,0,0,0.142,PAN,National Action Party,43.8,27.700000000000003,34.2,45.8,39.0,40.6,50.0,18.0,23.5,27.099999999999994,40.0,69.0,11.961852861035425,26.575000000000003,50.0,25.399165663733257,42.81194437004992,49.64249992181646,36.81814809728879,19.268426430517714,37.833333333333336,26.249582831866626,30.04237267325162,35.233333333333334,57.4,34.2,45.8,39.0,50.0,43.605555555555554,4.2660169196017295,6.191988888888888,5.229002904245309,19.0,0.14285714285714285,18.0,0.19047619047619047,19.0,0.18181818181818182,19.0,0.21739130434782608
MX,MEX,2013,Mexico,Central America,0,0,0,0.091,PRI,Institutional Revolutionary Party,53.6,29.0,44.8,67.60000000000001,46.8,29.57499999999999,50.0,18.599999999999994,22.3,19.40000000000001,40.0,70.0,12.37057220708448,22.849999999999994,50.0,24.851679896995662,39.15869796568921,50.69613837423616,36.15161211330845,17.610286103542236,37.43333333333333,22.125839948497834,28.33026787467046,42.46666666666666,68.80000000000001,44.8,67.60000000000001,46.8,50.0,53.41111111111112,2.578054376595012,4.8604111111111115,3.7192327438530617,20.0,0.13636363636363635,21.0,0.09090909090909091,21.0,0.13043478260869565,23.0,0.08333333333333333
MX,MEX,2014,Mexico,Central America,0,0,0,0.091,PRI,Institutional Revolutionary Party,53.6,29.0,44.8,67.60000000000001,46.8,32.55,50.0,23.200000000000003,22.599999999999994,14.400000000000006,40.0,70.3,12.45231607629428,20.15000000000001,50.0,21.4907970625419,42.05124208800383,50.16408352193682,38.47177520331355,16.301158038147143,37.53333333333333,17.945398531270953,27.562916276516244,42.46666666666666,68.95,44.8,67.60000000000001,46.8,50.0,53.43611111111111,2.508225381162978,4.862686111111111,3.6854557461370443,21.0,0.09090909090909091,21.0,0.09090909090909091,21.0,0.13043478260869565,23.0,0.08333333333333333
MX,MEX,2015,Mexico,Central America,0,0,0,0.091,PRI,Institutional Revolutionary Party,53.2,30.200000000000003,48.6,67.60000000000001,47.2,27.0,50.0,28.5,22.40000000000001,14.400000000000006,40.0,66.0,12.833787465940077,19.97500000000001,50.0,21.35631225712737,40.90038427895095,52.047921188184006,40.482768489044986,16.404393732970043,37.46666666666667,17.87815612856369,28.057996254311348,44.0,66.80000000000001,48.6,67.60000000000001,47.2,50.0,54.03333333333333,2.5532776591423327,4.917033333333333,3.735155496237833,21.0,0.09090909090909091,21.0,0.09090909090909091,21.0,0.13043478260869565,23.0,0.08333333333333333
MX,MEX,2016,Mexico,Central America,0,0,0,0.1066666666666666,PRI,Institutional Revolutionary Party,53.2,30.200000000000003,47.8,67.60000000000001,45.9,27.0,50.0,29.3,22.599999999999994,20.8,40.0,65.0,12.31607629427792,19.97500000000001,50.0,24.288959269107806,41.15940961153015,52.07557973605212,40.84499644919409,16.145538147138964,37.53333333333333,22.544479634553902,29.267086891055072,43.73333333333333,66.30000000000001,47.8,67.60000000000001,45.9,50.0,53.55555555555555,3.1218226017125392,5.712592592592588,4.417207597152563,20.0,0.09523809523809523,20.0,0.09523809523809523,20.0,0.13636363636363635,22.0,0.08695652173913043
MX,MEX,2017,Mexico,Central America,0,0,0,0.1223333333333333,PRI,Institutional Revolutionary Party,53.0,30.200000000000003,40.900000000000006,65.60000000000001,44.0,35.0,41.9,29.3,21.200000000000003,20.0,40.0,70.0,12.45231607629428,22.69999999999999,50.0,20.58476067921204,41.05724952197421,52.53873295341323,40.96532749179581,17.576158038147135,37.06666666666667,20.29238033960602,28.975133134053905,41.36666666666667,67.80000000000001,40.900000000000006,65.60000000000001,44.0,41.9,50.26111111111111,3.544624620065927,6.148609259259257,4.846616939662592,19.0,0.14285714285714285,19.0,0.14285714285714285,18.0,0.22727272727272727,21.0,0.13043478260869565
MX,MEX,2018,Mexico,Central America,0,0,0,0.138,PRI,Institutional Revolutionary Party,52.1,30.60000000000001,47.2,58.9,44.3,28.200000000000003,41.4,32.5,20.8,12.0,40.0,73.1,12.67029972752043,27.325000000000003,50.0,20.56745511288466,40.86220836483136,53.405503379107685,42.255903914646346,19.997649863760216,36.93333333333333,16.28372755644233,28.867653667045555,43.30000000000001,66.0,47.2,58.9,44.3,41.4,50.18333333333333,3.983736206052287,6.9253,5.454518103026143,18.0,0.15,16.0,0.25,17.0,0.23809523809523808,20.0,0.13636363636363635
MX,MEX,2019,Mexico,Central America,0,0,0,0.98,MORENA,National Regeneration Movement,46.0,29.0,56.2,43.0,41.7,52.35,40.9,32.2,24.099999999999994,18.599999999999994,40.0,73.7,14.03269754768391,27.325000000000003,50.0,18.39744622183788,40.86220836483136,53.405503379107685,42.15590391464635,20.678848773841956,38.03333333333333,18.498723110918938,29.841702283185143,43.73333333333333,58.35,56.2,43.0,41.7,40.9,47.31388888888889,29.244868237521437,46.36761111111111,37.806239674316274,5.0,0.7777777777777778,4.0,0.8333333333333334,4.0,0.8421052631578947,2.0,0.95
MX,MEX,2020,Mexico,Central America,0,0,0,,,,49.1,38.1,55.4,38.3,46.0,59.725,41.7,33.0,29.099999999999994,12.400000000000006,40.0,63.3,16.457765667574932,27.700000000000003,50.0,18.818799266188307,40.86220836483136,53.405503379107685,42.42257058131302,22.078882833787468,39.699999999999996,15.609399633094156,29.952713262048658,47.53333333333333,50.8,55.4,38.3,46.0,41.7,46.62222222222221,,,,,,,,,,,
NA,MSR,2000,Montserrat,Caribbean,0,0,1,,,,,,,,,,,,,,,,,,,,,,,,,,,,,,,,,,,,,,,,,,,,
NA,MSR,2001,Montserrat,Caribbean,0,0,1,,,,,,,,,,,,,,,,,,,,,,,,,,,,,,,,,,,,,,,,,,,,
NA,MSR,2002,Montserrat,Caribbean,0,0,1,,,,,,,,,,,,,,,,,,,,,,,,,,,,,,,,,,,,,,,,,,,,
NA,MSR,2003,Montserrat,Caribbean,0,0,1,,,,,,,,,,,,,,,,,,,,,,,,,,,,,,,,,,,,,,,,,,,,
NA,MSR,2004,Montserrat,Caribbean,0,0,1,,,,,,,,,,,,,,,,,,,,,,,,,,,,,,,,,,,,,,,,,,,,
NA,MSR,2005,Montserrat,Caribbean,0,0,1,,,,,,,,,,,,,,,,,,,,,,,,,,,,,,,,,,,,,,,,,,,,
NA,MSR,2006,Montserrat,Caribbean,0,0,1,,,,,,,,,,,,,,,,,,,,,,,,,,,,,,,,,,,,,,,,,,,,
NA,MSR,2007,Montserrat,Caribbean,0,0,1,,,,,,,,,,,,,,,,,,,,,,,,,,,,,,,,,,,,,,,,,,,,
NA,MSR,2008,Montserrat,Caribbean,0,0,1,,,,,,,,,,,,,,,,,,,,,,,,,,,,,,,,,,,,,,,,,,,,
NA,MSR,2009,Montserrat,Caribbean,0,0,1,,,,,,,,,,,,,,,,,,,,,,,,,,,,,,,,,,,,,,,,,,,,
NA,MSR,2010,Montserrat,Caribbean,0,0,1,,,,,,,,,,,,,,,,,,,,,,,,,,,,,,,,,,,,,,,,,,,,
NA,MSR,2011,Montserrat,Caribbean,0,0,1,,,,,,,,,,,,,,,,,,,,,,,,,,,,,,,,,,,,,,,,,,,,
NA,MSR,2012,Montserrat,Caribbean,0,0,1,,,,,,,,,,,,,,,,,,,,,,,,,,,,,,,,,,,,,,,,,,,,
NA,MSR,2013,Montserrat,Caribbean,0,0,1,,,,,,,,,,,,,,,,,,,,,,,,,,,,,,,,,,,,,,,,,,,,
NA,MSR,2014,Montserrat,Caribbean,0,0,1,,,,,,,,,,,,,,,,,,,,,,,,,,,,,,,,,,,,,,,,,,,,
NA,MSR,2015,Montserrat,Caribbean,0,0,1,,,,,,,,,,,,,,,,,,,,,,,,,,,,,,,,,,,,,,,,,,,,
NA,MSR,2016,Montserrat,Caribbean,0,0,1,,,,,,,,,,,,,,,,,,,,,,,,,,,,,,,,,,,,,,,,,,,,
NA,MSR,2017,Montserrat,Caribbean,0,0,1,,,,,,,,,,,,,,,,,,,,,,,,,,,,,,,,,,,,,,,,,,,,
NA,MSR,2018,Montserrat,Caribbean,0,0,1,,,,,,,,,,,,,,,,,,,,,,,,,,,,,,,,,,,,,,,,,,,,
NA,MSR,2019,Montserrat,Caribbean,0,0,1,,,,,,,,,,,,,,,,,,,,,,,,,,,,,,,,,,,,,,,,,,,,
NA,MSR,2020,Montserrat,Caribbean,0,0,1,,,,,,,,,,,,,,,,,,,,,,,,,,,,,,,,,,,,,,,,,,,,
NI,NIC,2000,Nicaragua,Central America,0,0,0,,PLC,Constitutionalist Liberal Party,75.6,71.5,25.099999999999994,86.3,71.5,21.39999999999999,70.0,45.0,31.90000000000001,44.0,50.0,70.0,14.668568470256176,16.724999999999994,0.0,20.62268933695583,29.582625410539563,49.00904359958958,41.197223003376386,15.696784235128085,27.3,32.311344668477915,29.126337976745596,57.4,78.15,25.099999999999994,86.3,71.5,70.0,64.74166666666666,,,,,,,,,,,
NI,NIC,2001,Nicaragua,Central America,0,0,0,0.373,PLC,Constitutionalist Liberal Party,70.9,76.1,25.099999999999994,68.89999999999999,69.69999999999999,21.39999999999999,70.0,45.0,31.40000000000001,34.400000000000006,50.0,69.0,14.668568470256176,16.724999999999994,0.0,22.34822763418056,30.486641686508577,53.62434070658676,43.036994131031776,15.696784235128085,27.133333333333336,28.374113817090283,28.56030637914587,57.36666666666667,68.94999999999999,25.099999999999994,68.89999999999999,69.69999999999999,70.0,60.00277777777777,10.65299427942141,22.381036111111108,16.51701519526626,6.0,0.75,8.0,0.65,6.0,0.7619047619047619,8.0,0.6818181818181818
NI,NIC,2002,Nicaragua,Central America,0,0,0,0.369,PLC,Constitutionalist Liberal Party,70.1,76.1,28.40000000000001,60.1,67.9,14.049999999999995,70.0,45.0,31.5,36.8,30.0,69.0,0.0,16.724999999999994,0.0,20.726604527329187,27.4178587438729,58.57872693292292,43.66552855893193,8.362499999999997,20.5,28.763302263664592,25.322832705649134,58.199999999999996,64.55,28.40000000000001,60.1,67.9,70.0,58.19166666666666,9.34412526838453,21.472724999999997,15.408425134192264,8.0,0.6666666666666666,9.0,0.6190476190476191,6.0,0.7727272727272727,10.0,0.6086956521739131
NI,NIC,2003,Nicaragua,Central America,0,0,0,0.365,PLC,Constitutionalist Liberal Party,70.1,76.1,28.40000000000001,60.1,67.9,14.049999999999995,70.0,45.0,28.700000000000003,20.8,30.0,76.0,4.577656675749324,16.724999999999994,0.0,19.159155020239908,28.608334934349088,57.12039359958958,43.576242844646224,10.65132833787466,19.566666666666666,19.979577510119952,23.443453839826876,58.199999999999996,68.05,28.40000000000001,60.1,67.9,70.0,58.775,8.556860651536809,21.452875,15.004867825768404,10.0,0.5714285714285714,13.0,0.42857142857142855,9.0,0.6363636363636364,12.0,0.5217391304347826
NI,NIC,2004,Nicaragua,Central America,0,0,0,0.361,PLC,Constitutionalist Liberal Party,70.2,76.1,28.40000000000001,60.1,68.7,14.049999999999995,70.0,45.0,24.90000000000001,21.0,30.0,75.0,0.0,0.1398897793516766,0.0,23.643038253224677,28.442389768403928,60.46398577130675,44.63545851323689,0.0699448896758383,18.3,22.321519126612337,21.331730632381266,58.23333333333334,67.55,28.40000000000001,60.1,68.7,70.0,58.830555555555556,7.700754758289636,21.237830555555554,14.469292656922596,9.0,0.6,13.0,0.4,8.0,0.6666666666666666,11.0,0.5454545454545454
NI,NIC,2005,Nicaragua,Central America,0,0,0,0.357,PLC,Constitutionalist Liberal Party,70.2,76.1,28.40000000000001,60.1,68.7,14.049999999999995,70.0,45.0,24.200000000000003,19.599999999999994,30.0,74.0,0.0,16.724999999999994,0.0,23.42156627895399,26.117010486035483,56.86169396588995,42.65956815064181,8.362499999999997,18.066666666666666,21.51078313947699,22.649879489196366,58.23333333333334,67.05,28.40000000000001,60.1,68.7,70.0,58.74722222222223,8.086006977643102,20.972758333333335,14.529382655488218,7.0,0.6666666666666666,13.0,0.3684210526315789,6.0,0.7368421052631579,12.0,0.47619047619047616
NI,NIC,2006,Nicaragua,Central America,0,0,0,0.353,PLC,Constitutionalist Liberal Party,77.5,87.7,34.8,61.9,75.8,23.075000000000003,70.0,43.0,27.700000000000003,22.40000000000001,30.0,73.0,0.0871934604904538,17.69999999999999,0.0,21.31026361328369,27.58689228459241,53.86187803431866,41.48292343963703,8.893596730245221,19.233333333333334,21.85513180664185,22.86624632746436,66.66666666666667,67.45,34.8,61.9,75.8,70.0,62.769444444444446,8.071784953594918,22.15761388888889,15.114699421241903,9.0,0.6,14.0,0.35,8.0,0.6666666666666666,12.0,0.5
NI,NIC,2007,Nicaragua,Central America,0,0,0,0.7124,FSLN,Sandinista National Liberation Front,86.5,91.8,66.19999999999999,81.39999999999999,86.1,45.775,70.0,43.6,29.099999999999994,17.599999999999994,40.0,74.0,0.2945031355735921,19.55,0.0,19.294731595239423,27.873392846735516,53.88144592629567,41.78494625767706,9.922251567786796,23.03333333333333,18.44736579761971,23.296974239104223,81.5,77.69999999999999,66.19999999999999,81.39999999999999,86.1,70.0,77.14999999999999,16.59676444793785,54.961659999999995,35.779212223968926,5.0,0.8095238095238095,7.0,0.7142857142857143,5.0,0.8181818181818182,7.0,0.7391304347826086
NI,NIC,2008,Nicaragua,Central America,0,0,0,0.7028,FSLN,Sandinista National Liberation Front,88.3,94.1,69.6,81.89999999999999,87.5,56.325,75.0,43.1632672,29.448601940000003,20.8,50.0,74.0,0.9769948186033872,26.0,0.0,20.20715168593543,29.889249921107023,55.137795844307895,42.73010432180498,13.488497409301694,26.482867313333333,20.503575842967713,25.80126122185193,83.99999999999999,77.94999999999999,69.6,81.89999999999999,87.5,75.0,79.325,18.133126386717535,55.74961,36.94136819335877,5.0,0.8095238095238095,9.0,0.6190476190476191,5.0,0.8181818181818182,9.0,0.6521739130434783
NI,NIC,2009,Nicaragua,Central America,0,0,0,0.6932,FSLN,Sandinista National Liberation Front,88.4,94.0,73.7,81.89999999999999,88.3,56.325,75.0,42.36506981,30.484159250000005,20.8,50.0,74.0,1.8201169325726028,26.0,0.0,19.919536813198206,32.63309956057526,54.93961917764122,43.31259618273882,13.910058466286301,26.828053083333334,20.359768406599102,26.10261903473939,85.36666666666667,77.94999999999999,73.7,81.89999999999999,88.3,75.0,80.36944444444444,18.094335514881347,55.71209888888889,36.90321720188512,6.0,0.75,10.0,0.55,5.0,0.8095238095238095,10.0,0.5909090909090909
NI,NIC,2010,Nicaragua,Central America,0,0,0,0.6836,FSLN,Sandinista National Liberation Front,88.8,94.0,73.7,83.8,88.6,59.2,75.0,44.3,35.900000000000006,17.200000000000003,50.0,75.0,1.5749318801090055,27.425,0.0,19.491527796108542,33.64893436726872,57.56862859722216,45.172520988163626,14.499965940054503,28.633333333333336,18.345763898054273,26.662896039901433,85.5,79.4,73.7,83.8,88.6,75.0,81.0,18.22675573287662,55.3716,36.79917786643831,6.0,0.75,11.0,0.5,5.0,0.8095238095238095,11.0,0.5454545454545454
NI,NIC,2011,Nicaragua,Central America,0,0,0,0.674,FSLN,Sandinista National Liberation Front,88.8,94.0,73.7,83.8,89.0,59.2,80.0,45.7,28.3,15.200000000000005,50.0,75.0,0.3678474114441314,27.425,0.0,20.15715578280192,38.04476427586647,56.77870547042298,46.84115658209648,13.896423705722066,26.099999999999998,17.678577891400963,26.129039544804876,85.5,79.4,73.7,83.8,89.0,80.0,81.9,17.610972653198488,55.20060000000001,36.40578632659925,6.0,0.7619047619047619,10.0,0.5714285714285714,5.0,0.8181818181818182,11.0,0.5652173913043478
NI,NIC,2012,Nicaragua,Central America,0,0,0,0.677,FSLN,Sandinista National Liberation Front,89.1,94.6,82.2,83.8,90.0,59.2,85.0,48.8,26.0,15.099999999999994,50.0,75.0,0.0009858210826223,27.425,0.0,20.029677782791453,36.76598931872361,58.680940218043006,48.082309845588874,13.712992910541312,25.333333333333332,17.564838891395723,26.17336874521481,88.63333333333333,79.4,82.2,83.8,90.0,85.0,84.83888888888889,17.719370640510427,57.435927777777785,37.577649209144106,6.0,0.7619047619047619,9.0,0.6190476190476191,5.0,0.8181818181818182,11.0,0.5652173913043478
NI,NIC,2013,Nicaragua,Central America,0,0,0,0.68,FSLN,Sandinista National Liberation Front,91.1,96.0,94.7,86.4,93.8,57.25,85.0,48.8,26.8,14.599999999999994,50.0,75.0,0.0,27.425,0.0,19.51754969828877,37.66656551617623,59.82498999955212,48.76385183857611,13.7125,25.599999999999998,17.058774849144385,26.28378167193012,93.93333333333334,80.7,94.7,86.4,93.8,85.0,89.08888888888889,17.872971536912484,60.580444444444446,39.22670799067846,6.0,0.7727272727272727,9.0,0.6363636363636364,3.0,0.9130434782608695,10.0,0.625
NI,NIC,2014,Nicaragua,Central America,0,0,0,0.6829999999999999,FSLN,Sandinista National Liberation Front,91.1,96.0,94.7,86.8,93.9,57.25,85.0,47.4,27.200000000000003,14.599999999999994,50.0,75.9,0.0,27.425,0.0,22.341344537721312,37.00373996325493,62.132530228370975,48.845423397208634,13.7125,25.733333333333334,18.470672268860653,26.690482249850653,93.93333333333334,81.35,94.7,86.8,93.9,85.0,89.28055555555557,18.229599376647993,60.97861944444445,39.60410941054622,6.0,0.7727272727272727,8.0,0.6818181818181818,3.0,0.9130434782608695,11.0,0.5833333333333334
NI,NIC,2015,Nicaragua,Central America,0,0,0,0.6859999999999999,FSLN,Sandinista National Liberation Front,91.1,96.0,94.8,86.8,94.0,57.25,90.0,42.0,32.2,14.599999999999994,50.0,72.0,0.0,34.925,0.0,19.72836919919618,37.56225490752732,62.021330178439854,47.19452836198906,17.4625,27.400000000000002,17.164184599598087,27.30530324039679,93.96666666666665,79.4,94.8,86.8,94.0,90.0,89.82777777777778,18.731438022912197,61.621855555555555,40.17664678923388,5.0,0.8181818181818182,8.0,0.6818181818181818,3.0,0.9130434782608695,11.0,0.5833333333333334
NI,NIC,2016,Nicaragua,Central America,0,0,0,0.689,FSLN,Sandinista National Liberation Front,90.9,96.1,95.9,86.8,94.3,57.25,90.0,38.8,31.0,13.799999999999995,50.0,72.0,0.0,34.925,0.0,19.86260105641385,41.04887795297345,59.4596106153151,46.43616285609619,17.4625,27.0,16.831300528206924,26.93249084607578,94.3,79.4,95.9,86.8,94.3,90.0,90.11666666666667,18.55648619294621,62.090383333333335,40.32343476313977,4.0,0.8571428571428571,6.0,0.7619047619047619,3.0,0.9090909090909091,9.0,0.6521739130434783
NI,NIC,2017,Nicaragua,Central America,0,0,0,0.689,FSLN,Sandinista National Liberation Front,92.4,97.2,95.9,86.8,95.0,64.30000000000001,68.9,41.0,28.8,19.0,50.0,72.6,0.0,39.900000000000006,0.0,19.74909654282345,41.6241343005925,61.87390208128732,48.16601212729327,19.950000000000003,26.266666666666666,19.374548271411726,28.439306766342916,95.16666666666667,79.69999999999999,95.9,86.8,95.0,68.9,86.91111111111111,19.594682362010268,59.88175555555555,39.73821895878291,4.0,0.8571428571428571,5.0,0.8095238095238095,2.0,0.9545454545454546,7.0,0.7391304347826086
NI,NIC,2018,Nicaragua,Central America,0,0,0,0.689,FSLN,Sandinista National Liberation Front,96.7,98.4,95.9,89.4,96.7,93.2,70.2,39.8,27.0,19.0,50.0,75.8,0.0,39.900000000000006,0.0,19.671318765045697,41.6241343005925,64.85541576948177,48.75985002335809,19.950000000000003,25.666666666666668,19.33565938252285,28.4280440181369,97.0,82.6,95.9,89.4,96.7,70.2,88.63333333333333,19.586922328496325,61.068366666666655,40.32764449758149,3.0,0.9,4.0,0.85,2.0,0.9523809523809523,6.0,0.7727272727272727
NI,NIC,2019,Nicaragua,Central America,0,0,0,0.689,FSLN,Sandinista National Liberation Front,97.1,99.0,95.9,89.4,97.3,92.425,66.6,44.0,27.3,24.0,50.0,79.7,0.0,39.900000000000006,0.0,19.676874320601243,41.6241343005925,64.85541576948177,50.15985002335808,19.950000000000003,25.766666666666666,21.83843716030062,29.428738462581343,97.33333333333333,84.55000000000001,95.9,89.4,97.3,66.6,88.51388888888887,20.276400800718545,60.986069444444425,40.63123512258149,3.0,0.8888888888888888,5.0,0.7777777777777778,2.0,0.9473684210526315,6.0,0.75
NI,NIC,2020,Nicaragua,Central America,0,0,0,,,,98.3,99.5,96.6,93.7,98.1,92.875,66.5,44.9,28.5,24.599999999999994,50.0,75.7,0.0,39.900000000000006,0.0,25.94344479039991,41.6241343005925,63.89916576948177,50.14110002335809,19.950000000000003,26.166666666666668,25.27172239519995,30.38237227130618,98.13333333333333,84.7,96.6,93.7,98.1,66.5,89.6222222222222,,,,,,,,,,,
PA,PAN,2000,Panama,Central America,0,0,0,0.3358,PPA,Panamenista Party / Authentic Panameñista Party,40.900000000000006,35.900000000000006,29.200000000000003,48.3,44.6,23.099999999999994,50.0,30.0,10.799999999999995,31.0,10.0,50.0,15.150386288384098,19.5,0.0,16.259173866863094,41.89465063164399,46.14492443072142,39.34652502078847,17.32519314419205,6.933333333333333,23.629586933431547,21.80865960793635,35.333333333333336,49.15,29.200000000000003,48.3,44.6,50.0,42.76388888888889,7.323347896345026,14.36011388888889,10.841730892616958,9.0,0.6,15.0,0.3,8.0,0.6666666666666666,9.0,0.6363636363636364
PA,PAN,2001,Panama,Central America,0,0,0,0.3526,PPA,Panamenista Party / Authentic Panameñista Party,40.900000000000006,35.900000000000006,29.200000000000003,48.3,44.6,23.099999999999994,50.0,30.0,11.700000000000005,39.0,10.0,50.0,14.441416893732963,19.5,0.0,14.015472935792133,41.66760657232655,52.04485568364602,41.23748741865752,16.97070844686648,7.233333333333334,26.507736467896066,22.98731641668835,35.333333333333336,49.15,29.200000000000003,48.3,44.6,50.0,42.76388888888889,8.105327768524313,15.078547222222225,11.59193749537327,9.0,0.6,12.0,0.45,8.0,0.6666666666666666,9.0,0.6363636363636364
PA,PAN,2002,Panama,Central America,0,0,0,0.3694,PPA,Panamenista Party / Authentic Panameñista Party,40.900000000000006,35.900000000000006,29.200000000000003,48.3,44.6,23.099999999999994,70.0,30.0,12.200000000000005,39.0,10.0,50.0,14.441416893732963,19.5,0.0,14.28596669944693,41.92013158402495,49.27339109738809,40.39784089380435,16.97070844686648,7.400000000000001,26.642983349723465,22.852883172598574,35.333333333333336,49.15,29.200000000000003,48.3,44.6,70.0,46.09722222222223,8.441855043957913,17.028313888888892,12.735084466423402,9.0,0.6190476190476191,13.0,0.42857142857142855,9.0,0.6363636363636364,9.0,0.6521739130434783
PA,PAN,2003,Panama,Central America,0,0,0,0.3862,PPA,Panamenista Party / Authentic Panameñista Party,40.900000000000006,35.900000000000006,29.200000000000003,48.3,44.6,23.099999999999994,70.0,30.0,10.099999999999994,30.599999999999994,10.0,63.0,14.441416893732963,19.5,0.0,13.874718717964058,40.49156015545351,51.98172443072142,40.82442819539165,16.97070844686648,6.699999999999998,22.237359358982026,21.683124000310038,35.333333333333336,55.65,29.200000000000003,48.3,44.6,70.0,47.180555555555564,8.374022488919737,18.221130555555558,13.297576522237648,11.0,0.5238095238095238,14.0,0.38095238095238093,11.0,0.5454545454545454,11.0,0.5652173913043478
PA,PAN,2004,Panama,Central America,0,0,0,0.403,PPA,Panamenista Party / Authentic Panameñista Party,39.7,35.900000000000006,29.200000000000003,48.3,44.6,23.099999999999994,70.0,30.0,10.900000000000006,29.200000000000003,30.0,70.0,14.441416893732963,21.266696680339336,0.0,12.332018760553382,43.18741269001573,52.317745936097765,41.83505287537116,17.85405678703615,13.633333333333335,20.766009380276692,23.522113094004332,34.93333333333334,59.15,29.200000000000003,48.3,44.6,70.0,47.69722222222222,9.479411576883747,19.221980555555557,14.350696066219651,10.0,0.55,11.0,0.5,10.0,0.5714285714285714,10.0,0.5909090909090909
PA,PAN,2005,Panama,Central America,0,0,0,0.4788,PRD,Democratic Revolutionary Party,39.7,39.8,29.200000000000003,48.3,46.2,23.099999999999994,70.0,30.0,10.200000000000005,26.40000000000001,30.0,66.0,14.441416893732963,19.5,0.0,18.552278544760625,35.08209712623119,53.84836537722347,39.643487501151554,16.97070844686648,13.4,22.476139272380316,23.122583805099588,36.233333333333334,57.15,29.200000000000003,48.3,46.2,70.0,47.84722222222222,11.071093125881683,22.90925,16.99017156294084,6.0,0.7222222222222222,9.0,0.5789473684210527,5.0,0.7894736842105263,11.0,0.5238095238095238
PA,PAN,2006,Panama,Central America,0,0,0,0.4946,PRD,Democratic Revolutionary Party,39.7,39.8,29.200000000000003,48.3,46.2,23.099999999999994,70.0,26.3,9.799999999999995,28.8,30.0,63.0,14.441416893732963,19.5,0.0,16.696694995434186,39.68749458455905,56.591403244738615,40.85963260976589,16.97070844686648,13.266666666666666,22.74834749771709,23.461338805254034,36.233333333333334,55.65,29.200000000000003,48.3,46.2,70.0,47.59722222222222,11.603978173078644,23.54158611111111,17.572782142094876,7.0,0.7,9.0,0.6,6.0,0.7619047619047619,9.0,0.6363636363636364
PA,PAN,2007,Panama,Central America,0,0,0,0.5104000000000001,PRD,Democratic Revolutionary Party,39.7,39.8,29.200000000000003,48.3,46.2,23.099999999999994,70.0,27.3,14.200000000000005,23.8,40.0,65.0,14.441416893732963,19.5,0.0,15.934454892216436,39.351808068022834,55.04154009451085,40.564449387511225,16.97070844686648,18.066666666666666,19.867227446108217,23.86726298678815,36.233333333333334,56.65,29.200000000000003,48.3,46.2,70.0,47.763888888888886,12.181851028456673,24.37868888888889,18.280269958672783,9.0,0.6190476190476191,9.0,0.6190476190476191,8.0,0.6818181818181818,10.0,0.6086956521739131
PA,PAN,2008,Panama,Central America,0,0,0,0.5262,PRD,Democratic Revolutionary Party,39.7,39.8,29.200000000000003,48.3,46.2,23.099999999999994,70.0,26.98712766,19.84275359,23.8,30.0,69.0,14.441416893732963,19.5,0.0,16.133609174135316,39.8375155838021,54.709718661630006,40.51145396847737,16.97070844686648,16.614251196666668,19.966804587067656,23.515804549769545,36.233333333333334,58.65,29.200000000000003,48.3,46.2,70.0,48.09722222222222,12.374016354088734,25.308758333333333,18.841387343711034,10.0,0.5714285714285714,11.0,0.5238095238095238,8.0,0.6818181818181818,11.0,0.5652173913043478
PA,PAN,2009,Panama,Central America,0,0,0,0.542,PRD,Democratic Revolutionary Party,39.7,39.8,29.200000000000003,48.3,46.1,32.175,70.0,25.50438661,22.05922651,23.8,30.0,68.0,14.441416893732963,19.5,0.0,14.902078118425962,41.68961585149541,55.0578236153337,40.75060869227637,16.97070844686648,17.353075503333333,19.35103905921298,23.60635792542229,36.233333333333334,58.15,29.200000000000003,48.3,46.1,70.0,47.99722222222223,12.794645995578882,26.01449444444445,19.404570220011664,11.0,0.5,12.0,0.45,9.0,0.6190476190476191,12.0,0.5
PA,PAN,2010,Panama,Central America,0,0,0,0.8026,CD,Democratic Change,39.7,39.8,29.200000000000003,48.3,47.1,32.175,60.0,24.099999999999994,26.8,24.200000000000003,30.0,66.0,14.441416893732963,19.5,0.0,14.79759027558545,44.89686295103317,45.73796972786464,38.24494422629927,16.97070844686648,18.933333333333334,19.498795137792726,23.411945286072953,36.233333333333334,57.15,29.200000000000003,48.3,47.1,60.0,46.330555555555556,18.790427286602153,37.18490388888889,27.98766558774552,9.0,0.6,8.0,0.65,9.0,0.6190476190476191,7.0,0.7272727272727273
PA,PAN,2011,Panama,Central America,0,0,0,0.7602,CD,Democratic Change,39.7,39.8,29.200000000000003,48.3,47.1,32.175,60.0,24.90000000000001,22.90000000000001,24.200000000000003,30.0,66.0,14.441416893732963,19.5,0.0,15.644673487600173,47.57523285478791,43.27908225709248,38.584771703960136,16.97070844686648,17.633333333333336,19.922336743800088,23.27778755699001,36.233333333333334,57.15,29.200000000000003,48.3,47.1,60.0,46.330555555555556,17.695774100823805,35.220488333333336,26.45813121707857,9.0,0.6190476190476191,9.0,0.6190476190476191,9.0,0.6363636363636364,8.0,0.6956521739130435
PA,PAN,2012,Panama,Central America,0,0,0,0.7178,CD,Democratic Change,39.7,39.8,29.200000000000003,48.3,47.1,32.175,60.0,25.599999999999994,22.200000000000003,25.200000000000003,30.0,64.0,14.441416893732963,19.5,0.0,15.44121319360542,48.34327056194886,42.04467882162771,38.66264979452552,16.97070844686648,17.400000000000002,20.320606596802712,23.33849120954868,36.233333333333334,56.15,29.200000000000003,48.3,47.1,60.0,46.16388888888889,16.75236899021404,33.13643944444445,24.944404217329243,8.0,0.6666666666666666,10.0,0.5714285714285714,8.0,0.6818181818181818,10.0,0.6086956521739131
PA,PAN,2013,Panama,Central America,0,0,0,0.6754,CD,Democratic Change,38.9,49.2,28.700000000000003,48.3,49.9,32.175,70.0,27.5,24.099999999999994,25.200000000000003,30.0,67.0,14.441416893732963,12.175000000000011,0.0,15.476383669567184,43.84270035376723,40.6081568416148,37.31695239846068,13.308208446866487,18.03333333333333,20.338191834783593,22.249171503361026,38.93333333333333,57.65,28.700000000000003,48.3,49.9,70.0,48.91388888888889,15.027090433370038,33.03644055555556,24.031765494462796,8.0,0.6818181818181818,11.0,0.5454545454545454,9.0,0.6521739130434783,12.0,0.5416666666666666
PA,PAN,2014,Panama,Central America,0,0,0,0.633,CD,Democratic Change,38.9,49.2,28.700000000000003,48.3,49.5,32.175,70.0,27.0,24.90000000000001,25.8,30.0,66.0,9.700272479564036,12.175000000000011,0.0,12.470663320254175,45.62500032919476,41.29615446579021,37.97371826499499,10.937636239782023,18.3,19.135331660127086,21.586671541226025,38.93333333333333,57.15,28.700000000000003,48.3,49.5,70.0,48.763888888888886,13.664363085596074,30.867541666666664,22.26595237613137,10.0,0.5909090909090909,14.0,0.4090909090909091,9.0,0.6521739130434783,12.0,0.5416666666666666
PA,PAN,2015,Panama,Central America,0,0,0,0.4878,PPA,Panamenista Party / Authentic Panameñista Party,38.9,49.2,28.700000000000003,48.3,49.0,23.200000000000003,70.0,28.5,23.599999999999994,21.599999999999994,30.0,65.0,12.86103542234332,12.175000000000011,0.0,11.050460919849598,46.7128828304029,41.563814100672126,38.92556564369167,12.518017711171666,17.866666666666664,16.325230459924796,21.408870120363698,38.93333333333333,56.65,28.700000000000003,48.3,49.0,70.0,48.59722222222222,10.443246844713412,23.705725,17.074485922356708,11.0,0.5454545454545454,16.0,0.3181818181818182,9.0,0.6521739130434783,15.0,0.4166666666666667
PA,PAN,2016,Panama,Central America,0,0,0,0.4336,PPA,Panamenista Party / Authentic Panameñista Party,38.9,49.2,28.700000000000003,48.3,49.0,23.200000000000003,70.0,25.599999999999994,21.40000000000001,22.200000000000003,30.0,63.0,12.26158038147139,12.175000000000011,0.0,11.11370249806572,46.66620532855725,43.09521470902207,38.45380667919311,12.2182901907357,17.133333333333336,16.65685124903286,21.11557036307375,38.93333333333333,55.65,28.700000000000003,48.3,49.0,70.0,48.43055555555555,9.155711309428778,20.999488888888887,15.077600099158833,9.0,0.6190476190476191,14.0,0.38095238095238093,8.0,0.6818181818181818,14.0,0.43478260869565216
PA,PAN,2017,Panama,Central America,0,0,0,0.3794,PPA,Panamenista Party / Authentic Panameñista Party,37.8,42.50000000000001,26.3,48.3,44.8,31.974999999999994,38.9,25.599999999999994,21.599999999999994,22.200000000000003,30.0,59.1,9.40054495912807,20.8,0.0,11.83967715158191,47.33241179252317,44.63684284441656,39.18975154564658,15.100272479564035,17.2,17.019838575790956,22.127465650250393,35.53333333333334,53.7,26.3,48.3,44.8,38.9,41.25555555555555,8.395160467704999,15.652357777777777,12.023759122741389,9.0,0.6190476190476191,12.0,0.47619047619047616,7.0,0.7272727272727273,13.0,0.4782608695652174
PA,PAN,2018,Panama,Central America,0,0,0,0.3252,PPA,Panamenista Party / Authentic Panameñista Party,37.5,42.50000000000001,26.3,48.3,43.4,31.974999999999994,39.1,25.599999999999994,20.5,22.200000000000003,30.0,61.2,8.63760217983652,25.849999999999994,0.0,11.215560252970803,47.27467589490411,46.934591740249886,39.93642254505133,17.243801089918257,16.833333333333332,16.707780126485403,22.68033427369708,35.43333333333333,54.75,26.3,48.3,43.4,39.1,41.21388888888889,7.37564470580629,13.402756666666667,10.389200686236478,10.0,0.55,13.0,0.4,7.0,0.7142857142857143,12.0,0.5
PA,PAN,2019,Panama,Central America,0,0,0,0.271,PPA,Panamenista Party / Authentic Panameñista Party,38.0,42.50000000000001,26.3,47.7,42.8,31.974999999999994,39.6,26.40000000000001,20.599999999999994,20.8,30.0,65.9,8.63760217983652,25.849999999999994,0.0,11.207063520944658,47.27467589490411,46.934591740249886,40.203089211718,17.243801089918257,16.866666666666664,16.003531760472328,22.57927218219381,35.6,56.800000000000004,26.3,47.7,42.8,39.6,41.46666666666666,6.118982761374523,11.237466666666666,8.678224714020594,11.0,0.4444444444444444,13.0,0.3333333333333333,6.0,0.7368421052631579,13.0,0.4
PA,PAN,2020,Panama,Central America,0,0,0,,,,37.4,36.9,27.10000000000001,50.2,42.5,31.974999999999994,41.2,29.200000000000003,20.599999999999994,20.8,30.0,62.8,8.63760217983652,25.849999999999994,0.0,17.579233067485717,47.27467589490411,48.045702851361,41.506792915421705,17.243801089918257,16.866666666666664,19.189616533742857,23.70171930143737,33.800000000000004,56.5,27.10000000000001,50.2,42.5,41.2,41.88333333333333,,,,,,,,,,,
PY,PRY,2000,Paraguay,South America,0,1,0,0.4498,ANR-PC,National Republican Association – Colorado Party,66.3,39.3,30.40000000000001,91.5,62.6,32.05,70.0,45.0,30.3,32.400000000000006,30.0,85.0,7.372535262373802,15.049999999999985,0.0,22.8987861371904,66.99800194510163,49.26263232005553,53.75354475505239,11.211267631186892,20.099999999999998,27.649393068595202,28.17855136370862,45.333333333333336,88.25,30.40000000000001,91.5,62.6,70.0,64.68055555555556,12.674712403396137,29.09331388888889,20.884013146142514,5.0,0.8,5.0,0.8,5.0,0.8095238095238095,8.0,0.6818181818181818
PY,PRY,2001,Paraguay,South America,0,1,0,0.4842,ANR-PC,National Republican Association – Colorado Party,66.3,39.3,30.40000000000001,91.5,62.6,32.05,70.0,45.0,27.90000000000001,34.2,50.0,80.0,7.836050150627926,15.049999999999985,0.0,20.31539333584027,63.26002220383257,51.5603552493107,53.27345915104775,11.443025075313955,25.96666666666667,27.257696667920136,29.485211890237125,45.333333333333336,85.75,30.40000000000001,91.5,62.6,70.0,64.2638888888889,14.276739597252817,31.116575000000008,22.696657298626413,4.0,0.85,4.0,0.85,4.0,0.8571428571428571,7.0,0.7272727272727273
PY,PRY,2002,Paraguay,South America,0,1,0,0.5186000000000001,ANR-PC,National Republican Association – Colorado Party,66.3,39.3,30.40000000000001,91.5,62.6,32.05,70.0,45.0,28.700000000000003,42.0,50.0,80.0,7.836050150627926,15.049999999999985,0.0,20.23032241103037,64.54674956414925,48.39006565338886,52.6456050725127,11.443025075313955,26.233333333333334,31.115161205515186,30.35928117166879,45.333333333333336,85.75,30.40000000000001,91.5,62.6,70.0,64.2638888888889,15.744323215627437,33.32725277777779,24.535787996702613,3.0,0.9047619047619048,4.0,0.8571428571428571,4.0,0.8636363636363636,7.0,0.7391304347826086
PY,PRY,2003,Paraguay,South America,0,1,0,0.553,ANR-PC,National Republican Association – Colorado Party,61.5,39.3,30.40000000000001,84.89999999999999,57.99999999999999,32.05,70.0,45.0,27.5,36.0,50.0,80.0,9.591280653950932,15.049999999999985,0.0,18.855913431695228,63.35627337367306,52.55673232005553,53.637668564576195,12.320640326975457,25.833333333333332,27.427956715847614,29.80489973518315,43.73333333333334,82.44999999999999,30.40000000000001,84.89999999999999,57.99999999999999,70.0,61.580555555555556,16.48210955355628,34.05404722222222,25.268078387889254,5.0,0.8095238095238095,6.0,0.7619047619047619,5.0,0.8181818181818182,9.0,0.6521739130434783
PY,PRY,2004,Paraguay,South America,0,1,0,0.5238,ANR-PC,National Republican Association – Colorado Party,59.2,39.3,30.40000000000001,79.10000000000001,56.89999999999999,23.75,70.0,45.0,29.599999999999994,40.2,50.0,83.0,9.591280653950932,5.4333799376185965,0.0,21.08815126309256,64.59053719414379,48.99273428031571,52.8610904914865,7.512330295784764,26.53333333333333,30.64407563154628,29.387707438037722,42.96666666666667,81.05000000000001,30.40000000000001,79.10000000000001,56.89999999999999,70.0,60.06944444444445,15.39328115604416,31.464375000000004,23.428828078022082,6.0,0.75,6.0,0.75,5.0,0.8095238095238095,9.0,0.6363636363636364
PY,PRY,2005,Paraguay,South America,0,1,0,0.4946,ANR-PC,National Republican Association – Colorado Party,59.2,39.3,31.200000000000003,79.10000000000001,56.89999999999999,23.75,70.0,45.0,32.5,40.0,50.0,84.0,7.856132220774413,15.049999999999985,0.0,24.889885938835505,60.36499030856717,53.638665093164775,53.00121846724398,11.453066110387198,27.5,32.44494296941775,31.09980688676223,43.23333333333333,81.55000000000001,31.200000000000003,79.10000000000001,56.89999999999999,70.0,60.330555555555556,15.381964486192599,29.839492777777778,22.61072863198519,4.0,0.8333333333333334,7.0,0.6842105263157895,3.0,0.8947368421052632,9.0,0.6190476190476191
PY,PRY,2006,Paraguay,South America,0,1,0,0.4654,ANR-PC,National Republican Association – Colorado Party,58.7,36.1,31.200000000000003,79.10000000000001,56.00000000000001,23.75,70.0,50.0,27.099999999999994,25.40000000000001,50.0,81.0,7.4386920980926305,15.049999999999985,0.0,24.408867780818383,62.8258919291254,57.38777057263306,56.73788750058615,11.244346049046307,25.7,24.904433890409194,29.646666860010413,42.00000000000001,80.05000000000001,31.200000000000003,79.10000000000001,56.00000000000001,70.0,59.725,13.797558756648845,27.796015,20.796786878324422,6.0,0.75,7.0,0.7,5.0,0.8095238095238095,11.0,0.5454545454545454
PY,PRY,2007,Paraguay,South America,0,1,0,0.4362,ANR-PC,National Republican Association – Colorado Party,56.6,30.700000000000003,27.200000000000003,79.10000000000001,51.8,23.75,70.0,50.7,21.599999999999994,22.599999999999994,40.0,79.0,7.68392370572208,15.049999999999985,0.0,24.737579939126817,61.58420342756033,55.92609871838377,56.0701007153147,11.366961852861031,20.53333333333333,23.668789969563406,27.909796467768118,38.16666666666667,79.05000000000001,27.200000000000003,79.10000000000001,51.8,70.0,57.552777777777784,12.174253219240452,25.104521666666667,18.63938744295356,8.0,0.6666666666666666,10.0,0.5714285714285714,7.0,0.7272727272727273,12.0,0.5217391304347826
PY,PRY,2008,Paraguay,South America,0,1,0,0.407,ANR-PC,National Republican Association – Colorado Party,48.7,21.700000000000003,19.5,70.39999999999999,44.1,18.125,65.0,41.46763413,23.38709548,21.599999999999994,40.0,74.0,6.259302050967492,15.049999999999985,0.0,24.96021141004037,61.89723269309205,54.30452773064289,52.55646485124498,10.654651025483739,21.129031826666665,23.280105705020183,26.905063352103895,29.96666666666667,72.19999999999999,19.5,70.39999999999999,44.1,65.0,50.194444444444436,10.950360784306284,20.429138888888883,15.689749836597583,11.0,0.5238095238095238,12.0,0.47619047619047616,10.0,0.5909090909090909,14.0,0.43478260869565216
PY,PRY,2009,Paraguay,South America,0,1,0,,,,48.7,21.700000000000003,19.5,70.39999999999999,43.6,13.775000000000006,70.0,38.27673787,23.290019130000005,16.400000000000006,40.0,76.0,7.478724217611472,15.049999999999985,0.0,26.35492995013101,57.63894871402671,54.48811443694291,50.1346003403232,11.264362108805727,21.096673043333336,21.377464975065507,25.968275116881944,29.96666666666667,73.19999999999999,19.5,70.39999999999999,43.6,70.0,51.11111111111111,,,,,,,,,,,
PY,PRY,2010,Paraguay,South America,0,1,0,,,,48.7,21.700000000000003,19.5,70.39999999999999,43.6,13.775000000000006,70.0,39.1,24.599999999999994,16.5,40.0,76.0,7.35422343324251,15.049999999999985,0.0,26.777431839858,54.811555359148414,48.24112148603035,47.38422561505959,11.202111716621246,21.53333333333333,21.638715919929,25.439596646235792,29.96666666666667,73.19999999999999,19.5,70.39999999999999,43.6,70.0,51.11111111111111,,,,,,,,,,,
PY,PRY,2011,Paraguay,South America,0,1,0,,,,48.7,21.700000000000003,19.5,70.39999999999999,43.8,13.775000000000006,70.0,38.3,19.099999999999994,17.0,40.0,79.0,7.792915531335154,15.049999999999985,0.0,27.123824606984755,48.92586801882256,48.39629136436608,45.207386461062875,11.421457765667569,19.7,22.061912303492377,24.597689132555704,29.96666666666667,74.69999999999999,19.5,70.39999999999999,43.8,70.0,51.394444444444446,,,,,,,,,,,
PY,PRY,2012,Paraguay,South America,0,1,0,,,,52.2,21.700000000000003,22.39999999999999,78.5,46.7,17.900000000000006,70.0,40.2,18.599999999999994,17.299999999999997,40.0,78.0,7.7303105048112,15.049999999999985,0.0,28.776653858172292,48.37334027675905,50.84957245888993,46.47430424521633,11.390155252405592,19.53333333333333,23.038326929086146,25.109029940010352,32.1,78.25,22.39999999999999,78.5,46.7,70.0,54.65833333333333,,,,,,,,,,,
PY,PRY,2013,Paraguay,South America,0,1,0,0.538,PLRA,Authentic Radical Liberal Party,60.1,39.0,41.5,79.5,59.5,20.5,70.0,40.9,20.200000000000003,17.299999999999997,40.0,78.0,9.151016261023727,23.15000000000001,0.0,26.84477187211212,50.54730785842583,51.454887524540126,47.63406512765531,16.150508130511867,20.066666666666666,22.072385936056058,26.480906465222475,46.86666666666667,78.75,41.5,79.5,59.5,70.0,62.68611111111111,14.246727678289693,33.72512777777778,23.985927728033737,9.0,0.6363636363636364,13.0,0.45454545454545453,8.0,0.6956521739130435,13.0,0.5
PY,PRY,2014,Paraguay,South America,0,1,0,0.5462,PLRA,Authentic Radical Liberal Party,58.4,39.0,41.5,78.7,60.2,20.5,70.0,42.0,19.099999999999994,18.90000000000001,40.0,79.5,8.904180043504823,23.15000000000001,0.0,29.210145110831945,52.41853261400599,50.815908452191046,48.411480355399014,16.027090021752414,19.7,24.055072555415975,27.04841073314185,46.300000000000004,79.1,41.5,78.7,60.2,70.0,62.63333333333333,14.773841942442079,34.21032666666667,24.492084304554375,9.0,0.6363636363636364,12.0,0.5,7.0,0.7391304347826086,14.0,0.4583333333333333
PY,PRY,2015,Paraguay,South America,0,1,0,0.1862,ANR-PC,National Republican Association – Colorado Party,60.5,39.2,39.3,83.8,60.6,20.5,70.0,41.6,21.700000000000003,18.599999999999994,40.0,76.0,11.497598364051925,15.25,0.0,26.56672225893793,51.17374446277228,52.1769013607837,48.31688194118533,13.373799182025962,20.566666666666666,22.583361129468962,26.21017722983673,46.333333333333336,79.9,39.3,83.8,60.6,70.0,63.32222222222223,4.8803350001956,11.79059777777778,8.33546638898669,17.0,0.2727272727272727,19.0,0.18181818181818182,14.0,0.43478260869565216,21.0,0.16666666666666666
PY,PRY,2016,Paraguay,South America,0,1,0,0.1728,ANR-PC,National Republican Association – Colorado Party,61.3,41.0,35.7,83.8,61.4,20.5,70.0,37.4,23.200000000000003,23.8,40.0,76.0,13.079019073569484,15.25,0.0,26.74371286310553,48.89979046932213,52.676268197707,46.32535288900971,14.164509536784742,21.066666666666666,25.271856431552763,26.70709638100347,46.0,79.9,35.7,83.8,61.4,70.0,62.800000000000004,4.6149862546374,10.851840000000001,7.7334131273187,14.0,0.38095238095238093,17.0,0.23809523809523808,12.0,0.5,19.0,0.21739130434782608
PY,PRY,2017,Paraguay,South America,0,1,0,0.1594,ANR-PC,National Republican Association – Colorado Party,62.1,39.8,34.3,81.5,60.0,20.5,61.8,37.6,21.700000000000003,23.40000000000001,40.0,67.4,11.66212534059946,15.25,0.0,26.254133106608265,49.26579325656182,51.18273551854034,46.01617625836739,13.45606267029973,20.566666666666666,24.827066553304135,26.21649303715948,45.4,74.45,34.3,81.5,60.0,61.8,59.574999999999996,4.178908990123221,9.496254999999998,6.837581995061609,15.0,0.3333333333333333,17.0,0.23809523809523808,10.0,0.5909090909090909,18.0,0.2608695652173913
PY,PRY,2018,Paraguay,South America,0,1,0,0.146,ANR-PC,National Republican Association – Colorado Party,57.2,38.9,37.0,75.7,56.39999999999999,20.5,61.7,37.8,27.599999999999994,23.90000000000001,40.0,71.7,9.237057220708436,15.25,0.0,26.020705792392302,48.24276674465706,51.706205585207,45.91632410995468,12.243528610354218,22.53333333333333,24.960352896196156,26.413384737459594,44.36666666666667,73.7,37.0,75.7,56.39999999999999,61.7,58.14444444444444,3.8563541716691008,8.489088888888887,6.172721530278993,16.0,0.25,17.0,0.2,15.0,0.3333333333333333,19.0,0.18181818181818182
PY,PRY,2019,Paraguay,South America,0,1,0,0.146,ANR-PC,National Republican Association – Colorado Party,56.3,38.7,35.0,73.9,57.49999999999999,20.5,60.5,38.5,27.200000000000003,23.40000000000001,40.0,74.5,10.0,15.25,0.0,26.37263793774831,48.24276674465706,52.26176114076256,46.33484262847321,12.625,22.400000000000002,24.886318968874157,26.56154039933684,43.333333333333336,74.2,35.0,73.9,57.49999999999999,60.5,57.40555555555556,3.8779848983031786,8.381211111111112,6.129598004707145,16.0,0.16666666666666666,15.0,0.2222222222222222,14.0,0.3157894736842105,18.0,0.15
PY,PRY,2020,Paraguay,South America,0,1,0,,,,55.9,36.7,28.40000000000001,74.0,54.7,20.5,55.3,39.1,27.5,24.599999999999994,40.0,70.4,14.059945504087196,15.25,0.0,30.33565661443413,48.24276674465706,52.26176114076256,46.53484262847321,14.654972752043598,22.5,27.46782830721706,27.789410921933467,40.333333333333336,72.2,28.40000000000001,74.0,54.7,55.3,54.15555555555556,,,,,,,,,,,
PE,PER,2000,Peru,South America,0,0,0,0.5345,NM,Change 90,81.3,90.1,48.6,70.7,78.5,15.5,50.0,30.0,22.8,32.2,30.0,55.0,9.586041043923132,11.274999999999991,0.0,12.360613563298813,30.65012551161148,46.56708916772445,35.739071559778644,10.430520521961562,17.599999999999998,22.280306781649408,21.512474715847404,73.33333333333333,62.85,48.6,70.7,78.5,50.0,63.99722222222223,11.498417735620437,34.206515277777775,22.852466506699106,4.0,0.85,7.0,0.7,3.0,0.9047619047619048,6.0,0.7727272727272727
PE,PER,2001,Peru,South America,0,0,0,,AP,Popular Action,29.80000000000001,23.200000000000003,26.3,15.0,26.8,6.274999999999992,50.0,30.0,19.0,33.400000000000006,30.0,54.0,8.479713777708355,11.274999999999991,0.0,13.363041450584149,30.97869924796578,55.41090163561742,38.796533627861066,9.877356888854173,16.333333333333332,23.381520725292077,22.097186143835163,26.433333333333337,34.5,26.3,15.0,26.8,50.0,29.83888888888889,,,,,,,,,,,
PE,PER,2002,Peru,South America,0,0,0,0.578,PP,Peru Posible,32.19999999999999,17.30000000000001,13.700000000000005,35.2,27.200000000000003,6.274999999999992,70.0,45.0,17.700000000000003,39.6,30.0,56.0,11.716621253406004,11.274999999999991,0.0,12.864020424093,28.382392178278156,54.212130834391125,42.53150767088976,11.495810626702998,15.9,26.2320102120465,24.039832127409817,21.066666666666666,45.6,13.700000000000005,35.2,27.200000000000003,70.0,35.461111111111116,13.895022969642874,20.49652222222222,17.195772595932546,7.0,0.7142857142857143,6.0,0.7619047619047619,7.0,0.7272727272727273,6.0,0.782608695652174
PE,PER,2003,Peru,South America,0,0,0,0.578,PP,Peru Posible,32.19999999999999,17.30000000000001,11.400000000000006,35.2,26.700000000000003,6.274999999999992,70.0,45.0,15.200000000000005,40.2,30.0,59.0,10.899182561307896,11.274999999999991,0.0,12.963545546813693,28.858582654468638,55.25379750105779,43.03746005184214,11.087091280653944,15.066666666666668,26.581772773406847,23.943247693142396,20.3,47.1,11.400000000000006,35.2,26.700000000000003,70.0,35.11666666666667,13.839197166636303,20.29743333333333,17.068315249984817,9.0,0.6190476190476191,8.0,0.6666666666666666,10.0,0.5909090909090909,8.0,0.6956521739130435
PE,PER,2004,Peru,South America,0,0,0,0.578,PP,Peru Posible,32.19999999999999,17.30000000000001,11.400000000000006,35.2,26.700000000000003,6.274999999999992,70.0,45.0,11.200000000000005,40.2,30.0,60.0,10.081743869209816,9.346577707477977,0.0,17.33450617055783,29.153686611544416,55.32801732983437,43.1605679804596,9.714160788343897,13.733333333333334,28.767253085278917,23.843828796853934,20.3,47.6,11.400000000000006,35.2,26.700000000000003,70.0,35.2,13.781733044581573,20.3456,17.063666522290788,8.0,0.65,8.0,0.65,9.0,0.6190476190476191,7.0,0.7272727272727273
PE,PER,2005,Peru,South America,0,0,0,0.578,PP,Peru Posible,31.10000000000001,15.400000000000006,11.400000000000006,35.2,25.9,6.274999999999992,70.0,45.0,13.400000000000006,40.2,30.0,63.0,10.081743869209816,11.274999999999991,0.0,17.53969472408791,26.90349569938168,58.96360765618044,43.62236778518737,10.678371934604904,14.466666666666669,28.869847362043956,24.409313437125725,19.300000000000008,49.1,11.400000000000006,35.2,25.9,70.0,35.15,14.108583166658669,20.316699999999997,17.212641583329333,5.0,0.7777777777777778,8.0,0.631578947368421,7.0,0.6842105263157895,7.0,0.7142857142857143
PE,PER,2006,Peru,South America,0,0,0,0.578,PP,Peru Posible,32.39999999999999,16.700000000000003,13.299999999999995,39.2,27.700000000000003,10.450000000000005,70.0,34.400000000000006,16.0,32.8,30.0,65.0,8.991825613079016,11.274999999999991,0.0,15.06973412412357,28.386846993912958,60.47578641190539,41.08754446860612,10.133412806539503,15.333333333333334,23.934867062061784,22.622289417635184,20.799999999999997,52.1,13.299999999999995,39.2,27.700000000000003,70.0,37.18333333333334,13.075683283393134,21.491966666666666,17.2838249750299,8.0,0.65,8.0,0.65,9.0,0.6190476190476191,7.0,0.7272727272727273
PE,PER,2007,Peru,South America,0,0,0,0.342,APRA/PAP,American Popular Revolutionary Alliance / Peruvian Aprista Party,33.7,18.200000000000003,19.3,39.2,29.6,10.450000000000005,60.0,34.8,14.299999999999995,27.40000000000001,40.0,65.0,7.9019073569482146,11.274999999999991,0.0,12.889988337576284,28.26534027240119,60.040227224575005,41.03518916565873,9.588453678474103,18.099999999999998,20.144994168788145,22.217159253230243,23.733333333333334,52.1,19.3,39.2,29.6,60.0,37.32222222222222,7.598268464604743,12.7642,10.181234232302373,12.0,0.47619047619047616,15.0,0.3333333333333333,11.0,0.5454545454545454,13.0,0.4782608695652174
PE,PER,2008,Peru,South America,0,0,0,0.342,APRA/PAP,American Popular Revolutionary Alliance / Peruvian Aprista Party,33.7,18.200000000000003,19.3,39.2,29.6,10.450000000000005,60.0,34.26651758,14.074581199999995,26.599999999999994,40.0,67.0,6.920980926430516,11.274999999999991,0.0,11.405982840407177,19.16310363478604,59.35708617785466,37.59556913088023,9.097990463215254,18.024860399999998,19.002991420203585,20.930352853574767,23.733333333333334,53.1,19.3,39.2,29.6,60.0,37.48888888888889,7.158180675922571,12.821200000000001,9.989690337961285,14.0,0.38095238095238093,16.0,0.2857142857142857,12.0,0.5,15.0,0.391304347826087
PE,PER,2009,Peru,South America,0,0,0,0.342,APRA/PAP,American Popular Revolutionary Alliance / Peruvian Aprista Party,33.7,18.200000000000003,19.3,39.2,29.6,10.450000000000005,60.0,34.90992889,13.542802570000006,20.599999999999994,40.0,65.0,7.084468664850135,11.274999999999991,0.0,9.691923581388965,25.47045629348618,58.80237255048059,39.72758591132226,9.179734332425063,17.84760085666667,15.145961790694479,20.475220722777117,23.733333333333334,52.1,19.3,39.2,29.6,60.0,37.32222222222222,7.002525487189774,12.7642,9.883362743594887,14.0,0.35,16.0,0.25,12.0,0.47619047619047616,15.0,0.36363636363636365
PE,PER,2010,Peru,South America,0,0,0,0.342,APRA/PAP,American Popular Revolutionary Alliance / Peruvian Aprista Party,33.5,18.200000000000003,16.900000000000006,40.3,29.2,6.125,60.0,34.2,18.40000000000001,15.0,40.0,64.0,6.318801089918253,13.299999999999995,0.0,9.2161861866893,21.020414427537915,46.38683709963027,33.869083842389394,9.809400544959125,19.46666666666667,12.10809309334465,18.81331103683996,22.86666666666667,52.15,16.900000000000006,40.3,29.2,60.0,36.90277777777778,6.434152374599266,12.620750000000001,9.527451187299633,14.0,0.35,15.0,0.3,13.0,0.42857142857142855,15.0,0.36363636363636365
PE,PER,2011,Peru,South America,0,0,0,0.342,APRA/PAP,American Popular Revolutionary Alliance / Peruvian Aprista Party,29.10000000000001,17.900000000000006,14.900000000000006,26.1,26.700000000000003,6.125,60.0,28.099999999999994,16.900000000000006,14.0,40.0,63.0,4.408719346049054,13.299999999999995,0.0,10.094797759916432,26.57081021222372,44.5403036583728,33.070371290198835,8.854359673024526,18.96666666666667,12.047398879958216,18.23469912746206,20.63333333333334,44.55,14.900000000000006,26.1,26.700000000000003,60.0,32.14722222222222,6.236267101592025,10.994349999999999,8.615308550796012,15.0,0.3333333333333333,16.0,0.2857142857142857,14.0,0.4090909090909091,16.0,0.34782608695652173
PE,PER,2012,Peru,South America,0,0,0,0.804,PNP,Peruvian Nationalist Party,28.10000000000001,16.200000000000003,12.099999999999994,24.0,24.1,6.125,60.0,28.0,14.5,15.0,40.0,65.0,3.605487377393288,14.399999999999991,0.0,11.236965441391916,26.612023531388918,42.81674326996557,32.476255600451495,9.00274368869664,18.166666666666668,13.118482720695958,18.19103716912769,18.8,44.5,12.099999999999994,24.0,24.1,60.0,30.583333333333332,14.625593883978663,24.589000000000002,19.607296941989333,11.0,0.5238095238095238,12.0,0.47619047619047616,9.0,0.6363636363636364,6.0,0.782608695652174
PE,PER,2013,Peru,South America,0,0,0,0.804,PNP,Peruvian Nationalist Party,32.39999999999999,16.799999999999997,13.700000000000005,29.9,26.6,9.325000000000005,60.0,27.700000000000003,15.700000000000005,15.0,40.0,66.0,3.8788585037958967,13.975000000000009,0.0,10.952109211711104,26.810537734588703,45.33998939134396,33.28350904197756,8.926929251897953,18.566666666666666,12.976054605855552,18.43828989159943,20.966666666666665,47.95,13.700000000000005,29.9,26.6,60.0,33.18611111111111,14.824385072845944,26.681633333333334,20.75300920308964,12.0,0.5,12.0,0.5,10.0,0.6086956521739131,6.0,0.7916666666666666
PE,PER,2014,Peru,South America,0,0,0,0.804,PNP,Peruvian Nationalist Party,32.39999999999999,16.799999999999997,13.700000000000005,29.9,26.6,9.325000000000005,60.0,29.40000000000001,16.700000000000003,13.0,40.0,66.0,4.474063075214332,9.599999999999994,0.0,12.584173297101673,26.67558819728923,46.10569652298207,34.06042824009044,7.037031537607163,18.900000000000002,12.792086648550836,18.19738660656211,20.966666666666665,47.95,13.700000000000005,29.9,26.6,60.0,33.18611111111111,14.630698831675936,26.681633333333334,20.656166082504633,12.0,0.5,13.0,0.45454545454545453,10.0,0.6086956521739131,6.0,0.7916666666666666
PE,PER,2015,Peru,South America,0,0,0,0.804,PNP,Peruvian Nationalist Party,30.0,16.799999999999997,12.400000000000006,30.6,26.8,9.325000000000005,60.0,32.3,16.099999999999994,13.0,40.0,62.0,3.402809694879153,9.599999999999994,0.0,13.770491215748264,25.8964742819756,46.39592620943933,34.86413349713831,6.501404847439574,18.7,13.385245607874133,18.362695988113003,19.733333333333334,46.3,12.400000000000006,30.6,26.8,60.0,32.63888888888889,14.763607574442856,26.24166666666667,20.502637120554763,10.0,0.5909090909090909,12.0,0.5,8.0,0.6956521739130435,6.0,0.7916666666666666
PE,PER,2016,Peru,South America,0,0,0,0.804,PNP,Peruvian Nationalist Party,30.0,16.799999999999997,8.700000000000003,30.6,27.1,9.325000000000005,60.0,32.2,16.299999999999997,13.0,40.0,62.0,4.087193460490468,9.599999999999994,0.0,13.590189042957803,26.112502491933625,46.173441583982765,34.82864802530546,6.843596730245231,18.766666666666666,13.295094521478902,18.433501485924065,18.5,46.3,8.700000000000003,30.6,27.1,60.0,31.866666666666664,14.820535194682948,25.6208,20.220667597341475,8.0,0.6666666666666666,9.0,0.6190476190476191,7.0,0.7272727272727273,4.0,0.8695652173913043
PE,PER,2017,Peru,South America,0,0,0,0.075,PPK,Peruvians for Change,30.200000000000003,17.400000000000006,5.400000000000006,26.6,24.9,9.325000000000005,41.7,30.599999999999994,16.700000000000003,12.900000000000006,40.0,61.2,3.8147138964577607,9.599999999999994,0.0,12.674479624847637,26.43235728500565,45.99781051176056,34.34338926558873,6.7073569482288775,18.900000000000002,12.78723981242382,18.184496506560357,17.66666666666667,43.900000000000006,5.400000000000006,26.6,24.9,41.7,26.694444444444446,1.3638372379920267,2.002083333333333,1.68296028566268,21.0,0.047619047619047616,21.0,0.047619047619047616,22.0,0.045454545454545456,22.0,0.08695652173913043
PE,PER,2018,Peru,South America,0,0,0,,,,28.0,17.30000000000001,3.799999999999997,22.6,23.5,9.325000000000005,43.1,30.8,16.900000000000006,12.900000000000006,40.0,63.4,4.441416893732978,9.599999999999994,0.0,11.751341936776528,26.60022213024375,47.29096821037167,34.897063446871805,7.020708446866486,18.96666666666667,12.325670968388266,18.302527382198306,16.36666666666667,43.0,3.799999999999997,22.6,23.5,43.1,25.394444444444446,,,,,,,,,,,
PE,PER,2019,Peru,South America,0,0,0,,,,27.8,15.900000000000006,4.5,24.5,25.0,9.325000000000005,43.9,32.2,16.099999999999994,13.599999999999994,40.0,68.2,4.4959128065394935,9.599999999999994,0.0,11.74578638122098,26.60022213024375,49.51319043259389,36.104470854279214,7.047956403269744,18.7,12.672893190610488,18.631330112039862,16.066666666666666,46.35,4.5,24.5,25.0,43.9,26.719444444444445,,,,,,,,,,,
PE,PER,2020,Peru,South America,0,0,0,,,,26.8,15.200000000000005,3.299999999999997,23.200000000000003,21.2,9.325000000000005,45.1,32.900000000000006,13.700000000000005,11.599999999999994,40.0,66.5,5.231607629427799,9.599999999999994,0.0,17.977906432306554,26.60022213024375,49.51319043259389,36.33780418761255,7.415803814713897,17.900000000000002,14.788953216153274,19.11064030461993,15.100000000000001,44.85,3.299999999999997,23.200000000000003,21.2,45.1,25.458333333333332,,,,,,,,,,,
NA,PRI,2000,Puerto Rico,Caribbean,0,0,1,,,,,,,,,,,,,,,,,,,,,,,,,,,,,,,,,,,,,,,,,,,,
NA,PRI,2001,Puerto Rico,Caribbean,0,0,1,,,,,,,,,,,,,,,,,,,,,,,,,,,,,,,,,,,,,,,,,,,,
NA,PRI,2002,Puerto Rico,Caribbean,0,0,1,,,,,,,,,,,,,,,,,,,,,,,,,,,,,,,,,,,,,,,,,,,,
NA,PRI,2003,Puerto Rico,Caribbean,0,0,1,,,,,,,,,,,,,,,,,,,,,,,,,,,,,,,,,,,,,,,,,,,,
NA,PRI,2004,Puerto Rico,Caribbean,0,0,1,,,,,,,,,,,,,,,,,,,,,,,,,,,,,,,,,,,,,,,,,,,,
NA,PRI,2005,Puerto Rico,Caribbean,0,0,1,,,,,,,,,,,,,,,,,,,,,,,,,,,,,,,,,,,,,,,,,,,,
NA,PRI,2006,Puerto Rico,Caribbean,0,0,1,,,,,,,,,,,,,,,,,,,,,,,,,,,,,,,,,,,,,,,,,,,,
NA,PRI,2007,Puerto Rico,Caribbean,0,0,1,,,,,,,,,,,,,,,,,,,,,,,,,,,,,,,,,,,,,,,,,,,,
NA,PRI,2008,Puerto Rico,Caribbean,0,0,1,,,,,,,,,,,,,,,,,,,,,,,,,,,,,,,,,,,,,,,,,,,,
NA,PRI,2009,Puerto Rico,Caribbean,0,0,1,,,,,,,,,,,,,,,,,,,,,,,,,,,,,,,,,,,,,,,,,,,,
NA,PRI,2010,Puerto Rico,Caribbean,0,0,1,,,,,,,,,,,,,,,,,,,,,,,,,,,,,,,,,,,,,,,,,,,,
NA,PRI,2011,Puerto Rico,Caribbean,0,0,1,,,,,,,,,,,,,,,,,,,,,,,,,,,,,,,,,,,,,,,,,,,,
NA,PRI,2012,Puerto Rico,Caribbean,0,0,1,,,,,,,,,,,,,,,,,,,,,,,,,,,,,,,,,,,,,,,,,,,,
NA,PRI,2013,Puerto Rico,Caribbean,0,0,1,,,,,,,,,,,,,,,,,,,,,,,,,,,,,,,,,,,,,,,,,,,,
NA,PRI,2014,Puerto Rico,Caribbean,0,0,1,,,,,,,,,,,,,,,,,,,,,,,,,,,,,,,,,,,,,,,,,,,,
NA,PRI,2015,Puerto Rico,Caribbean,0,0,1,,,,,,,,,,,,,,,,,,,,,,,,,,,,,,,,,,,,,,,,,,,,
NA,PRI,2016,Puerto Rico,Caribbean,0,0,1,,,,,,,,,,,,,,,,,,,,,,,,,,,,,,,,,,,,,,,,,,,,
NA,PRI,2017,Puerto Rico,Caribbean,0,0,1,,,,,,,,,,,,,,,,,,,,,,,,,,,,,,,,,,,,,,,,,,,,
NA,PRI,2018,Puerto Rico,Caribbean,0,0,1,,,,,,,,,,,,,,,,,,,,,,,,,,,,,,,,,,,,,,,,,,,,
NA,PRI,2019,Puerto Rico,Caribbean,0,0,1,,,,,,,,,,,,,,,,,,,,,,,,,,,,,,,,,,,,,,,,,,,,
NA,PRI,2020,Puerto Rico,Caribbean,0,0,1,,,,,,,,,,,,,,,,,,,,,,,,,,,,,,,,,,,,,,,,,,,,
NA,BLM,2000,Saint Barthélemy,Caribbean,0,0,0,,,,,,,,,,,,,,,,,,,,,,,,,,,,,,,,,,,,,,,,,,,,
NA,BLM,2001,Saint Barthélemy,Caribbean,0,0,0,,,,,,,,,,,,,,,,,,,,,,,,,,,,,,,,,,,,,,,,,,,,
NA,BLM,2002,Saint Barthélemy,Caribbean,0,0,0,,,,,,,,,,,,,,,,,,,,,,,,,,,,,,,,,,,,,,,,,,,,
NA,BLM,2003,Saint Barthélemy,Caribbean,0,0,0,,,,,,,,,,,,,,,,,,,,,,,,,,,,,,,,,,,,,,,,,,,,
NA,BLM,2004,Saint Barthélemy,Caribbean,0,0,0,,,,,,,,,,,,,,,,,,,,,,,,,,,,,,,,,,,,,,,,,,,,
NA,BLM,2005,Saint Barthélemy,Caribbean,0,0,0,,,,,,,,,,,,,,,,,,,,,,,,,,,,,,,,,,,,,,,,,,,,
NA,BLM,2006,Saint Barthélemy,Caribbean,0,0,0,,,,,,,,,,,,,,,,,,,,,,,,,,,,,,,,,,,,,,,,,,,,
NA,BLM,2007,Saint Barthélemy,Caribbean,0,0,0,,,,,,,,,,,,,,,,,,,,,,,,,,,,,,,,,,,,,,,,,,,,
NA,BLM,2008,Saint Barthélemy,Caribbean,0,0,0,,,,,,,,,,,,,,,,,,,,,,,,,,,,,,,,,,,,,,,,,,,,
NA,BLM,2009,Saint Barthélemy,Caribbean,0,0,0,,,,,,,,,,,,,,,,,,,,,,,,,,,,,,,,,,,,,,,,,,,,
NA,BLM,2010,Saint Barthélemy,Caribbean,0,0,0,,,,,,,,,,,,,,,,,,,,,,,,,,,,,,,,,,,,,,,,,,,,
NA,BLM,2011,Saint Barthélemy,Caribbean,0,0,0,,,,,,,,,,,,,,,,,,,,,,,,,,,,,,,,,,,,,,,,,,,,
NA,BLM,2012,Saint Barthélemy,Caribbean,0,0,0,,,,,,,,,,,,,,,,,,,,,,,,,,,,,,,,,,,,,,,,,,,,
NA,BLM,2013,Saint Barthélemy,Caribbean,0,0,0,,,,,,,,,,,,,,,,,,,,,,,,,,,,,,,,,,,,,,,,,,,,
NA,BLM,2014,Saint Barthélemy,Caribbean,0,0,0,,,,,,,,,,,,,,,,,,,,,,,,,,,,,,,,,,,,,,,,,,,,
NA,BLM,2015,Saint Barthélemy,Caribbean,0,0,0,,,,,,,,,,,,,,,,,,,,,,,,,,,,,,,,,,,,,,,,,,,,
NA,BLM,2016,Saint Barthélemy,Caribbean,0,0,0,,,,,,,,,,,,,,,,,,,,,,,,,,,,,,,,,,,,,,,,,,,,
NA,BLM,2017,Saint Barthélemy,Caribbean,0,0,0,,,,,,,,,,,,,,,,,,,,,,,,,,,,,,,,,,,,,,,,,,,,
NA,BLM,2018,Saint Barthélemy,Caribbean,0,0,0,,,,,,,,,,,,,,,,,,,,,,,,,,,,,,,,,,,,,,,,,,,,
NA,BLM,2019,Saint Barthélemy,Caribbean,0,0,0,,,,,,,,,,,,,,,,,,,,,,,,,,,,,,,,,,,,,,,,,,,,
NA,BLM,2020,Saint Barthélemy,Caribbean,0,0,0,,,,,,,,,,,,,,,,,,,,,,,,,,,,,,,,,,,,,,,,,,,,
NA,KNA,2000,Saint Kitts and Nevis,Caribbean,0,0,1,,,,,,,,,,,,,,,,,,,,,,,,,,,,,,,,,,,,,,,,,,,,
NA,KNA,2001,Saint Kitts and Nevis,Caribbean,0,0,1,,,,,,,,,,,,,,,,,,,,,,,,,,,,,,,,,,,,,,,,,,,,
NA,KNA,2002,Saint Kitts and Nevis,Caribbean,0,0,1,,,,,,,,,,,,,,,,,,,,,,,,,,,,,,,,,,,,,,,,,,,,
NA,KNA,2003,Saint Kitts and Nevis,Caribbean,0,0,1,,,,,,,,,,,,,,,,,,,,,,,,,,,,,,,,,,,,,,,,,,,,
NA,KNA,2004,Saint Kitts and Nevis,Caribbean,0,0,1,,,,,,,,,,,,,,,,,,,,,,,,,,,,,,,,,,,,,,,,,,,,
NA,KNA,2005,Saint Kitts and Nevis,Caribbean,0,0,1,,,,,,,,,,,,,,,,,,,,,,,,,,,,,,,,,,,,,,,,,,,,
NA,KNA,2006,Saint Kitts and Nevis,Caribbean,0,0,1,,,,,,,,,,,,,,,,,,,,,,,,,,,,,,,,,,,,,,,,,,,,
NA,KNA,2007,Saint Kitts and Nevis,Caribbean,0,0,1,,,,,,,,,,,,,,,,,,,,,,,,,,,,,,,,,,,,,,,,,,,,
NA,KNA,2008,Saint Kitts and Nevis,Caribbean,0,0,1,,,,,,,,,,,,,,,,,,,,,,,,,,,,,,,,,,,,,,,,,,,,
NA,KNA,2009,Saint Kitts and Nevis,Caribbean,0,0,1,,,,,,,,,,,,,,,,,,,,,,,,,,,,,,,,,,,,,,,,,,,,
NA,KNA,2010,Saint Kitts and Nevis,Caribbean,0,0,1,,,,,,,,,,,,,,,,,,,,,,,,,,,,,,,,,,,,,,,,,,,,
NA,KNA,2011,Saint Kitts and Nevis,Caribbean,0,0,1,,,,,,,,,,,,,,,,,,,,,,,,,,,,,,,,,,,,,,,,,,,,
NA,KNA,2012,Saint Kitts and Nevis,Caribbean,0,0,1,,,,,,,,,,,,,,,,,,,,,,,,,,,,,,,,,,,,,,,,,,,,
NA,KNA,2013,Saint Kitts and Nevis,Caribbean,0,0,1,,,,,,,,,,,,,,,,,,,,,,,,,,,,,,,,,,,,,,,,,,,,
NA,KNA,2014,Saint Kitts and Nevis,Caribbean,0,0,1,,,,,,,,,,,,,,,,,,,,,,,,,,,,,,,,,,,,,,,,,,,,
NA,KNA,2015,Saint Kitts and Nevis,Caribbean,0,0,1,,,,,,,,,,,,,,,,,,,,,,,,,,,,,,,,,,,,,,,,,,,,
NA,KNA,2016,Saint Kitts and Nevis,Caribbean,0,0,1,,,,,,,,,,,,,,,,,,,,,,,,,,,,,,,,,,,,,,,,,,,,
NA,KNA,2017,Saint Kitts and Nevis,Caribbean,0,0,1,,,,,,,,,,,,,,,,,,,,,,,,,,,,,,,,,,,,,,,,,,,,
NA,KNA,2018,Saint Kitts and Nevis,Caribbean,0,0,1,,,,,,,,,,,,,,,,,,,,,,,,,,,,,,,,,,,,,,,,,,,,
NA,KNA,2019,Saint Kitts and Nevis,Caribbean,0,0,1,,,,,,,,,,,,,,,,,,,,,,,,,,,,,,,,,,,,,,,,,,,,
NA,KNA,2020,Saint Kitts and Nevis,Caribbean,0,0,1,,,,,,,,,,,,,,,,,,,,,,,,,,,,,,,,,,,,,,,,,,,,
LC,LCA,2000,Saint Lucia,Caribbean,0,0,1,,,,,,,,,,,,,,,,,,,,,,,,,,,,,,,,,,,,,,,,,,,,
LC,LCA,2001,Saint Lucia,Caribbean,0,0,1,,,,,,,,,,,,,,,,,,,,,,,,,,,,,,,,,,,,,,,,,,,,
LC,LCA,2002,Saint Lucia,Caribbean,0,0,1,,,,,,,,,,,,,,,,,,,,,,,,,,,,,,,,,,,,,,,,,,,,
LC,LCA,2003,Saint Lucia,Caribbean,0,0,1,,,,,,,,,,,,,,,,,,,,,,,,,,,,,,,,,,,,,,,,,,,,
LC,LCA,2004,Saint Lucia,Caribbean,0,0,1,,,,,,,,,,,,,,,,,,,,,,,,,,,,,,,,,,,,,,,,,,,,
LC,LCA,2005,Saint Lucia,Caribbean,0,0,1,,,,,,,,,,,,,,,,,,,,,,,,,,,,,,,,,,,,,,,,,,,,
LC,LCA,2006,Saint Lucia,Caribbean,0,0,1,,,,,,,,,,,,,,,,,,,,,,,,,,,,,,,,,,,,,,,,,,,,
LC,LCA,2007,Saint Lucia,Caribbean,0,0,1,,,,,,,,,,,,,,,,,,,,,,,,,,,,,,,,,,,,,,,,,,,,
LC,LCA,2008,Saint Lucia,Caribbean,0,0,1,,,,,,,,,,,,,,,,,,,,,,,,,,,,,,,,,,,,,,,,,,,,
LC,LCA,2009,Saint Lucia,Caribbean,0,0,1,,,,,,,,,,30.0,12.256240629999994,14.900000000000006,28.0,60.0,32.0,,,,,,,,,,,,,,,,,30.0,,,,,,,,,,,,
LC,LCA,2010,Saint Lucia,Caribbean,0,0,1,,,,,,,,,,30.0,11.599999999999994,19.90000000000001,28.099999999999994,60.0,29.0,,,,,,,,,,,,,,,,,30.0,,,,,,,,,,,,
LC,LCA,2011,Saint Lucia,Caribbean,0,0,1,,,,,,,,,,30.0,13.799999999999995,14.700000000000005,28.099999999999994,60.0,30.0,,,,,,,,,,,,,,,,,30.0,,,,,,,,,,,,
LC,LCA,2012,Saint Lucia,Caribbean,0,0,1,,,,,,,,,,30.0,15.299999999999995,14.200000000000005,28.099999999999994,60.0,30.0,,,,,,,,,,,,,,,,,30.0,,,,,,,,,,,,
LC,LCA,2013,Saint Lucia,Caribbean,0,0,1,,,,,,,,,,30.0,14.700000000000005,15.299999999999995,28.099999999999994,60.0,30.0,,,,,,,,,,,,,,,,,30.0,,,,,,,,,,,,
LC,LCA,2014,Saint Lucia,Caribbean,0,0,1,,,,,,,,,,30.0,16.900000000000006,17.299999999999997,28.099999999999994,60.0,29.40000000000001,,,,,,,,,,,,,,,,,30.0,,,,,,,,,,,,
LC,LCA,2015,Saint Lucia,Caribbean,0,0,1,,,,,,,,,,30.0,24.40000000000001,14.5,28.0,60.0,29.0,,,,,,,,,,,,,,,,,30.0,,,,,,,,,,,,
LC,LCA,2016,Saint Lucia,Caribbean,0,0,1,,,,,,,,,,30.0,22.40000000000001,19.700000000000003,28.0,60.0,29.0,,,,,,,,,,,,,,,,,30.0,,,,,,,,,,,,
LC,LCA,2017,Saint Lucia,Caribbean,0,0,1,,,,,,,,,,34.5,22.8,17.700000000000003,28.40000000000001,60.0,60.4,,,,,,,,,,,,,,,,,34.5,,,,,,,,,,,,
LC,LCA,2018,Saint Lucia,Caribbean,0,0,1,,,,,,,,,,32.099999999999994,23.40000000000001,18.3,25.700000000000003,60.0,49.1,,,,,,,,,,,,,,,,,32.099999999999994,,,,,,,,,,,,
LC,LCA,2019,Saint Lucia,Caribbean,0,0,1,,,,,,,,,,34.099999999999994,23.700000000000003,16.099999999999994,26.8,60.0,49.7,,,,,,,,,,,,,,,,,34.099999999999994,,,,,,,,,,,,
LC,LCA,2020,Saint Lucia,Caribbean,0,0,1,,,,,,,,,,30.200000000000003,23.3,18.0,26.8,60.0,58.2,,,,,,,,,,,,,,,,,30.200000000000003,,,,,,,,,,,,
NA,SXM,2000,Sint Marteen (Dutch Part),Caribbean,0,0,1,,,,,,,,,,,,,,,,,,,,,,,,,,,,,,,,,,,,,,,,,,,,
NA,SXM,2001,Sint Marteen (Dutch Part),Caribbean,0,0,1,,,,,,,,,,,,,,,,,,,,,,,,,,,,,,,,,,,,,,,,,,,,
NA,SXM,2002,Sint Marteen (Dutch Part),Caribbean,0,0,1,,,,,,,,,,,,,,,,,,,,,,,,,,,,,,,,,,,,,,,,,,,,
NA,SXM,2003,Sint Marteen (Dutch Part),Caribbean,0,0,1,,,,,,,,,,,,,,,,,,,,,,,,,,,,,,,,,,,,,,,,,,,,
NA,SXM,2004,Sint Marteen (Dutch Part),Caribbean,0,0,1,,,,,,,,,,,,,,,,,,,,,,,,,,,,,,,,,,,,,,,,,,,,
NA,SXM,2005,Sint Marteen (Dutch Part),Caribbean,0,0,1,,,,,,,,,,,,,,,,,,,,,,,,,,,,,,,,,,,,,,,,,,,,
NA,SXM,2006,Sint Marteen (Dutch Part),Caribbean,0,0,1,,,,,,,,,,,,,,,,,,,,,,,,,,,,,,,,,,,,,,,,,,,,
NA,SXM,2007,Sint Marteen (Dutch Part),Caribbean,0,0,1,,,,,,,,,,,,,,,,,,,,,,,,,,,,,,,,,,,,,,,,,,,,
NA,SXM,2008,Sint Marteen (Dutch Part),Caribbean,0,0,1,,,,,,,,,,,,,,,,,,,,,,,,,,,,,,,,,,,,,,,,,,,,
NA,SXM,2009,Sint Marteen (Dutch Part),Caribbean,0,0,1,,,,,,,,,,,,,,,,,,,,,,,,,,,,,,,,,,,,,,,,,,,,
NA,SXM,2010,Sint Marteen (Dutch Part),Caribbean,0,0,1,,,,,,,,,,,,,,,,,,,,,,,,,,,,,,,,,,,,,,,,,,,,
NA,SXM,2011,Sint Marteen (Dutch Part),Caribbean,0,0,1,,,,,,,,,,,,,,,,,,,,,,,,,,,,,,,,,,,,,,,,,,,,
NA,SXM,2012,Sint Marteen (Dutch Part),Caribbean,0,0,1,,,,,,,,,,,,,,,,,,,,,,,,,,,,,,,,,,,,,,,,,,,,
NA,SXM,2013,Sint Marteen (Dutch Part),Caribbean,0,0,1,,,,,,,,,,,,,,,,,,,,,,,,,,,,,,,,,,,,,,,,,,,,
NA,SXM,2014,Sint Marteen (Dutch Part),Caribbean,0,0,1,,,,,,,,,,,,,,,,,,,,,,,,,,,,,,,,,,,,,,,,,,,,
NA,SXM,2015,Sint Marteen (Dutch Part),Caribbean,0,0,1,,,,,,,,,,,,,,,,,,,,,,,,,,,,,,,,,,,,,,,,,,,,
NA,SXM,2016,Sint Marteen (Dutch Part),Caribbean,0,0,1,,,,,,,,,,,,,,,,,,,,,,,,,,,,,,,,,,,,,,,,,,,,
NA,SXM,2017,Sint Marteen (Dutch Part),Caribbean,0,0,1,,,,,,,,,,,,,,,,,,,,,,,,,,,,,,,,,,,,,,,,,,,,
NA,SXM,2018,Sint Marteen (Dutch Part),Caribbean,0,0,1,,,,,,,,,,,,,,,,,,,,,,,,,,,,,,,,,,,,,,,,,,,,
NA,SXM,2019,Sint Marteen (Dutch Part),Caribbean,0,0,1,,,,,,,,,,,,,,,,,,,,,,,,,,,,,,,,,,,,,,,,,,,,
NA,SXM,2020,Sint Marteen (Dutch Part),Caribbean,0,0,1,,,,,,,,,,,,,,,,,,,,,,,,,,,,,,,,,,,,,,,,,,,,
NA,SGS,2000,South Georgia and the South Sandwich Islands,South America,0,0,0,,,,,,,,,,,,,,,,,,,,,,,,,,,,,,,,,,,,,,,,,,,,
NA,SGS,2001,South Georgia and the South Sandwich Islands,South America,0,0,0,,,,,,,,,,,,,,,,,,,,,,,,,,,,,,,,,,,,,,,,,,,,
NA,SGS,2002,South Georgia and the South Sandwich Islands,South America,0,0,0,,,,,,,,,,,,,,,,,,,,,,,,,,,,,,,,,,,,,,,,,,,,
NA,SGS,2003,South Georgia and the South Sandwich Islands,South America,0,0,0,,,,,,,,,,,,,,,,,,,,,,,,,,,,,,,,,,,,,,,,,,,,
NA,SGS,2004,South Georgia and the South Sandwich Islands,South America,0,0,0,,,,,,,,,,,,,,,,,,,,,,,,,,,,,,,,,,,,,,,,,,,,
NA,SGS,2005,South Georgia and the South Sandwich Islands,South America,0,0,0,,,,,,,,,,,,,,,,,,,,,,,,,,,,,,,,,,,,,,,,,,,,
NA,SGS,2006,South Georgia and the South Sandwich Islands,South America,0,0,0,,,,,,,,,,,,,,,,,,,,,,,,,,,,,,,,,,,,,,,,,,,,
NA,SGS,2007,South Georgia and the South Sandwich Islands,South America,0,0,0,,,,,,,,,,,,,,,,,,,,,,,,,,,,,,,,,,,,,,,,,,,,
NA,SGS,2008,South Georgia and the South Sandwich Islands,South America,0,0,0,,,,,,,,,,,,,,,,,,,,,,,,,,,,,,,,,,,,,,,,,,,,
NA,SGS,2009,South Georgia and the South Sandwich Islands,South America,0,0,0,,,,,,,,,,,,,,,,,,,,,,,,,,,,,,,,,,,,,,,,,,,,
NA,SGS,2010,South Georgia and the South Sandwich Islands,South America,0,0,0,,,,,,,,,,,,,,,,,,,,,,,,,,,,,,,,,,,,,,,,,,,,
NA,SGS,2011,South Georgia and the South Sandwich Islands,South America,0,0,0,,,,,,,,,,,,,,,,,,,,,,,,,,,,,,,,,,,,,,,,,,,,
NA,SGS,2012,South Georgia and the South Sandwich Islands,South America,0,0,0,,,,,,,,,,,,,,,,,,,,,,,,,,,,,,,,,,,,,,,,,,,,
NA,SGS,2013,South Georgia and the South Sandwich Islands,South America,0,0,0,,,,,,,,,,,,,,,,,,,,,,,,,,,,,,,,,,,,,,,,,,,,
NA,SGS,2014,South Georgia and the South Sandwich Islands,South America,0,0,0,,,,,,,,,,,,,,,,,,,,,,,,,,,,,,,,,,,,,,,,,,,,
NA,SGS,2015,South Georgia and the South Sandwich Islands,South America,0,0,0,,,,,,,,,,,,,,,,,,,,,,,,,,,,,,,,,,,,,,,,,,,,
NA,SGS,2016,South Georgia and the South Sandwich Islands,South America,0,0,0,,,,,,,,,,,,,,,,,,,,,,,,,,,,,,,,,,,,,,,,,,,,
NA,SGS,2017,South Georgia and the South Sandwich Islands,South America,0,0,0,,,,,,,,,,,,,,,,,,,,,,,,,,,,,,,,,,,,,,,,,,,,
NA,SGS,2018,South Georgia and the South Sandwich Islands,South America,0,0,0,,,,,,,,,,,,,,,,,,,,,,,,,,,,,,,,,,,,,,,,,,,,
NA,SGS,2019,South Georgia and the South Sandwich Islands,South America,0,0,0,,,,,,,,,,,,,,,,,,,,,,,,,,,,,,,,,,,,,,,,,,,,
NA,SGS,2020,South Georgia and the South Sandwich Islands,South America,0,0,0,,,,,,,,,,,,,,,,,,,,,,,,,,,,,,,,,,,,,,,,,,,,
NA,MAF,2000,St. Martin (French Part),Caribbean,0,0,0,,,,,,,,,,,,,,,,,,,,,,,,,,,,,,,,,,,,,,,,,,,,
NA,MAF,2001,St. Martin (French Part),Caribbean,0,0,0,,,,,,,,,,,,,,,,,,,,,,,,,,,,,,,,,,,,,,,,,,,,
NA,MAF,2002,St. Martin (French Part),Caribbean,0,0,0,,,,,,,,,,,,,,,,,,,,,,,,,,,,,,,,,,,,,,,,,,,,
NA,MAF,2003,St. Martin (French Part),Caribbean,0,0,0,,,,,,,,,,,,,,,,,,,,,,,,,,,,,,,,,,,,,,,,,,,,
NA,MAF,2004,St. Martin (French Part),Caribbean,0,0,0,,,,,,,,,,,,,,,,,,,,,,,,,,,,,,,,,,,,,,,,,,,,
NA,MAF,2005,St. Martin (French Part),Caribbean,0,0,0,,,,,,,,,,,,,,,,,,,,,,,,,,,,,,,,,,,,,,,,,,,,
NA,MAF,2006,St. Martin (French Part),Caribbean,0,0,0,,,,,,,,,,,,,,,,,,,,,,,,,,,,,,,,,,,,,,,,,,,,
NA,MAF,2007,St. Martin (French Part),Caribbean,0,0,0,,,,,,,,,,,,,,,,,,,,,,,,,,,,,,,,,,,,,,,,,,,,
NA,MAF,2008,St. Martin (French Part),Caribbean,0,0,0,,,,,,,,,,,,,,,,,,,,,,,,,,,,,,,,,,,,,,,,,,,,
NA,MAF,2009,St. Martin (French Part),Caribbean,0,0,0,,,,,,,,,,,,,,,,,,,,,,,,,,,,,,,,,,,,,,,,,,,,
NA,MAF,2010,St. Martin (French Part),Caribbean,0,0,0,,,,,,,,,,,,,,,,,,,,,,,,,,,,,,,,,,,,,,,,,,,,
NA,MAF,2011,St. Martin (French Part),Caribbean,0,0,0,,,,,,,,,,,,,,,,,,,,,,,,,,,,,,,,,,,,,,,,,,,,
NA,MAF,2012,St. Martin (French Part),Caribbean,0,0,0,,,,,,,,,,,,,,,,,,,,,,,,,,,,,,,,,,,,,,,,,,,,
NA,MAF,2013,St. Martin (French Part),Caribbean,0,0,0,,,,,,,,,,,,,,,,,,,,,,,,,,,,,,,,,,,,,,,,,,,,
NA,MAF,2014,St. Martin (French Part),Caribbean,0,0,0,,,,,,,,,,,,,,,,,,,,,,,,,,,,,,,,,,,,,,,,,,,,
NA,MAF,2015,St. Martin (French Part),Caribbean,0,0,0,,,,,,,,,,,,,,,,,,,,,,,,,,,,,,,,,,,,,,,,,,,,
NA,MAF,2016,St. Martin (French Part),Caribbean,0,0,0,,,,,,,,,,,,,,,,,,,,,,,,,,,,,,,,,,,,,,,,,,,,
NA,MAF,2017,St. Martin (French Part),Caribbean,0,0,0,,,,,,,,,,,,,,,,,,,,,,,,,,,,,,,,,,,,,,,,,,,,
NA,MAF,2018,St. Martin (French Part),Caribbean,0,0,0,,,,,,,,,,,,,,,,,,,,,,,,,,,,,,,,,,,,,,,,,,,,
NA,MAF,2019,St. Martin (French Part),Caribbean,0,0,0,,,,,,,,,,,,,,,,,,,,,,,,,,,,,,,,,,,,,,,,,,,,
NA,MAF,2020,St. Martin (French Part),Caribbean,0,0,0,,,,,,,,,,,,,,,,,,,,,,,,,,,,,,,,,,,,,,,,,,,,
VC,VCT,2000,St. Vincent and the Grenadines,Caribbean,0,0,1,,,,,,,,,,,,,,,,,,,,,,,,,,,,,,,,,,,,,,,,,,,,
VC,VCT,2001,St. Vincent and the Grenadines,Caribbean,0,0,1,,,,,,,,,,,,,,,,,,,,,,,,,,,,,,,,,,,,,,,,,,,,
VC,VCT,2002,St. Vincent and the Grenadines,Caribbean,0,0,1,,,,,,,,,,,,,,,,,,,,,,,,,,,,,,,,,,,,,,,,,,,,
VC,VCT,2003,St. Vincent and the Grenadines,Caribbean,0,0,1,,,,,,,,,,,,,,,,,,,,,,,,,,,,,,,,,,,,,,,,,,,,
VC,VCT,2004,St. Vincent and the Grenadines,Caribbean,0,0,1,,,,,,,,,,,,,,,,,,,,,,,,,,,,,,,,,,,,,,,,,,,,
VC,VCT,2005,St. Vincent and the Grenadines,Caribbean,0,0,1,,,,,,,,,,,,,,,,,,,,,,,,,,,,,,,,,,,,,,,,,,,,
VC,VCT,2006,St. Vincent and the Grenadines,Caribbean,0,0,1,,,,,,,,,,,,,,,,,,,,,,,,,,,,,,,,,,,,,,,,,,,,
VC,VCT,2007,St. Vincent and the Grenadines,Caribbean,0,0,1,,,,,,,,,,,,,,,,,,,,,,,,,,,,,,,,,,,,,,,,,,,,
VC,VCT,2008,St. Vincent and the Grenadines,Caribbean,0,0,1,,,,,,,,,,,,,,,,,,,,,,,,,,,,,,,,,,,,,,,,,,,,
VC,VCT,2009,St. Vincent and the Grenadines,Caribbean,0,0,1,,,,,,,,,,30.0,21.812444490000004,24.352089269999997,26.40000000000001,60.0,39.0,,,,,,,,,,,,,,,,,30.0,,,,,,,,,,,,
VC,VCT,2010,St. Vincent and the Grenadines,Caribbean,0,0,1,,,,,,,,,,30.0,20.099999999999994,28.700000000000003,26.700000000000003,60.0,35.0,,,,,,,,,,,,,,,,,30.0,,,,,,,,,,,,
VC,VCT,2011,St. Vincent and the Grenadines,Caribbean,0,0,1,,,,,,,,,,30.0,20.700000000000003,21.8,26.700000000000003,60.0,36.0,,,,,,,,,,,,,,,,,30.0,,,,,,,,,,,,
VC,VCT,2012,St. Vincent and the Grenadines,Caribbean,0,0,1,,,,,,,,,,30.0,22.599999999999994,18.90000000000001,26.700000000000003,60.0,36.0,,,,,,,,,,,,,,,,,30.0,,,,,,,,,,,,
VC,VCT,2013,St. Vincent and the Grenadines,Caribbean,0,0,1,,,,,,,,,,30.0,22.40000000000001,19.700000000000003,26.700000000000003,60.0,42.0,,,,,,,,,,,,,,,,,30.0,,,,,,,,,,,,
VC,VCT,2014,St. Vincent and the Grenadines,Caribbean,0,0,1,,,,,,,,,,30.0,23.700000000000003,20.200000000000003,32.400000000000006,60.0,38.9,,,,,,,,,,,,,,,,,30.0,,,,,,,,,,,,
VC,VCT,2015,St. Vincent and the Grenadines,Caribbean,0,0,1,,,,,,,,,,30.0,29.200000000000003,17.700000000000003,31.599999999999994,60.0,38.0,,,,,,,,,,,,,,,,,30.0,,,,,,,,,,,,
VC,VCT,2016,St. Vincent and the Grenadines,Caribbean,0,0,1,,,,,,,,,,30.0,22.40000000000001,14.700000000000005,34.599999999999994,60.0,33.0,,,,,,,,,,,,,,,,,30.0,,,,,,,,,,,,
VC,VCT,2017,St. Vincent and the Grenadines,Caribbean,0,0,1,,,,,,,,,,62.7,19.700000000000003,17.099999999999994,34.8,60.0,52.4,,,,,,,,,,,,,,,,,62.7,,,,,,,,,,,,
VC,VCT,2018,St. Vincent and the Grenadines,Caribbean,0,0,1,,,,,,,,,,63.3,20.0,14.599999999999994,24.3,60.0,48.5,,,,,,,,,,,,,,,,,63.3,,,,,,,,,,,,
VC,VCT,2019,St. Vincent and the Grenadines,Caribbean,0,0,1,,,,,,,,,,63.5,23.5,17.799999999999997,33.400000000000006,60.0,49.5,,,,,,,,,,,,,,,,,63.5,,,,,,,,,,,,
VC,VCT,2020,St. Vincent and the Grenadines,Caribbean,0,0,1,,,,,,,,,,49.5,24.200000000000003,19.200000000000003,32.8,60.0,53.9,,,,,,,,,,,,,,,,,49.5,,,,,,,,,,,,
SR,SUR,2000,Suriname,South America,0,0,1,,,,21.5,12.900000000000006,13.299999999999995,20.5,20.200000000000003,11.275000000000006,50.0,45.0,34.0,75.0,70.0,90.0,,42.3,,,18.797794807783447,50.6766399177356,38.15814490850635,,,,,15.9,55.25,13.299999999999995,20.5,20.200000000000003,50.0,29.191666666666666,,,,,,,,,,,
SR,SUR,2001,Suriname,South America,0,0,1,,,,21.5,12.900000000000006,13.299999999999995,20.5,20.0,17.974999999999994,50.0,45.0,63.3,75.0,70.0,90.0,,42.3,,,18.797794807783447,50.6766399177356,38.15814490850635,,,,,15.9,55.25,13.299999999999995,20.5,20.0,50.0,29.15833333333333,,,,,,,,,,,
SR,SUR,2002,Suriname,South America,0,0,1,,,,21.5,12.900000000000006,13.299999999999995,20.5,20.0,17.974999999999994,50.0,45.0,61.0,33.2,70.0,90.0,,42.3,,,18.797794807783447,50.6766399177356,38.15814490850635,,,,,15.9,55.25,13.299999999999995,20.5,20.0,50.0,29.15833333333333,,,,,,,,,,,
SR,SUR,2003,Suriname,South America,0,0,1,,,,21.5,12.900000000000006,13.299999999999995,20.5,20.0,17.974999999999994,50.0,45.0,54.6,33.2,70.0,90.0,,42.3,,,18.797794807783447,50.6766399177356,38.15814490850635,,,,,15.9,55.25,13.299999999999995,20.5,20.0,50.0,29.15833333333333,,,,,,,,,,,
SR,SUR,2004,Suriname,South America,0,0,1,,,,21.5,12.900000000000006,13.299999999999995,20.5,20.0,17.974999999999994,50.0,45.0,41.9,45.6,70.0,90.0,,45.69299747253392,,,18.797794807783447,50.6766399177356,38.15814490850635,,,,,15.9,55.25,13.299999999999995,20.5,20.0,50.0,29.15833333333333,,,,,,,,,,,
SR,SUR,2005,Suriname,South America,0,0,1,,,,21.5,12.900000000000006,13.299999999999995,20.5,20.0,17.974999999999994,50.0,45.0,40.1,38.4,70.0,90.0,,42.3,,,18.797794807783447,50.6766399177356,38.15814490850635,,,,,15.9,55.25,13.299999999999995,20.5,20.0,50.0,29.15833333333333,,,,,,,,,,,
SR,SUR,2006,Suriname,South America,0,0,1,,,,21.5,12.900000000000006,13.299999999999995,20.5,20.0,17.974999999999994,50.0,58.0,32.900000000000006,38.4,70.0,57.0,,42.3,,,25.20516442229591,50.6766399177356,44.62726811334384,,,,,15.9,38.75,13.299999999999995,20.5,20.0,50.0,26.40833333333333,,,,,,,,,,,
SR,SUR,2007,Suriname,South America,0,0,1,,,,21.5,12.900000000000006,13.299999999999995,20.5,19.7,21.925,50.0,58.0,30.90000000000001,35.0,70.0,68.0,,42.3,,,27.82786577780108,50.6766399177356,45.50150189851223,,,,,15.9,44.25,13.299999999999995,20.5,19.7,50.0,27.274999999999995,,,,,,,,,,,
SR,SUR,2008,Suriname,South America,0,0,1,,,,21.5,12.900000000000006,13.299999999999995,20.5,19.7,19.950000000000003,50.0,58.14526479,30.76328085,35.0,70.0,70.0,,42.3,,,30.4997179559316,50.6766399177356,46.440540887889064,,,,,15.9,45.25,13.299999999999995,20.5,19.7,50.0,27.441666666666663,,,,,,,,,,,
SR,SUR,2009,Suriname,South America,0,0,1,,,,21.39999999999999,12.900000000000006,13.299999999999995,20.5,19.7,19.950000000000003,60.0,58.51562999,27.8,35.8,70.0,65.0,,42.3,,,30.4997179559316,50.6766399177356,46.563995954555736,,,,,15.866666666666665,42.75,13.299999999999995,20.5,19.7,60.0,28.686111111111114,,,,,,,,,,,
SR,SUR,2010,Suriname,South America,0,0,1,,,,23.3,13.799999999999995,15.5,20.5,21.0,19.950000000000003,60.0,59.0,32.2,33.599999999999994,70.0,64.0,10.111716621253407,42.3,0.0,37.684239712073136,21.01180906904858,59.5382949588678,46.51670134263879,26.205858310626702,34.06666666666667,35.642119856036565,35.607836543992185,17.53333333333333,42.25,15.5,20.5,21.0,60.0,29.46388888888889,,,,,,,,,,,
SR,SUR,2011,Suriname,South America,0,0,1,,,,23.3,13.799999999999995,15.5,20.5,21.2,19.950000000000003,60.0,59.3,23.599999999999994,33.599999999999994,70.0,63.0,12.44414168937331,42.3,0.0,36.014562211847505,22.118008358949112,58.3819601463678,46.599989501772306,27.372070844686654,31.2,34.80728110592375,34.994835363095675,17.53333333333333,41.75,15.5,20.5,21.2,60.0,29.41388888888889,,,,,,,,,,,
SR,SUR,2012,Suriname,South America,0,0,1,,,,23.3,13.799999999999995,16.799999999999997,20.5,21.9,19.950000000000003,60.0,59.3,25.5,33.7,70.0,63.0,14.152170819362569,42.3,0.0,35.6295277218551,22.23698241420364,62.90965797131992,48.14888012850785,28.226085409681282,31.833333333333332,34.66476386092755,35.718265683112506,17.966666666666665,41.75,16.799999999999997,20.5,21.9,60.0,29.819444444444443,,,,,,,,,,,
SR,SUR,2013,Suriname,South America,0,0,1,,,,25.099999999999994,15.600000000000009,16.200000000000003,21.8,21.9,22.3,60.0,59.8,33.3,33.7,70.0,70.0,14.152170819362569,47.52499999999999,0.0,35.479995382544274,22.099384728328943,62.62755459457086,48.1756464409666,30.83858540968128,34.43333333333333,34.58999769127214,37.00939071881334,18.96666666666667,45.9,16.200000000000003,21.8,21.9,60.0,30.794444444444448,,,,,,,,,,,
SR,SUR,2014,Suriname,South America,0,0,1,,,,25.099999999999994,15.600000000000009,16.200000000000003,21.8,21.9,22.3,60.0,58.2,28.200000000000003,33.8,70.0,67.1,14.152170819362569,47.52499999999999,0.0,33.939203181458325,15.530953867379054,71.89248662553447,48.54114683097117,30.83858540968128,32.733333333333334,33.86960159072916,36.495666791178735,18.96666666666667,44.449999999999996,16.200000000000003,21.8,21.9,60.0,30.552777777777777,,,,,,,,,,,
SR,SUR,2015,Suriname,South America,0,0,1,,,,25.099999999999994,15.600000000000009,16.200000000000003,21.8,21.5,22.3,65.0,57.8,22.8,33.8,70.0,64.0,14.152170819362569,47.52499999999999,0.0,32.9540030763703,22.44678782055297,71.89248662553447,50.71309148202914,30.83858540968128,30.933333333333334,33.37700153818515,36.46550294080723,18.96666666666667,42.9,16.200000000000003,21.8,21.5,65.0,31.061111111111114,,,,,,,,,,,
SR,SUR,2016,Suriname,South America,0,0,1,,,,27.10000000000001,17.200000000000003,18.8,20.4,24.4,22.3,70.0,51.2,21.3,31.599999999999994,70.0,64.0,14.152170819362569,47.52499999999999,0.0,30.873609912882984,20.75764924377394,71.89248662553447,47.95004528976947,30.83858540968128,30.433333333333334,31.23680495644149,35.114692247306394,21.033333333333335,42.2,18.8,20.4,24.4,70.0,32.80555555555556,,,,,,,,,,,
SR,SUR,2017,Suriname,South America,0,0,1,,,,28.60000000000001,16.5,17.200000000000003,22.4,24.1,29.55,54.9,51.4,24.90000000000001,31.599999999999994,70.0,68.3,14.152170819362569,47.52499999999999,0.0,30.873609912882984,22.44678782055297,62.76664883404596,45.53781221819964,30.83858540968128,31.633333333333336,31.23680495644149,34.81163397941394,20.76666666666667,45.349999999999994,17.200000000000003,22.4,24.1,54.9,30.78611111111111,,,,,,,,,,,
SR,SUR,2018,Suriname,South America,0,0,1,,,,30.10000000000001,17.5,21.5,20.8,25.3,29.55,60.3,51.7,49.5,25.200000000000003,70.0,60.1,14.152170819362569,47.52499999999999,0.0,30.87598813820952,25.22456559833076,71.89248662553447,49.60568407462174,30.83858540968128,39.833333333333336,28.037994069104762,37.07889922168528,23.033333333333335,40.45,21.5,20.8,25.3,60.3,31.897222222222222,,,,,,,,,,,
SR,SUR,2019,Suriname,South America,0,0,1,,,,32.19999999999999,16.700000000000003,29.5,20.8,27.800000000000004,29.55,50.9,51.7,44.0,35.400000000000006,70.0,64.5,14.152170819362569,47.52499999999999,0.0,33.98927056639761,25.22456559833076,71.89248662553447,49.60568407462174,30.83858540968128,38.0,34.69463528319881,38.28472619187546,26.13333333333333,42.65,29.5,20.8,27.800000000000004,50.9,32.96388888888889,,,,,,,,,,,
SR,SUR,2020,Suriname,South America,0,0,1,,,,23.099999999999994,14.200000000000005,12.400000000000006,16.400000000000002,18.6,37.025,54.4,51.8,23.90000000000001,30.200000000000003,70.0,63.1,14.152170819362569,47.52499999999999,0.0,35.44386775154544,25.22456559833076,64.63417024845114,47.21957861559397,30.83858540968128,31.3,32.82193387577272,35.54502447526199,16.566666666666666,39.75,12.400000000000006,16.400000000000002,18.6,54.4,26.352777777777778,,,,,,,,,,,
TT,TTO,2000,Trinidad y Tobago,Caribbean,0,0,1,0.585,UNC,United National Congress,14.0,15.600000000000009,19.5,21.1,17.9,33.5,10.0,30.0,19.0,33.2,30.0,50.0,15.531335149863764,41.35,0.0,23.917427154326816,30.115878379279707,27.797310995535952,29.304396458271885,28.440667574931883,16.333333333333332,28.55871357716341,25.65927773592513,16.36666666666667,35.55,19.5,21.1,17.9,10.0,20.069444444444446,15.0106774755162,11.740625,13.375651237758099,6.0,0.75,4.0,0.85,10.0,0.5714285714285714,5.0,0.8181818181818182
TT,TTO,2001,Trinidad y Tobago,Caribbean,0,0,1,0.521,UNC,United National Congress,14.0,15.600000000000009,19.5,21.1,18.1,33.5,30.0,30.0,17.599999999999994,33.2,30.0,50.0,17.520509775099697,41.35,0.0,18.160810077651742,31.16941512529209,46.65406599030981,35.941160371867305,29.43525488754985,15.866666666666665,25.680405038825874,26.730871741227425,16.36666666666667,35.55,19.5,21.1,18.1,30.0,23.436111111111114,13.926784177179488,12.210213888888891,13.06849903303419,8.0,0.65,5.0,0.8,9.0,0.6190476190476191,5.0,0.8181818181818182
TT,TTO,2002,Trinidad y Tobago,Caribbean,0,0,1,0.319,PNM,People’s National Movement,13.200000000000005,15.600000000000009,19.5,16.0,17.7,33.5,30.0,30.0,17.200000000000003,33.2,30.0,47.0,18.653644057171817,41.35,0.0,18.667620767101283,31.718865045946387,43.42604432886928,35.048303124938556,30.00182202858591,15.733333333333334,25.933810383550643,26.67931721760211,16.100000000000005,31.5,19.5,16.0,17.7,30.0,21.8,8.510702192415074,6.9542,7.732451096207537,13.0,0.42857142857142855,12.0,0.47619047619047616,15.0,0.36363636363636365,12.0,0.5217391304347826
TT,TTO,2003,Trinidad y Tobago,Caribbean,0,0,1,0.319,PNM,People’s National Movement,13.200000000000005,15.600000000000009,16.60000000000001,16.0,17.4,33.5,30.0,30.0,18.90000000000001,49.0,30.0,47.0,16.47517596657424,41.35,0.0,18.70806743196709,32.385531712613044,42.592710995535946,34.992747569383,28.91258798328712,16.3,33.85403371598355,28.514842317163417,15.13333333333334,31.5,16.60000000000001,16.0,17.4,30.0,21.105555555555558,9.096234699175131,6.732672222222223,7.914453460698677,13.0,0.42857142857142855,12.0,0.47619047619047616,16.0,0.3181818181818182,14.0,0.43478260869565216
TT,TTO,2004,Trinidad y Tobago,Caribbean,0,0,1,0.319,PNM,People’s National Movement,13.200000000000005,15.600000000000009,16.60000000000001,16.0,17.4,33.5,30.0,30.0,18.3,24.200000000000003,30.0,51.0,20.126002743166808,52.58780102586449,0.0,20.092053186499413,31.866570948291116,43.68862294522148,35.18506463117087,36.35690188451565,16.099999999999998,22.146026593249708,27.44699827723405,15.13333333333334,33.5,16.60000000000001,16.0,17.4,30.0,21.438888888888894,8.755592450437662,6.839005555555557,7.79729900299661,12.0,0.45,12.0,0.45,16.0,0.2857142857142857,13.0,0.45454545454545453
TT,TTO,2005,Trinidad y Tobago,Caribbean,0,0,1,0.319,PNM,People’s National Movement,12.900000000000006,15.600000000000009,16.60000000000001,16.0,17.4,33.5,30.0,30.0,22.700000000000003,20.8,30.0,54.0,21.46556668804854,41.35,0.0,21.87842988798218,27.8103677167654,45.66789146424623,34.49275306033721,31.40778334402427,17.566666666666666,21.339214943991088,26.201604503754808,15.03333333333334,35.0,16.60000000000001,16.0,17.4,30.0,21.672222222222228,8.358311836697784,6.913438888888891,7.635875362793337,12.0,0.3888888888888889,12.0,0.42105263157894735,14.0,0.3157894736842105,13.0,0.42857142857142855
TT,TTO,2006,Trinidad y Tobago,Caribbean,0,0,1,0.319,PNM,People’s National Movement,12.900000000000006,15.600000000000009,16.60000000000001,16.0,17.4,33.5,30.0,37.3,22.3,24.8,30.0,58.0,27.711171662125352,41.35,0.0,19.59383828692998,31.502308895569627,44.29721620548034,37.699841700349985,34.53058583106268,17.433333333333334,22.19691914346499,27.965170002052744,15.03333333333334,37.0,16.60000000000001,16.0,17.4,30.0,22.00555555555556,8.920889230654826,7.019772222222223,7.970330726438524,14.0,0.35,12.0,0.45,14.0,0.38095238095238093,14.0,0.4090909090909091
TT,TTO,2007,Trinidad y Tobago,Caribbean,0,0,1,0.319,PNM,People’s National Movement,12.900000000000006,15.600000000000009,16.60000000000001,16.0,17.299999999999997,33.5,30.0,37.3,25.3,21.0,30.0,62.0,25.50408719346049,41.35,0.0,19.858812628675395,30.664475011800064,44.123820327902045,37.36276511323404,33.42704359673024,18.433333333333334,20.429406314337697,27.41313708940883,15.03333333333334,39.0,16.60000000000001,16.0,17.299999999999997,30.0,22.322222222222223,8.744790731521418,7.120788888888889,7.932789810205153,16.0,0.2857142857142857,14.0,0.38095238095238093,15.0,0.36363636363636365,15.0,0.391304347826087
TT,TTO,2008,Trinidad y Tobago,Caribbean,0,0,1,0.32,PNM,People’s National Movement,12.900000000000006,15.600000000000009,16.60000000000001,16.0,17.299999999999997,33.5,35.0,35.031784169999995,27.38531879,21.0,30.0,68.0,25.66757493188011,41.35,0.0,19.49459511003369,31.570110400766808,42.48293637399123,36.361610314919346,33.50878746594006,19.128439596666666,20.247297555016843,27.31153373313573,15.03333333333334,42.0,16.60000000000001,16.0,17.299999999999997,35.0,23.655555555555555,8.739690794603433,7.5697777777777775,8.154734286190605,16.0,0.2857142857142857,15.0,0.3333333333333333,16.0,0.3181818181818182,17.0,0.30434782608695654
TT,TTO,2009,Trinidad y Tobago,Caribbean,0,0,1,0.321,PNM,People’s National Movement,12.900000000000006,15.600000000000009,16.60000000000001,16.0,17.2,33.5,40.0,39.88008208,27.8,20.200000000000003,30.0,66.0,39.1008174386921,41.35,0.0,19.83816805786175,32.74713661764481,42.06757630914748,38.23159833559743,40.22540871934605,19.266666666666666,20.019084028930877,29.435689437635258,15.03333333333334,41.0,16.60000000000001,16.0,17.2,40.0,24.30555555555556,9.448856309480918,7.802083333333335,8.625469821407126,15.0,0.3,14.0,0.35,16.0,0.2857142857142857,17.0,0.2727272727272727
TT,TTO,2010,Trinidad y Tobago,Caribbean,0,0,1,0.48425,UNC,United National Congress,14.5,15.600000000000009,16.60000000000001,20.7,18.0,33.5,50.0,41.0,30.700000000000003,18.3,30.0,64.0,33.65122615803814,41.35,0.0,20.731686127912184,32.778720026045846,39.35556105145225,37.7114270258327,37.500613079019075,20.233333333333334,19.51584306395609,28.740304125535303,15.566666666666672,42.35,16.60000000000001,20.7,18.0,50.0,27.202777777777783,13.91749227279047,13.172945138888892,13.54521870583968,12.0,0.45,13.0,0.4,12.0,0.47619047619047616,14.0,0.4090909090909091
TT,TTO,2011,Trinidad y Tobago,Caribbean,0,0,1,0.471,UNC,United National Congress,14.5,15.600000000000009,16.60000000000001,20.7,18.0,33.5,50.0,41.6,28.200000000000003,18.3,30.0,64.0,33.65122615803814,41.35,0.0,20.61839359045362,30.8996060746871,42.03428771522443,38.177964596637175,37.500613079019075,19.400000000000002,19.45919679522681,28.634443617720763,15.566666666666672,42.35,16.60000000000001,20.7,18.0,50.0,27.202777777777783,13.486822943946478,12.812508333333335,13.149665638639906,12.0,0.47619047619047616,13.0,0.42857142857142855,12.0,0.5,14.0,0.43478260869565216
TT,TTO,2012,Trinidad y Tobago,Caribbean,0,0,1,0.45775,UNC,United National Congress,14.5,15.600000000000009,16.60000000000001,20.7,18.0,33.5,50.0,39.9,29.90000000000001,30.099999999999994,30.0,64.0,32.016348773841955,41.35,0.0,20.38291428464227,30.025035966551485,42.60608375433728,37.51037324029625,36.68317438692098,19.96666666666667,25.24145714232113,29.850417859051262,15.566666666666672,42.35,16.60000000000001,20.7,18.0,50.0,27.202777777777783,13.664028774980714,12.45207152777778,13.058050151379248,12.0,0.47619047619047616,13.0,0.42857142857142855,12.0,0.5,14.0,0.43478260869565216
TT,TTO,2013,Trinidad y Tobago,Caribbean,0,0,1,0.4445,UNC,United National Congress,14.5,15.600000000000009,16.60000000000001,20.7,18.4,21.075000000000003,50.0,44.9,26.3,30.099999999999994,40.0,68.0,34.686648501362384,34.25,0.0,19.862113410729023,31.059555551591416,42.08315442419993,39.34756999193045,34.46832425068119,22.099999999999998,24.98105670536451,30.224237736994038,15.566666666666672,44.35,16.60000000000001,20.7,18.4,50.0,27.602777777777778,13.43467367409385,12.269434722222222,12.852054198158037,13.0,0.45454545454545453,14.0,0.4090909090909091,15.0,0.391304347826087,15.0,0.4166666666666667
TT,TTO,2014,Trinidad y Tobago,Caribbean,0,0,1,0.43125,UNC,United National Congress,14.5,15.600000000000009,16.60000000000001,20.7,17.9,21.075000000000003,50.0,40.6,28.3,21.40000000000001,50.0,66.0,47.11171662125339,34.25,0.0,19.997349398133508,30.639556418000225,42.65571789251048,37.96509143683691,40.6808583106267,26.099999999999998,20.698674699066757,31.36115611163259,15.566666666666672,43.35,16.60000000000001,20.7,17.9,50.0,27.352777777777778,13.524498573141555,11.795885416666668,12.66019199490411,14.0,0.4090909090909091,15.0,0.36363636363636365,16.0,0.34782608695652173,17.0,0.3333333333333333
TT,TTO,2015,Trinidad y Tobago,Caribbean,0,0,1,0.418,UNC,United National Congress,14.0,15.600000000000009,16.60000000000001,20.7,17.0,15.700000000000005,50.0,34.7,25.700000000000003,21.40000000000001,50.0,62.0,39.61852861035422,34.25,0.0,20.12234773209353,31.09369694224435,42.41852195958125,36.07073963394186,36.93426430517711,25.233333333333334,20.761173866046768,29.749877784624772,15.400000000000006,41.35,16.60000000000001,20.7,17.0,50.0,26.84166666666667,12.435448913973154,11.219816666666667,11.82763279031991,14.0,0.4090909090909091,13.0,0.45454545454545453,16.0,0.34782608695652173,17.0,0.3333333333333333
TT,TTO,2016,Trinidad y Tobago,Caribbean,0,0,1,0.392,PNM,People’s National Movement,9.399999999999991,15.600000000000009,16.60000000000001,7.000000000000001,13.4,15.700000000000005,50.0,30.5,31.5,21.40000000000001,50.0,62.0,35.885558583106274,34.25,0.0,19.82690129069063,31.07856769413678,39.80563135613352,33.794733016756766,35.06777929155314,27.166666666666668,20.613450645345317,29.16065740508047,13.866666666666669,34.5,16.60000000000001,7.000000000000001,13.4,50.0,22.561111111111114,11.430977702791544,8.843955555555556,10.13746662917355,13.0,0.42857142857142855,12.0,0.47619047619047616,16.0,0.3181818181818182,15.0,0.391304347826087
TT,TTO,2017,Trinidad y Tobago,Caribbean,0,0,1,0.392,PNM,People’s National Movement,9.700000000000005,15.600000000000009,15.0,5.800000000000001,13.2,15.700000000000005,45.3,32.3,24.099999999999994,21.40000000000001,50.0,63.2,35.28610354223433,37.225,0.0,21.438346191633727,31.070753841722635,39.70815504988352,34.35963629720205,36.25555177111717,24.7,21.419173095816866,29.183590291034022,13.433333333333337,34.5,15.0,5.800000000000001,13.2,45.3,21.205555555555556,11.439967394085338,8.312577777777777,9.876272585931558,11.0,0.5238095238095238,10.0,0.5714285714285714,15.0,0.36363636363636365,12.0,0.5217391304347826
TT,TTO,2018,Trinidad y Tobago,Caribbean,0,0,1,0.392,PNM,People’s National Movement,9.799999999999995,15.600000000000009,16.799999999999997,5.800000000000001,13.2,15.700000000000005,45.1,31.700000000000003,22.599999999999994,26.5,50.0,66.9,27.438692098092645,31.25,0.0,21.576668393196712,31.02228902267501,41.11259663530019,34.6116285526584,29.344346049046322,24.2,24.038334196598356,28.04857719957577,14.066666666666668,36.35,16.799999999999997,5.800000000000001,13.2,45.1,21.88611111111111,10.995042262233703,8.579355555555555,9.787198908894629,11.0,0.5,10.0,0.55,14.0,0.38095238095238093,10.0,0.5909090909090909
TT,TTO,2019,Trinidad y Tobago,Caribbean,0,0,1,0.392,PNM,People’s National Movement,9.799999999999995,15.600000000000009,13.5,5.800000000000001,13.4,15.700000000000005,47.7,32.2,24.90000000000001,31.599999999999994,50.0,67.1,27.438692098092645,31.25,0.0,21.588065320632893,31.02228902267501,41.66815219085574,34.96348040451025,29.344346049046322,24.96666666666667,26.594032660316444,28.96713144513492,12.966666666666669,36.449999999999996,13.5,5.800000000000001,13.4,47.7,21.63611111111111,11.35511552649289,8.481355555555556,9.918235541024224,10.0,0.5,10.0,0.5,12.0,0.42105263157894735,9.0,0.6
TT,TTO,2020,Trinidad y Tobago,Caribbean,0,0,1,,,,10.200000000000005,15.600000000000009,15.600000000000009,5.800000000000001,12.7,15.700000000000005,43.4,32.7,22.599999999999994,32.2,50.0,62.6,27.438692098092645,31.25,0.0,33.06370674177266,31.02228902267501,42.768152190855744,35.49681373784359,29.344346049046322,24.2,32.63185337088633,30.41825328944406,13.800000000000006,34.2,15.600000000000009,5.800000000000001,12.7,43.4,20.91666666666667,,,,,,,,,,,
NA,TCA,2000,Turks and Caicos Island,Caribbean,0,0,0,,,,,,,,,,,,,,,,,,,,,,,,,,,,,,,,,,,,,,,,,,,,
NA,TCA,2001,Turks and Caicos Island,Caribbean,0,0,0,,,,,,,,,,,,,,,,,,,,,,,,,,,,,,,,,,,,,,,,,,,,
NA,TCA,2002,Turks and Caicos Island,Caribbean,0,0,0,,,,,,,,,,,,,,,,,,,,,,,,,,,,,,,,,,,,,,,,,,,,
NA,TCA,2003,Turks and Caicos Island,Caribbean,0,0,0,,,,,,,,,,,,,,,,,,,,,,,,,,,,,,,,,,,,,,,,,,,,
NA,TCA,2004,Turks and Caicos Island,Caribbean,0,0,0,,,,,,,,,,,,,,,,,,,,,,,,,,,,,,,,,,,,,,,,,,,,
NA,TCA,2005,Turks and Caicos Island,Caribbean,0,0,0,,,,,,,,,,,,,,,,,,,,,,,,,,,,,,,,,,,,,,,,,,,,
NA,TCA,2006,Turks and Caicos Island,Caribbean,0,0,0,,,,,,,,,,,,,,,,,,,,,,,,,,,,,,,,,,,,,,,,,,,,
NA,TCA,2007,Turks and Caicos Island,Caribbean,0,0,0,,,,,,,,,,,,,,,,,,,,,,,,,,,,,,,,,,,,,,,,,,,,
NA,TCA,2008,Turks and Caicos Island,Caribbean,0,0,0,,,,,,,,,,,,,,,,,,,,,,,,,,,,,,,,,,,,,,,,,,,,
NA,TCA,2009,Turks and Caicos Island,Caribbean,0,0,0,,,,,,,,,,,,,,,,,,,,,,,,,,,,,,,,,,,,,,,,,,,,
NA,TCA,2010,Turks and Caicos Island,Caribbean,0,0,0,,,,,,,,,,,,,,,,,,,,,,,,,,,,,,,,,,,,,,,,,,,,
NA,TCA,2011,Turks and Caicos Island,Caribbean,0,0,0,,,,,,,,,,,,,,,,,,,,,,,,,,,,,,,,,,,,,,,,,,,,
NA,TCA,2012,Turks and Caicos Island,Caribbean,0,0,0,,,,,,,,,,,,,,,,,,,,,,,,,,,,,,,,,,,,,,,,,,,,
NA,TCA,2013,Turks and Caicos Island,Caribbean,0,0,0,,,,,,,,,,,,,,,,,,,,,,,,,,,,,,,,,,,,,,,,,,,,
NA,TCA,2014,Turks and Caicos Island,Caribbean,0,0,0,,,,,,,,,,,,,,,,,,,,,,,,,,,,,,,,,,,,,,,,,,,,
NA,TCA,2015,Turks and Caicos Island,Caribbean,0,0,0,,,,,,,,,,,,,,,,,,,,,,,,,,,,,,,,,,,,,,,,,,,,
NA,TCA,2016,Turks and Caicos Island,Caribbean,0,0,0,,,,,,,,,,,,,,,,,,,,,,,,,,,,,,,,,,,,,,,,,,,,
NA,TCA,2017,Turks and Caicos Island,Caribbean,0,0,0,,,,,,,,,,,,,,,,,,,,,,,,,,,,,,,,,,,,,,,,,,,,
NA,TCA,2018,Turks and Caicos Island,Caribbean,0,0,0,,,,,,,,,,,,,,,,,,,,,,,,,,,,,,,,,,,,,,,,,,,,
NA,TCA,2019,Turks and Caicos Island,Caribbean,0,0,0,,,,,,,,,,,,,,,,,,,,,,,,,,,,,,,,,,,,,,,,,,,,
NA,TCA,2020,Turks and Caicos Island,Caribbean,0,0,0,,,,,,,,,,,,,,,,,,,,,,,,,,,,,,,,,,,,,,,,,,,,
NA,VIR,2000,United States Virgin Islands,Caribbean,0,0,1,,,,,,,,,,,,,,,,,,,,,,,,,,,,,,,,,,,,,,,,,,,,
NA,VIR,2001,United States Virgin Islands,Caribbean,0,0,1,,,,,,,,,,,,,,,,,,,,,,,,,,,,,,,,,,,,,,,,,,,,
NA,VIR,2002,United States Virgin Islands,Caribbean,0,0,1,,,,,,,,,,,,,,,,,,,,,,,,,,,,,,,,,,,,,,,,,,,,
NA,VIR,2003,United States Virgin Islands,Caribbean,0,0,1,,,,,,,,,,,,,,,,,,,,,,,,,,,,,,,,,,,,,,,,,,,,
NA,VIR,2004,United States Virgin Islands,Caribbean,0,0,1,,,,,,,,,,,,,,,,,,,,,,,,,,,,,,,,,,,,,,,,,,,,
NA,VIR,2005,United States Virgin Islands,Caribbean,0,0,1,,,,,,,,,,,,,,,,,,,,,,,,,,,,,,,,,,,,,,,,,,,,
NA,VIR,2006,United States Virgin Islands,Caribbean,0,0,1,,,,,,,,,,,,,,,,,,,,,,,,,,,,,,,,,,,,,,,,,,,,
NA,VIR,2007,United States Virgin Islands,Caribbean,0,0,1,,,,,,,,,,,,,,,,,,,,,,,,,,,,,,,,,,,,,,,,,,,,
NA,VIR,2008,United States Virgin Islands,Caribbean,0,0,1,,,,,,,,,,,,,,,,,,,,,,,,,,,,,,,,,,,,,,,,,,,,
NA,VIR,2009,United States Virgin Islands,Caribbean,0,0,1,,,,,,,,,,,,,,,,,,,,,,,,,,,,,,,,,,,,,,,,,,,,
NA,VIR,2010,United States Virgin Islands,Caribbean,0,0,1,,,,,,,,,,,,,,,,,,,,,,,,,,,,,,,,,,,,,,,,,,,,
NA,VIR,2011,United States Virgin Islands,Caribbean,0,0,1,,,,,,,,,,,,,,,,,,,,,,,,,,,,,,,,,,,,,,,,,,,,
NA,VIR,2012,United States Virgin Islands,Caribbean,0,0,1,,,,,,,,,,,,,,,,,,,,,,,,,,,,,,,,,,,,,,,,,,,,
NA,VIR,2013,United States Virgin Islands,Caribbean,0,0,1,,,,,,,,,,,,,,,,,,,,,,,,,,,,,,,,,,,,,,,,,,,,
NA,VIR,2014,United States Virgin Islands,Caribbean,0,0,1,,,,,,,,,,,,,,,,,,,,,,,,,,,,,,,,,,,,,,,,,,,,
NA,VIR,2015,United States Virgin Islands,Caribbean,0,0,1,,,,,,,,,,,,,,,,,,,,,,,,,,,,,,,,,,,,,,,,,,,,
NA,VIR,2016,United States Virgin Islands,Caribbean,0,0,1,,,,,,,,,,,,,,,,,,,,,,,,,,,,,,,,,,,,,,,,,,,,
NA,VIR,2017,United States Virgin Islands,Caribbean,0,0,1,,,,,,,,,,,,,,,,,,,,,,,,,,,,,,,,,,,,,,,,,,,,
NA,VIR,2018,United States Virgin Islands,Caribbean,0,0,1,,,,,,,,,,,,,,,,,,,,,,,,,,,,,,,,,,,,,,,,,,,,
NA,VIR,2019,United States Virgin Islands,Caribbean,0,0,1,,,,,,,,,,,,,,,,,,,,,,,,,,,,,,,,,,,,,,,,,,,,
NA,VIR,2020,United States Virgin Islands,Caribbean,0,0,1,,,,,,,,,,,,,,,,,,,,,,,,,,,,,,,,,,,,,,,,,,,,
UY,URY,2000,Uruguay,South America,0,0,0,0.143,PC,Colorado Party,4.6000000000000085,10.099999999999994,7.599999999999994,4.8,5.5,12.924999999999995,30.0,30.0,29.200000000000003,27.40000000000001,30.0,57.0,47.95627300207219,36.45,0.0,19.504951684141812,27.96154080143077,27.992927600533875,28.65148946732155,42.2031365010361,19.733333333333334,23.45247584207091,28.510108785940474,7.433333333333333,30.9,7.599999999999994,4.8,5.5,30.0,14.37222222222222,4.076945556389488,2.055227777777777,3.066086667083632,18.0,0.15,18.0,0.15,21.0,0.047619047619047616,20.0,0.13636363636363635
UY,URY,2001,Uruguay,South America,0,0,0,0.143,PC,Colorado Party,4.200000000000003,7.899999999999991,7.599999999999994,4.8,5.1,12.924999999999995,30.0,30.0,23.099999999999994,22.200000000000003,30.0,56.0,42.37057220708447,36.45,0.0,20.64178263689267,28.032295172637877,42.13655422909171,33.389616467243194,39.410286103542234,17.7,21.420891318446337,27.980198472307944,6.566666666666663,30.4,7.599999999999994,4.8,5.1,30.0,14.077777777777776,4.001168381540036,2.0131222222222216,3.0071453018811285,19.0,0.1,18.0,0.15,21.0,0.047619047619047616,19.0,0.18181818181818182
UY,URY,2002,Uruguay,South America,0,0,0,0.143,PC,Colorado Party,4.200000000000003,7.899999999999991,7.599999999999994,4.8,5.1,12.924999999999995,30.0,30.0,19.90000000000001,42.0,30.0,56.0,42.37057220708447,36.45,0.0,19.93271313642994,26.630178896668863,41.48796926720053,32.70604938795646,39.410286103542234,16.633333333333336,30.96635656821497,29.92900634826175,6.566666666666663,30.4,7.599999999999994,4.8,5.1,30.0,14.077777777777776,4.27984790780143,2.0131222222222216,3.1464850650118255,19.0,0.14285714285714285,18.0,0.19047619047619047,22.0,0.045454545454545456,19.0,0.21739130434782608
UY,URY,2003,Uruguay,South America,0,0,0,0.143,PC,Colorado Party,5.200000000000003,14.0,7.599999999999994,4.8,6.4,12.924999999999995,30.0,30.0,18.599999999999994,41.0,30.0,49.0,51.22615803814713,36.45,0.0,20.58852683542385,27.34446461095457,40.0296359338672,32.45803351494059,43.83807901907357,16.2,30.794263417711925,30.82259398793152,8.933333333333332,26.9,7.599999999999994,4.8,6.4,30.0,14.105555555555554,4.407630940274207,2.017094444444444,3.2123626923593256,20.0,0.09523809523809523,18.0,0.19047619047619047,22.0,0.045454545454545456,19.0,0.21739130434782608
UY,URY,2004,Uruguay,South America,0,0,0,0.143,PC,Colorado Party,4.400000000000006,8.299999999999997,6.799999999999997,4.8,5.1,12.924999999999995,30.0,30.0,25.8,28.200000000000003,50.0,49.0,51.22615803814713,42.49285779568452,0.0,21.356802972880047,28.3586884823213,36.73192669865796,31.696871726993084,46.85950791691583,25.266666666666666,24.778401486440025,32.1503619492539,6.5,26.9,6.799999999999997,4.8,5.1,30.0,13.35,4.597501758743308,1.9090499999999997,3.2532758793716536,19.0,0.1,16.0,0.25,21.0,0.047619047619047616,19.0,0.18181818181818182
UY,URY,2005,Uruguay,South America,0,0,0,0.5238,FA/EP,Broad Front / Progressive Encounter,3.799999999999997,6.399999999999992,11.099999999999994,4.8,4.4,4.349999999999994,30.0,30.0,30.90000000000001,28.0,50.0,45.0,34.05994550408718,36.45,0.0,22.30086357922619,30.893774999750875,39.92791240863621,33.60722913612903,35.25497275204359,26.96666666666667,25.150431789613094,30.244825086113096,7.099999999999994,24.9,11.099999999999994,4.8,4.4,30.0,13.716666666666663,15.84223938010604,7.184789999999999,11.51351469005302,9.0,0.5555555555555556,6.0,0.7368421052631579,13.0,0.3684210526315789,8.0,0.6666666666666666
UY,URY,2006,Uruguay,South America,0,0,0,0.5216000000000001,FA/EP,Broad Front / Progressive Encounter,3.799999999999997,6.399999999999992,11.099999999999994,4.8,4.4,4.349999999999994,30.0,36.1,27.0,23.599999999999994,70.0,38.0,33.24250681198909,36.45,0.0,21.171691400811653,34.973107914604924,44.120312471385,38.39780679532998,34.846253405994545,32.333333333333336,22.385845700405824,31.99080980876592,7.099999999999994,21.4,11.099999999999994,4.8,4.4,30.0,13.133333333333331,16.686406396252305,6.850346666666666,11.768376531459486,11.0,0.5,6.0,0.75,15.0,0.3333333333333333,8.0,0.6818181818181818
UY,URY,2007,Uruguay,South America,0,0,0,0.5194,FA/EP,Broad Front / Progressive Encounter,3.799999999999997,6.399999999999992,11.099999999999994,4.8,4.4,4.349999999999994,30.0,37.8,26.90000000000001,18.40000000000001,70.0,41.0,32.15258855585832,36.45,0.0,19.929202210871324,35.95214823378022,44.631999711242045,39.46138264834075,34.30129427792916,32.300000000000004,19.164601105435665,31.306819507926395,7.099999999999994,22.9,11.099999999999994,4.8,4.4,30.0,13.383333333333331,16.26076205241697,6.951303333333332,11.60603269287515,11.0,0.5238095238095238,8.0,0.6666666666666666,16.0,0.3181818181818182,9.0,0.6521739130434783
UY,URY,2008,Uruguay,South America,0,0,0,0.5172,FA/EP,Broad Front / Progressive Encounter,3.799999999999997,6.5,11.099999999999994,4.8,4.4,4.349999999999994,30.0,39.16493105,25.80732589,17.0,70.0,36.0,32.6975476839237,36.45,0.0,19.59298631235072,37.3753357682007,44.43209276645285,40.32411986155119,34.57377384196185,31.935775296666666,18.29649315617536,31.282540539088764,7.13333333333333,20.4,11.099999999999994,4.8,4.4,30.0,12.97222222222222,16.17932996681671,6.709233333333332,11.44428165007502,13.0,0.42857142857142855,10.0,0.5714285714285714,17.0,0.2727272727272727,12.0,0.5217391304347826
UY,URY,2009,Uruguay,South America,0,0,0,0.515,FA/EP,Broad Front / Progressive Encounter,3.799999999999997,6.5,11.099999999999994,4.8,4.4,4.349999999999994,30.0,34.416678430000005,27.200000000000003,16.599999999999994,70.0,33.0,36.23978201634878,36.45,0.0,19.06664068756848,35.31910053525374,45.17684852813291,38.304209164462215,36.344891008174386,32.4,17.833320343784237,31.22060512910521,7.13333333333333,18.9,11.099999999999994,4.8,4.4,30.0,12.72222222222222,16.078611641489182,6.551944444444444,11.315278042966813,13.0,0.4,11.0,0.5,17.0,0.23809523809523808,13.0,0.45454545454545453
UY,URY,2010,Uruguay,South America,0,0,0,0.511,FA/EP,Broad Front / Progressive Encounter,4.1000000000000085,7.5,10.700000000000005,4.8,4.7,4.349999999999994,25.0,36.9,27.700000000000003,17.200000000000003,70.0,31.0,37.05722070844687,36.45,0.0,18.26048553224936,42.14148217576994,38.09726653396594,39.046249569911964,36.75361035422344,32.56666666666667,17.730242766124682,31.52419233923169,7.433333333333337,17.9,10.700000000000005,4.8,4.7,25.0,11.755555555555555,16.108862285347392,6.007088888888888,11.05797558711814,13.0,0.4,12.0,0.45,19.0,0.14285714285714285,13.0,0.45454545454545453
UY,URY,2011,Uruguay,South America,0,0,0,0.507,FA/EP,Broad Front / Progressive Encounter,4.1000000000000085,7.5,10.700000000000005,4.8,4.7,4.349999999999994,30.0,38.5,27.200000000000003,17.0,70.0,33.0,36.81198910081744,36.45,0.0,18.686003658142965,45.115019081483815,37.29015376208204,40.30172428118862,36.63099455040872,32.4,17.843001829071483,31.793930165167204,7.433333333333337,18.9,10.700000000000005,4.8,4.7,30.0,12.755555555555555,16.119522593739774,6.467066666666666,11.29329463020322,14.0,0.38095238095238093,12.0,0.47619047619047616,18.0,0.22727272727272727,13.0,0.4782608695652174
UY,URY,2012,Uruguay,South America,0,0,0,0.503,FA/EP,Broad Front / Progressive Encounter,4.1000000000000085,7.5,10.700000000000005,4.8,4.7,4.349999999999994,30.0,25.099999999999994,26.599999999999994,17.099999999999994,70.0,31.0,39.23705722070844,36.45,0.0,19.2539983081532,44.9632285589267,38.35533971381394,36.13952275758021,37.84352861035422,32.199999999999996,18.176999154076597,31.090012630502752,7.433333333333337,17.9,10.700000000000005,4.8,4.7,30.0,12.588888888888889,15.638276353142885,6.332211111111111,10.985243732126998,14.0,0.38095238095238093,11.0,0.5238095238095238,18.0,0.22727272727272727,13.0,0.4782608695652174
UY,URY,2013,Uruguay,South America,0,0,0,0.499,FA/EP,Broad Front / Progressive Encounter,4.800000000000011,7.099999999999994,10.700000000000005,6.5,5.2,4.349999999999994,30.0,26.599999999999994,27.5,17.099999999999994,70.0,30.0,40.17139694654137,36.45,0.0,19.175163475325235,44.59496181323003,39.40327758253615,36.86607979858872,38.31069847327069,32.5,18.137581737662615,31.453590002380505,7.533333333333336,18.25,10.700000000000005,6.5,5.2,30.0,13.030555555555557,15.695341411187872,6.5022472222222225,11.098794316705048,15.0,0.36363636363636365,10.0,0.5909090909090909,19.0,0.21739130434782608,14.0,0.4583333333333333
UY,URY,2014,Uruguay,South America,0,0,0,0.495,FA/EP,Broad Front / Progressive Encounter,4.299999999999997,7.099999999999994,10.700000000000005,6.5,5.1,4.349999999999994,30.0,25.5,27.90000000000001,17.5,70.0,29.40000000000001,35.4209957821605,36.45,0.0,24.37696737270386,44.514992544000094,37.15535085176735,35.72344779858915,35.93549789108025,32.63333333333333,20.93848368635193,31.307690677338663,7.3666666666666645,17.950000000000003,10.700000000000005,6.5,5.1,30.0,12.936111111111112,15.497306885282638,6.4033750000000005,10.950340942641319,16.0,0.3181818181818182,10.0,0.5909090909090909,20.0,0.17391304347826086,16.0,0.375
UY,URY,2015,Uruguay,South America,0,0,0,0.4911999999999999,FA/EP,Broad Front / Progressive Encounter,4.0,7.099999999999994,10.700000000000005,6.5,4.6,4.349999999999994,30.0,27.40000000000001,28.40000000000001,18.200000000000003,70.0,27.0,41.006047476855045,37.075,0.0,21.338786942637512,44.024983911189366,37.73298365926941,36.38598919015293,39.040523738427524,32.800000000000004,19.769393471318757,31.998976599974803,7.266666666666666,16.75,10.700000000000005,6.5,4.6,30.0,12.636111111111111,15.71789730590762,6.206857777777777,10.962377541842699,15.0,0.36363636363636365,10.0,0.5909090909090909,20.0,0.17391304347826086,14.0,0.4583333333333333
UY,URY,2016,Uruguay,South America,0,0,0,0.4874,FA/EP,Broad Front / Progressive Encounter,4.0,7.099999999999994,10.700000000000005,6.5,4.6,4.349999999999994,30.0,24.700000000000003,28.700000000000003,19.40000000000001,70.0,27.0,42.67029972752043,37.075,0.0,21.41205697552155,40.9411290473012,30.935887934615096,32.1923389939721,39.872649863760216,32.9,20.40602848776078,31.342754336373275,7.266666666666666,16.75,10.700000000000005,6.5,4.6,30.0,12.636111111111111,15.276458463548334,6.158840555555556,10.717649509551945,12.0,0.47619047619047616,8.0,0.6666666666666666,18.0,0.22727272727272727,12.0,0.5217391304347826
UY,URY,2017,Uruguay,South America,0,0,0,0.4836,FA/EP,Broad Front / Progressive Encounter,4.0,7.099999999999994,10.700000000000005,6.5,4.7,7.625,29.8,25.200000000000003,28.700000000000003,19.40000000000001,70.0,29.700000000000003,41.77111716621252,33.575,0.0,20.03040822822983,41.11074105766271,29.027935020594114,31.779558692752275,37.67305858310626,32.9,19.71520411411492,30.516955347493365,7.266666666666666,18.1,10.700000000000005,6.5,4.7,29.8,12.844444444444447,14.757999606047791,6.211573333333334,10.484786469690562,10.0,0.5714285714285714,7.0,0.7142857142857143,17.0,0.2727272727272727,10.0,0.6086956521739131
UY,URY,2018,Uruguay,South America,0,0,0,0.4798,FA/EP,Broad Front / Progressive Encounter,4.1000000000000085,7.099999999999994,10.700000000000005,6.5,4.6,7.625,30.700000000000003,25.599999999999994,29.3,19.599999999999994,70.0,28.40000000000001,42.9700272479564,33.575,0.0,19.63707261577298,41.72242265528176,30.591942176149672,32.63812161047714,38.2725136239782,33.1,19.618536307886487,30.90729288558546,7.300000000000002,17.450000000000003,10.700000000000005,6.5,4.6,30.700000000000003,12.875000000000002,14.829319126503904,6.177425000000001,10.503372063251952,9.0,0.6,6.0,0.75,18.0,0.19047619047619047,8.0,0.6818181818181818
UY,URY,2019,Uruguay,South America,0,0,0,0.476,FA/EP,Broad Front / Progressive Encounter,4.1000000000000085,7.099999999999994,10.700000000000005,6.5,4.9,6.174999999999997,31.700000000000003,25.700000000000003,27.099999999999994,21.40000000000001,70.0,30.8,39.86376021798365,33.575,0.0,19.288286290262818,41.72242265528176,30.591942176149672,32.67145494381048,36.71938010899183,32.36666666666667,20.34414314513141,30.5254112161501,7.300000000000002,18.65,10.700000000000005,6.5,4.9,31.700000000000003,13.291666666666666,14.530095738887447,6.326833333333333,10.42846453611039,9.0,0.5555555555555556,7.0,0.6666666666666666,17.0,0.15789473684210525,8.0,0.65
UY,URY,2020,Uruguay,South America,0,0,0,,,,3.799999999999997,3.700000000000003,10.700000000000005,6.5,4.6,8.0,28.0,26.40000000000001,27.3,22.599999999999994,70.0,26.5,39.86376021798365,37.45000000000001,0.0,25.2344145109535,41.72242265528176,33.12874773170523,33.75039012899567,38.65688010899183,32.43333333333333,23.917207255476747,32.18945270669939,6.066666666666667,16.5,10.700000000000005,6.5,4.6,28.0,12.061111111111112,,,,,,,,,,,
VE,VEN,2000,Venezuela,South America,0,0,0,0.994,MVR,Fifth Republic Movement,79.0,67.9,70.7,85.3,76.8,48.575,50.0,30.0,52.5,34.400000000000006,50.0,77.0,22.59468637748972,44.6,0.0,24.42571457975293,58.23837336360414,57.411197585235065,48.5498569829464,33.59734318874486,34.166666666666664,29.41285728987647,36.43168103205859,72.53333333333335,81.15,70.7,85.3,76.8,50.0,72.74722222222222,36.21309094586624,72.31073888888889,54.26191491737757,1.0,1.0,1.0,1.0,1.0,1.0,1.0,1.0
VE,VEN,2001,Venezuela,South America,0,0,0,0.994,MVR,Fifth Republic Movement,79.6,67.9,68.1,85.3,77.2,54.425,70.0,45.0,44.1,38.6,50.0,74.0,22.59468637748972,44.6,0.0,25.706775290052363,58.056890283784696,73.91857246602578,58.991820916603494,33.59734318874486,31.366666666666664,32.153387645026186,39.027304604260294,71.86666666666666,79.65,68.1,85.3,77.2,70.0,75.35277777777777,38.79314077663473,74.9006611111111,56.84690094387292,1.0,1.0,1.0,1.0,1.0,1.0,1.0,1.0
VE,VEN,2002,Venezuela,South America,0,0,0,0.994,MVR,Fifth Republic Movement,80.4,67.9,78.0,88.1,80.60000000000001,54.425,70.0,45.0,43.1,41.2,50.0,73.0,22.59468637748972,44.6,50.0,59.79225751731385,52.410046701982616,71.29357258523507,56.234539762405895,33.59734318874486,47.699999999999996,50.49612875865692,47.00700292745192,75.43333333333334,80.55,78.0,88.1,80.60000000000001,70.0,78.78055555555557,46.72496090988721,78.30787222222223,62.516416566054716,1.0,1.0,1.0,1.0,1.0,1.0,1.0,1.0
VE,VEN,2003,Venezuela,South America,0,0,0,0.994,MVR,Fifth Republic Movement,80.9,69.3,79.5,88.1,83.0,57.825,70.0,45.0,39.0,41.8,50.0,72.0,34.87738419618529,44.6,50.0,58.18728374052803,51.57671336864929,76.97898925190174,57.851900873517,39.73869209809264,46.333333333333336,49.993641870264014,48.47939204380175,76.56666666666666,80.05,79.5,88.1,83.0,70.0,79.53611111111111,48.18851569153894,79.05889444444445,63.62370506799169,1.0,1.0,1.0,1.0,1.0,1.0,1.0,1.0
VE,VEN,2004,Venezuela,South America,0,0,0,0.994,MVR,Fifth Republic Movement,85.4,83.5,81.1,88.1,88.2,57.95,70.0,45.0,42.9,42.0,70.0,75.0,39.4550408719346,52.24055803648935,50.0,45.33331273778309,51.64207284577347,81.8599416328541,59.50067149287586,45.84779945421197,54.300000000000004,43.666656368891545,50.82878182899485,83.33333333333333,81.55,81.1,88.1,88.2,70.0,82.04722222222222,50.52380913802088,81.55493888888888,66.03937401345488,1.0,1.0,1.0,1.0,1.0,1.0,1.0,1.0
VE,VEN,2005,Venezuela,South America,0,0,0,0.994,MVR,Fifth Republic Movement,92.6,95.7,93.2,88.1,94.5,57.95,70.0,45.0,48.1,37.6,70.0,76.0,42.26158038147139,56.12500000000001,50.0,46.09718132795612,51.6442460974114,77.50568477859726,58.04997695866955,49.193290190735695,56.03333333333333,41.84859066397806,51.28129778667916,93.83333333333333,82.05,93.2,88.1,94.5,70.0,86.94722222222221,50.97360999995909,86.42553888888888,68.69957444442399,1.0,1.0,1.0,1.0,1.0,1.0,1.0,1.0
VE,VEN,2006,Venezuela,South America,0,0,0,0.994,MVR,Fifth Republic Movement,92.5,96.0,96.1,88.1,94.9,59.35,70.0,51.1,46.1,37.0,70.0,77.0,42.26158038147139,52.075,50.0,46.35491771649968,59.37466675137049,83.74361584165541,64.73942753100863,47.168290190735696,55.36666666666667,41.677458858249835,52.237960811665204,94.86666666666667,82.55,96.1,88.1,94.9,70.0,87.75277777777778,51.92453304679521,87.22626111111111,69.57539707895316,1.0,1.0,1.0,1.0,1.0,1.0,1.0,1.0
VE,VEN,2007,Venezuela,South America,0,0,0,0.994,MVR,Fifth Republic Movement,93.5,96.0,96.1,93.5,95.5,65.4,70.0,49.6,42.4,38.8,60.0,77.0,42.26158038147139,53.72500000000001,50.0,64.84445749028146,61.86544362483357,83.59844756941268,65.02129706474875,47.9932901907357,50.800000000000004,51.82222874514073,53.9092040001563,95.2,85.25,96.1,93.5,95.5,70.0,89.25833333333333,53.58574877615536,88.72278333333333,71.15426605474434,1.0,1.0,1.0,1.0,1.0,1.0,1.0,1.0
VE,VEN,2008,Venezuela,South America,0,0,0,0.994,MVR,Fifth Republic Movement,93.4,96.0,96.1,93.3,95.6,65.69999999999999,90.0,48.35229023,39.42766858,45.4,60.0,77.0,42.26158038147139,53.72500000000001,50.0,66.01814350412275,63.74050295793754,82.58170392835375,64.89149903876375,47.9932901907357,49.80922286,55.70907175206138,54.60077096039021,95.16666666666667,85.15,96.1,93.3,95.6,90.0,92.55277777777776,54.27316633462787,91.9974611111111,73.13531372286948,1.0,1.0,1.0,1.0,1.0,1.0,1.0,1.0
VE,VEN,2009,Venezuela,South America,0,0,0,0.994,MVR,Fifth Republic Movement,94.1,96.2,96.1,94.8,96.1,69.175,95.0,49.18777284,46.3,40.4,70.0,80.0,42.26158038147139,53.72500000000001,100.0,67.52248364485006,54.46738981079764,81.38968356940104,61.681615406732895,47.9932901907357,72.10000000000001,53.96124182242502,58.93403685497341,95.46666666666665,87.4,96.1,94.8,96.1,95.0,94.14444444444445,58.580432633843564,93.57957777777777,76.08000520581066,1.0,1.0,1.0,1.0,1.0,1.0,1.0,1.0
VE,VEN,2010,Venezuela,South America,0,0,0,0.986,PSUV,United Socialist Party of Venezuela,94.7,95.7,96.2,95.8,96.1,65.75,100.0,49.7,52.3,42.8,80.0,81.0,42.26158038147139,53.72500000000001,100.0,68.00886042510703,61.65395136875932,81.37622796949938,64.24339311275291,47.9932901907357,77.43333333333334,55.404430212553514,61.26861171234386,95.53333333333335,88.4,96.2,95.8,96.1,100.0,95.33888888888889,60.410851148371044,94.00414444444445,77.20749779640775,1.0,1.0,1.0,1.0,1.0,1.0,1.0,1.0
VE,VEN,2011,Venezuela,South America,0,0,0,0.986,PSUV,United Socialist Party of Venezuela,94.8,95.7,96.7,95.8,96.5,65.75,95.0,52.2,53.0,38.8,80.0,81.0,42.26158038147139,53.72500000000001,100.0,68.33005381295831,61.80478800680403,80.6946559201776,64.89981464232721,47.9932901907357,77.66666666666667,53.565026906479154,61.03119960155219,95.73333333333333,88.4,96.7,95.8,96.5,95.0,94.68888888888888,60.17676280713046,93.36324444444443,76.77000362578744,1.0,1.0,1.0,1.0,1.0,1.0,1.0,1.0
VE,VEN,2012,Venezuela,South America,0,0,0,0.986,PSUV,United Socialist Party of Venezuela,94.8,95.7,96.7,95.8,96.5,67.375,95.0,52.7,53.6,41.2,80.0,80.0,42.26158038147139,53.72500000000001,100.0,69.82209942749571,62.02992977203701,86.30265501764826,67.01086159656175,47.9932901907357,77.86666666666666,55.51104971374786,62.09546704192799,95.73333333333333,87.9,96.7,95.8,96.5,95.0,94.60555555555555,61.226130503341,93.28107777777778,77.25360414055939,1.0,1.0,1.0,1.0,1.0,1.0,1.0,1.0
VE,VEN,2013,Venezuela,South America,0,0,0,0.986,PSUV,United Socialist Party of Venezuela,97.1,97.5,96.7,96.8,97.7,81.575,95.0,54.4,52.7,41.2,80.0,81.0,42.26158038147139,61.925,100.0,69.45273342694952,66.57113439208614,89.36871036529551,70.11328158579387,52.093290190735694,77.56666666666666,55.32636671347476,63.774901289167744,97.10000000000001,88.9,96.7,96.8,97.7,95.0,95.36666666666667,62.882052671119396,94.03153333333334,78.45679300222636,1.0,1.0,1.0,1.0,1.0,1.0,1.0,1.0
VE,VEN,2014,Venezuela,South America,0,0,0,0.986,PSUV,United Socialist Party of Venezuela,97.4,97.8,96.7,96.8,97.8,87.5,95.0,56.6,50.3,37.3,80.0,83.5,42.26158038147139,61.925,100.0,70.90101874996971,66.64865214959173,90.55558955793168,71.26808056917447,52.093290190735694,76.76666666666667,54.10050937498485,63.55713670039042,97.3,90.15,96.7,96.8,97.8,95.0,95.625,62.667336786584954,94.28625,78.47679339329247,1.0,1.0,1.0,1.0,1.0,1.0,1.0,1.0
VE,VEN,2015,Venezuela,South America,0,0,0,0.986,PSUV,United Socialist Party of Venezuela,97.5,97.9,83.4,96.8,96.7,92.75,95.0,58.4,57.2,37.2,80.0,80.0,42.26158038147139,61.925,100.0,69.65720025567062,66.37516826412383,90.2475393771808,71.67423588043488,52.093290190735694,79.06666666666666,53.42860012783531,64.06569821641814,92.93333333333334,88.4,83.4,96.8,96.7,95.0,92.20555555555556,63.168778441388284,90.91467777777778,77.04172810958303,1.0,1.0,1.0,1.0,1.0,1.0,1.0,1.0
VE,VEN,2016,Venezuela,South America,0,0,0,0.986,PSUV,United Socialist Party of Venezuela,97.9,98.0,64.4,97.3,96.6,92.75,95.0,54.7,66.2,36.8,90.0,81.0,42.26158038147139,61.925,100.0,70.0452519097704,66.41523748014728,89.16852127396547,70.09458625137091,52.093290190735694,85.39999999999999,53.4226259548852,65.25262559924795,86.76666666666667,89.15,64.4,97.3,96.6,95.0,88.20277777777778,64.33908884085848,86.9679388888889,75.65351386487369,1.0,1.0,1.0,1.0,1.0,1.0,1.0,1.0
VE,VEN,2017,Venezuela,South America,0,0,0,0.986,PSUV,United Socialist Party of Venezuela,98.5,97.7,67.69999999999999,97.3,96.9,96.25,93.2,60.3,83.2,39.3,90.0,88.4,42.26158038147139,69.925,100.0,70.67181512959783,67.98033740694444,93.1072845760488,73.79587399433109,56.093290190735694,91.06666666666666,54.985907564798914,68.98543460413309,87.96666666666665,92.85,67.69999999999999,97.3,96.9,93.2,89.31944444444446,68.01963851967523,88.06897222222223,78.04430537094873,1.0,1.0,1.0,1.0,1.0,1.0,1.0,1.0
VE,VEN,2018,Venezuela,South America,0,0,0,0.986,PSUV,United Socialist Party of Venezuela,99.0,98.6,77.6,97.3,97.8,98.35,94.8,64.6,100.0,41.3,90.0,92.5,42.26158038147139,74.775,100.0,48.11200371135758,77.65252484166666,92.38150582083333,78.21134355416666,58.5182901907357,96.66666666666667,44.70600185567879,69.52557556681195,91.73333333333333,94.9,77.6,97.3,97.8,94.8,92.35555555555555,68.55221750887658,91.06257777777778,79.80739764332718,1.0,1.0,1.0,1.0,1.0,1.0,1.0,1.0
VE,VEN,2019,Venezuela,South America,0,0,0,0.986,PSUV,United Socialist Party of Venezuela,99.1,98.8,76.5,97.3,98.1,95.475,92.4,66.1,100.0,40.0,90.0,92.1,42.26158038147139,74.775,100.0,71.26090824017744,77.65252484166666,93.92525582083331,79.2259268875,58.5182901907357,96.66666666666667,55.63045412008872,72.51033446624777,91.46666666666665,94.69999999999999,76.5,97.3,98.1,92.4,91.74444444444443,71.4951897837203,90.46002222222221,80.97760600297126,1.0,1.0,1.0,1.0,1.0,1.0,1.0,1.0
VE,VEN,2020,Venezuela,South America,0,0,0,,,,99.1,98.0,81.0,98.1,97.9,95.1,89.9,69.2,100.0,42.0,90.0,85.4,42.26158038147139,72.025,100.0,50.40936978949652,77.65252484166666,94.83150582083331,80.56134355416665,57.1432901907357,96.66666666666667,46.20468489474826,70.14399632657933,92.7,91.75,81.0,98.1,97.9,89.9,91.89166666666665,,,,,,,,,,,
